k_removed,run_1,run_2,run_3,run_4,run_5,run_6,run_7,run_8,run_9,run_10,run_11,run_12,run_13,run_14,run_15,run_16,run_17,run_18,run_19,run_20,run_21,run_22,run_23,run_24,run_25,run_26,run_27,run_28,run_29,run_30,run_31,run_32,run_33,run_34,run_35,run_36,run_37,run_38,run_39,run_40,run_41,run_42,run_43,run_44,run_45,run_46,run_47,run_48,run_49,run_50,run_51,run_52,run_53,run_54,run_55,run_56,run_57,run_58,run_59,run_60,run_61,run_62,run_63,run_64,run_65,run_66,run_67,run_68,run_69,run_70,run_71,run_72,run_73,run_74,run_75,run_76,run_77,run_78,run_79,run_80,run_81,run_82,run_83,run_84,run_85,run_86,run_87,run_88,run_89,run_90,run_91,run_92,run_93,run_94,run_95,run_96,run_97,run_98,run_99,run_100,targeted_static_degree,random_mean,random_sd
0,1.0,1.0,1.0,1.0,1.0,1.0,1.0,1.0,1.0,1.0,1.0,1.0,1.0,1.0,1.0,1.0,1.0,1.0,1.0,1.0,1.0,1.0,1.0,1.0,1.0,1.0,1.0,1.0,1.0,1.0,1.0,1.0,1.0,1.0,1.0,1.0,1.0,1.0,1.0,1.0,1.0,1.0,1.0,1.0,1.0,1.0,1.0,1.0,1.0,1.0,1.0,1.0,1.0,1.0,1.0,1.0,1.0,1.0,1.0,1.0,1.0,1.0,1.0,1.0,1.0,1.0,1.0,1.0,1.0,1.0,1.0,1.0,1.0,1.0,1.0,1.0,1.0,1.0,1.0,1.0,1.0,1.0,1.0,1.0,1.0,1.0,1.0,1.0,1.0,1.0,1.0,1.0,1.0,1.0,1.0,1.0,1.0,1.0,1.0,1.0,1.0,1.0,0.0
1,0.9814814814814815,0.9814814814814815,0.9814814814814815,0.9814814814814815,0.9814814814814815,0.9814814814814815,0.9814814814814815,0.9814814814814815,0.9629629629629629,0.9814814814814815,0.9814814814814815,0.9814814814814815,0.9814814814814815,0.9814814814814815,0.9814814814814815,0.9814814814814815,0.9814814814814815,0.9814814814814815,0.9814814814814815,0.9814814814814815,0.9814814814814815,0.9814814814814815,0.9814814814814815,0.9814814814814815,0.9814814814814815,0.9814814814814815,0.9814814814814815,0.9814814814814815,0.9814814814814815,0.9814814814814815,0.9814814814814815,0.9814814814814815,0.9814814814814815,0.9814814814814815,0.9814814814814815,0.9814814814814815,0.9814814814814815,0.9814814814814815,0.9814814814814815,0.9814814814814815,0.9814814814814815,0.9814814814814815,0.9814814814814815,0.9814814814814815,0.9814814814814815,0.9814814814814815,0.9814814814814815,0.9814814814814815,0.9814814814814815,0.9814814814814815,0.9814814814814815,0.9814814814814815,0.9814814814814815,0.9814814814814815,0.9814814814814815,0.9814814814814815,0.9814814814814815,0.9814814814814815,0.9814814814814815,0.9814814814814815,0.9814814814814815,0.9814814814814815,0.9814814814814815,0.9814814814814815,0.9814814814814815,0.9814814814814815,0.9814814814814815,0.9814814814814815,0.9814814814814815,0.9814814814814815,0.9814814814814815,0.9814814814814815,0.9814814814814815,0.9814814814814815,0.9814814814814815,0.9814814814814815,0.9814814814814815,0.9814814814814815,0.9814814814814815,0.9814814814814815,0.9814814814814815,0.9814814814814815,0.9814814814814815,0.9814814814814815,0.9814814814814815,0.9814814814814815,0.9814814814814815,0.9814814814814815,0.9814814814814815,0.9814814814814815,0.9814814814814815,0.9814814814814815,0.9814814814814815,0.9814814814814815,0.9814814814814815,0.9814814814814815,0.9814814814814815,0.9814814814814815,0.9814814814814815,0.9814814814814815,0.9814814814814815,0.9812962962962959,0.0018425693279752369
2,0.9629629629629629,0.9629629629629629,0.9629629629629629,0.9629629629629629,0.9629629629629629,0.9629629629629629,0.9629629629629629,0.9629629629629629,0.9444444444444444,0.9629629629629629,0.9629629629629629,0.9629629629629629,0.9629629629629629,0.9629629629629629,0.9629629629629629,0.9629629629629629,0.9629629629629629,0.9444444444444444,0.9629629629629629,0.9629629629629629,0.9629629629629629,0.9629629629629629,0.9629629629629629,0.9629629629629629,0.9629629629629629,0.9629629629629629,0.9629629629629629,0.9629629629629629,0.9444444444444444,0.9629629629629629,0.9629629629629629,0.9629629629629629,0.9629629629629629,0.9629629629629629,0.9629629629629629,0.9629629629629629,0.9629629629629629,0.9629629629629629,0.9629629629629629,0.9629629629629629,0.9629629629629629,0.9629629629629629,0.9629629629629629,0.9629629629629629,0.9629629629629629,0.9629629629629629,0.9629629629629629,0.9629629629629629,0.9629629629629629,0.9629629629629629,0.9629629629629629,0.9629629629629629,0.9629629629629629,0.9629629629629629,0.9629629629629629,0.9629629629629629,0.9629629629629629,0.9629629629629629,0.9629629629629629,0.9629629629629629,0.9629629629629629,0.9629629629629629,0.9629629629629629,0.9629629629629629,0.9629629629629629,0.9629629629629629,0.9629629629629629,0.9629629629629629,0.9629629629629629,0.9629629629629629,0.9629629629629629,0.9629629629629629,0.9629629629629629,0.9629629629629629,0.9629629629629629,0.9629629629629629,0.9629629629629629,0.9629629629629629,0.9629629629629629,0.9629629629629629,0.9629629629629629,0.9629629629629629,0.9629629629629629,0.9629629629629629,0.9629629629629629,0.9629629629629629,0.9629629629629629,0.9629629629629629,0.9629629629629629,0.9629629629629629,0.9629629629629629,0.9629629629629629,0.9629629629629629,0.9629629629629629,0.9629629629629629,0.9629629629629629,0.9629629629629629,0.9629629629629629,0.9629629629629629,0.9629629629629629,0.9629629629629629,0.9624074074074066,0.0031590226128207434
3,0.9444444444444444,0.9444444444444444,0.9444444444444444,0.9444444444444444,0.9444444444444444,0.9444444444444444,0.9444444444444444,0.9444444444444444,0.9259259259259259,0.9444444444444444,0.9444444444444444,0.9259259259259259,0.9444444444444444,0.9444444444444444,0.9444444444444444,0.9444444444444444,0.9444444444444444,0.9259259259259259,0.9444444444444444,0.9444444444444444,0.9444444444444444,0.9444444444444444,0.9259259259259259,0.9444444444444444,0.9444444444444444,0.9444444444444444,0.9444444444444444,0.9444444444444444,0.9259259259259259,0.9444444444444444,0.9444444444444444,0.9444444444444444,0.9444444444444444,0.9444444444444444,0.9444444444444444,0.9444444444444444,0.9444444444444444,0.9444444444444444,0.9444444444444444,0.9444444444444444,0.9444444444444444,0.9259259259259259,0.9444444444444444,0.9444444444444444,0.9444444444444444,0.9444444444444444,0.9444444444444444,0.9444444444444444,0.9444444444444444,0.9444444444444444,0.9444444444444444,0.9444444444444444,0.9259259259259259,0.9444444444444444,0.9444444444444444,0.9444444444444444,0.9444444444444444,0.9444444444444444,0.9444444444444444,0.9444444444444444,0.9444444444444444,0.9444444444444444,0.9444444444444444,0.9444444444444444,0.9444444444444444,0.9444444444444444,0.9444444444444444,0.9444444444444444,0.9444444444444444,0.9444444444444444,0.9444444444444444,0.9444444444444444,0.9444444444444444,0.9444444444444444,0.9444444444444444,0.9444444444444444,0.9444444444444444,0.9444444444444444,0.9444444444444444,0.9444444444444444,0.9444444444444444,0.9444444444444444,0.9444444444444444,0.9444444444444444,0.9444444444444444,0.9444444444444444,0.9444444444444444,0.9444444444444444,0.9259259259259259,0.9444444444444444,0.9444444444444444,0.9444444444444444,0.9444444444444444,0.9444444444444444,0.9444444444444444,0.9444444444444444,0.9444444444444444,0.9444444444444444,0.9444444444444444,0.9444444444444444,0.9444444444444444,0.9429629629629618,0.005023948135648337
4,0.9259259259259259,0.9259259259259259,0.9259259259259259,0.9259259259259259,0.9259259259259259,0.9259259259259259,0.9259259259259259,0.9259259259259259,0.9074074074074074,0.9259259259259259,0.9259259259259259,0.9074074074074074,0.9259259259259259,0.9259259259259259,0.9259259259259259,0.9259259259259259,0.9259259259259259,0.9074074074074074,0.9259259259259259,0.9259259259259259,0.9259259259259259,0.9259259259259259,0.9074074074074074,0.9259259259259259,0.9259259259259259,0.9259259259259259,0.9259259259259259,0.9259259259259259,0.9074074074074074,0.9259259259259259,0.9259259259259259,0.9074074074074074,0.9259259259259259,0.9259259259259259,0.9259259259259259,0.9074074074074074,0.9259259259259259,0.9259259259259259,0.9259259259259259,0.9259259259259259,0.9259259259259259,0.9074074074074074,0.9259259259259259,0.9259259259259259,0.9259259259259259,0.9259259259259259,0.9259259259259259,0.9259259259259259,0.9259259259259259,0.9074074074074074,0.9259259259259259,0.9259259259259259,0.9074074074074074,0.9259259259259259,0.9259259259259259,0.9259259259259259,0.9259259259259259,0.9259259259259259,0.9259259259259259,0.9259259259259259,0.9259259259259259,0.9259259259259259,0.9259259259259259,0.9259259259259259,0.9259259259259259,0.9259259259259259,0.9259259259259259,0.9259259259259259,0.9259259259259259,0.9259259259259259,0.9259259259259259,0.9259259259259259,0.9259259259259259,0.9259259259259259,0.9259259259259259,0.9259259259259259,0.9259259259259259,0.9259259259259259,0.9259259259259259,0.9259259259259259,0.9259259259259259,0.9259259259259259,0.9259259259259259,0.9259259259259259,0.9074074074074074,0.9259259259259259,0.9259259259259259,0.9259259259259259,0.9074074074074074,0.9259259259259259,0.9259259259259259,0.9259259259259259,0.9259259259259259,0.9259259259259259,0.9259259259259259,0.9259259259259259,0.9259259259259259,0.9259259259259259,0.9259259259259259,0.9074074074074074,0.9259259259259259,0.9235185185185173,0.006227841378074145
5,0.9074074074074074,0.9074074074074074,0.9074074074074074,0.9074074074074074,0.9074074074074074,0.9074074074074074,0.9074074074074074,0.9074074074074074,0.8888888888888888,0.9074074074074074,0.9074074074074074,0.8888888888888888,0.9074074074074074,0.9074074074074074,0.9074074074074074,0.9074074074074074,0.9074074074074074,0.8888888888888888,0.9074074074074074,0.9074074074074074,0.9074074074074074,0.9074074074074074,0.8888888888888888,0.9074074074074074,0.9074074074074074,0.9074074074074074,0.9074074074074074,0.9074074074074074,0.8888888888888888,0.9074074074074074,0.9074074074074074,0.8888888888888888,0.9074074074074074,0.9074074074074074,0.9074074074074074,0.8703703703703703,0.9074074074074074,0.9074074074074074,0.9074074074074074,0.9074074074074074,0.9074074074074074,0.8888888888888888,0.9074074074074074,0.9074074074074074,0.9074074074074074,0.9074074074074074,0.9074074074074074,0.9074074074074074,0.9074074074074074,0.8888888888888888,0.9074074074074074,0.9074074074074074,0.8888888888888888,0.9074074074074074,0.9074074074074074,0.9074074074074074,0.9074074074074074,0.9074074074074074,0.9074074074074074,0.9074074074074074,0.9074074074074074,0.9074074074074074,0.9074074074074074,0.9074074074074074,0.9074074074074074,0.9074074074074074,0.9074074074074074,0.9074074074074074,0.9074074074074074,0.9074074074074074,0.9074074074074074,0.9074074074074074,0.9074074074074074,0.9074074074074074,0.9074074074074074,0.9074074074074074,0.9074074074074074,0.9074074074074074,0.9074074074074074,0.9074074074074074,0.9074074074074074,0.9074074074074074,0.9074074074074074,0.9074074074074074,0.8888888888888888,0.9074074074074074,0.8888888888888888,0.9074074074074074,0.8888888888888888,0.9074074074074074,0.9074074074074074,0.9074074074074074,0.9074074074074074,0.9074074074074074,0.9074074074074074,0.9074074074074074,0.8888888888888888,0.9074074074074074,0.8888888888888888,0.8888888888888888,0.9074074074074074,0.9042592592592578,0.007432826755699838
6,0.8888888888888888,0.8703703703703703,0.8888888888888888,0.8888888888888888,0.8888888888888888,0.8888888888888888,0.8888888888888888,0.8703703703703703,0.8888888888888888,0.8888888888888888,0.8888888888888888,0.8703703703703703,0.8888888888888888,0.8888888888888888,0.8888888888888888,0.8888888888888888,0.8888888888888888,0.8703703703703703,0.8703703703703703,0.8888888888888888,0.8888888888888888,0.8888888888888888,0.8703703703703703,0.8888888888888888,0.8888888888888888,0.8888888888888888,0.8888888888888888,0.8888888888888888,0.8703703703703703,0.8888888888888888,0.8888888888888888,0.8703703703703703,0.8888888888888888,0.8888888888888888,0.8888888888888888,0.8518518518518519,0.8888888888888888,0.8888888888888888,0.8888888888888888,0.8888888888888888,0.8888888888888888,0.8703703703703703,0.8888888888888888,0.8703703703703703,0.8888888888888888,0.8888888888888888,0.8888888888888888,0.8888888888888888,0.8888888888888888,0.8703703703703703,0.8888888888888888,0.8888888888888888,0.8703703703703703,0.8888888888888888,0.8888888888888888,0.8888888888888888,0.8888888888888888,0.8888888888888888,0.8888888888888888,0.8888888888888888,0.8888888888888888,0.8888888888888888,0.8888888888888888,0.8888888888888888,0.8888888888888888,0.8888888888888888,0.8703703703703703,0.8888888888888888,0.8888888888888888,0.8888888888888888,0.8888888888888888,0.8888888888888888,0.8888888888888888,0.8888888888888888,0.8888888888888888,0.8888888888888888,0.8888888888888888,0.8888888888888888,0.8888888888888888,0.8888888888888888,0.8888888888888888,0.8888888888888888,0.8888888888888888,0.8888888888888888,0.8703703703703703,0.8888888888888888,0.8703703703703703,0.8888888888888888,0.8888888888888888,0.8888888888888888,0.8888888888888888,0.8888888888888888,0.8888888888888888,0.8888888888888888,0.8888888888888888,0.8888888888888888,0.8703703703703703,0.8888888888888888,0.8518518518518519,0.8703703703703703,0.8888888888888888,0.8849999999999985,0.008403000966324745
7,0.8703703703703703,0.8518518518518519,0.8703703703703703,0.8703703703703703,0.8703703703703703,0.8703703703703703,0.8703703703703703,0.8333333333333334,0.8703703703703703,0.8703703703703703,0.8703703703703703,0.8518518518518519,0.8703703703703703,0.8703703703703703,0.8703703703703703,0.8703703703703703,0.8703703703703703,0.8518518518518519,0.8518518518518519,0.8703703703703703,0.8703703703703703,0.8703703703703703,0.8703703703703703,0.8703703703703703,0.8703703703703703,0.8703703703703703,0.8703703703703703,0.8703703703703703,0.8518518518518519,0.8703703703703703,0.8703703703703703,0.8518518518518519,0.8703703703703703,0.8703703703703703,0.8703703703703703,0.8333333333333334,0.8703703703703703,0.8703703703703703,0.8703703703703703,0.8703703703703703,0.8703703703703703,0.8518518518518519,0.8703703703703703,0.8518518518518519,0.8703703703703703,0.8703703703703703,0.8703703703703703,0.8703703703703703,0.8703703703703703,0.8518518518518519,0.8703703703703703,0.8703703703703703,0.8703703703703703,0.8703703703703703,0.8703703703703703,0.8703703703703703,0.8703703703703703,0.8703703703703703,0.8703703703703703,0.8703703703703703,0.8703703703703703,0.8703703703703703,0.8703703703703703,0.8703703703703703,0.8703703703703703,0.8703703703703703,0.8518518518518519,0.8703703703703703,0.8703703703703703,0.8518518518518519,0.8703703703703703,0.8703703703703703,0.8703703703703703,0.8703703703703703,0.8703703703703703,0.8703703703703703,0.8703703703703703,0.8703703703703703,0.8703703703703703,0.8703703703703703,0.8703703703703703,0.8703703703703703,0.8703703703703703,0.8703703703703703,0.8518518518518519,0.8703703703703703,0.8703703703703703,0.8703703703703703,0.8703703703703703,0.8703703703703703,0.8703703703703703,0.8703703703703703,0.8703703703703703,0.8703703703703703,0.8703703703703703,0.8703703703703703,0.8518518518518519,0.8703703703703703,0.8333333333333334,0.8518518518518519,0.8703703703703703,0.8666666666666668,0.008685955110784122
8,0.8518518518518519,0.8518518518518519,0.8518518518518519,0.8518518518518519,0.8518518518518519,0.8518518518518519,0.8518518518518519,0.8148148148148148,0.8518518518518519,0.8518518518518519,0.8518518518518519,0.8333333333333334,0.8518518518518519,0.8518518518518519,0.8518518518518519,0.8518518518518519,0.8518518518518519,0.8333333333333334,0.8333333333333334,0.8518518518518519,0.8518518518518519,0.8518518518518519,0.8518518518518519,0.8518518518518519,0.8518518518518519,0.8518518518518519,0.8518518518518519,0.8518518518518519,0.8333333333333334,0.8518518518518519,0.8518518518518519,0.8333333333333334,0.8518518518518519,0.8518518518518519,0.8518518518518519,0.8148148148148148,0.8518518518518519,0.8333333333333334,0.8518518518518519,0.8518518518518519,0.8518518518518519,0.8333333333333334,0.8518518518518519,0.8333333333333334,0.8518518518518519,0.8518518518518519,0.8518518518518519,0.8518518518518519,0.8518518518518519,0.8333333333333334,0.8518518518518519,0.8518518518518519,0.8518518518518519,0.8518518518518519,0.8518518518518519,0.8518518518518519,0.8518518518518519,0.8518518518518519,0.8518518518518519,0.8518518518518519,0.8518518518518519,0.8518518518518519,0.8333333333333334,0.8518518518518519,0.8518518518518519,0.8518518518518519,0.8333333333333334,0.8518518518518519,0.8518518518518519,0.8333333333333334,0.8518518518518519,0.8518518518518519,0.8518518518518519,0.8518518518518519,0.8518518518518519,0.8518518518518519,0.8518518518518519,0.8518518518518519,0.8518518518518519,0.8518518518518519,0.8518518518518519,0.8518518518518519,0.8518518518518519,0.8518518518518519,0.8518518518518519,0.8518518518518519,0.8518518518518519,0.8518518518518519,0.8518518518518519,0.8518518518518519,0.8518518518518519,0.8518518518518519,0.8518518518518519,0.8518518518518519,0.8518518518518519,0.8518518518518519,0.8333333333333334,0.8518518518518519,0.8148148148148148,0.8333333333333334,0.8518518518518519,0.848148148148148,0.00868595511078414
9,0.8333333333333334,0.8333333333333334,0.8333333333333334,0.8333333333333334,0.8333333333333334,0.8333333333333334,0.8333333333333334,0.7962962962962963,0.8333333333333334,0.8333333333333334,0.7777777777777778,0.8148148148148148,0.8333333333333334,0.8333333333333334,0.8333333333333334,0.8333333333333334,0.8333333333333334,0.8148148148148148,0.8148148148148148,0.8333333333333334,0.8333333333333334,0.8333333333333334,0.8333333333333334,0.8333333333333334,0.8333333333333334,0.8333333333333334,0.8333333333333334,0.8333333333333334,0.8148148148148148,0.8333333333333334,0.8333333333333334,0.8148148148148148,0.8333333333333334,0.8333333333333334,0.8333333333333334,0.8148148148148148,0.8333333333333334,0.8148148148148148,0.8333333333333334,0.8333333333333334,0.8333333333333334,0.8148148148148148,0.8333333333333334,0.8148148148148148,0.8333333333333334,0.8333333333333334,0.8333333333333334,0.8333333333333334,0.8333333333333334,0.8148148148148148,0.8333333333333334,0.8333333333333334,0.8333333333333334,0.8333333333333334,0.8333333333333334,0.8333333333333334,0.8333333333333334,0.8333333333333334,0.8333333333333334,0.8333333333333334,0.8333333333333334,0.8333333333333334,0.8148148148148148,0.8333333333333334,0.8333333333333334,0.8333333333333334,0.8148148148148148,0.8333333333333334,0.8333333333333334,0.8148148148148148,0.8333333333333334,0.8333333333333334,0.8333333333333334,0.8333333333333334,0.8333333333333334,0.8333333333333334,0.8333333333333334,0.8333333333333334,0.8333333333333334,0.8333333333333334,0.8333333333333334,0.8333333333333334,0.8333333333333334,0.8333333333333334,0.8333333333333334,0.8333333333333334,0.8333333333333334,0.8333333333333334,0.8333333333333334,0.8333333333333334,0.8333333333333334,0.8333333333333334,0.8333333333333334,0.8333333333333334,0.8333333333333334,0.8333333333333334,0.8148148148148148,0.8333333333333334,0.7962962962962963,0.8148148148148148,0.8333333333333334,0.8292592592592588,0.009650973496885496
10,0.8148148148148148,0.8148148148148148,0.7962962962962963,0.8148148148148148,0.8148148148148148,0.8148148148148148,0.8148148148148148,0.7777777777777778,0.8148148148148148,0.8148148148148148,0.7592592592592593,0.7962962962962963,0.8148148148148148,0.8148148148148148,0.8148148148148148,0.8148148148148148,0.8148148148148148,0.7962962962962963,0.7962962962962963,0.8148148148148148,0.8148148148148148,0.8148148148148148,0.8148148148148148,0.8148148148148148,0.8148148148148148,0.8148148148148148,0.8148148148148148,0.8148148148148148,0.7962962962962963,0.8148148148148148,0.8148148148148148,0.7962962962962963,0.8148148148148148,0.8148148148148148,0.8148148148148148,0.7962962962962963,0.8148148148148148,0.7962962962962963,0.8148148148148148,0.8148148148148148,0.8148148148148148,0.7962962962962963,0.8148148148148148,0.8148148148148148,0.8148148148148148,0.8148148148148148,0.8148148148148148,0.8148148148148148,0.8148148148148148,0.7962962962962963,0.8148148148148148,0.8148148148148148,0.8148148148148148,0.8148148148148148,0.8148148148148148,0.8148148148148148,0.8148148148148148,0.8148148148148148,0.8148148148148148,0.8148148148148148,0.8148148148148148,0.8148148148148148,0.7962962962962963,0.8148148148148148,0.8148148148148148,0.8148148148148148,0.7962962962962963,0.8148148148148148,0.8148148148148148,0.7962962962962963,0.8148148148148148,0.8148148148148148,0.8148148148148148,0.8148148148148148,0.8148148148148148,0.8148148148148148,0.8148148148148148,0.8148148148148148,0.8148148148148148,0.8148148148148148,0.8148148148148148,0.8148148148148148,0.8148148148148148,0.8148148148148148,0.8148148148148148,0.8148148148148148,0.8148148148148148,0.8148148148148148,0.8148148148148148,0.8148148148148148,0.8148148148148148,0.8148148148148148,0.8148148148148148,0.8148148148148148,0.8148148148148148,0.8148148148148148,0.7777777777777778,0.8148148148148148,0.7777777777777778,0.7962962962962963,0.8148148148148148,0.8105555555555548,0.010093866722156772
11,0.7962962962962963,0.7962962962962963,0.7777777777777778,0.7962962962962963,0.7962962962962963,0.7962962962962963,0.7962962962962963,0.7592592592592593,0.7962962962962963,0.7962962962962963,0.7407407407407407,0.7777777777777778,0.7962962962962963,0.7962962962962963,0.7962962962962963,0.7962962962962963,0.7962962962962963,0.7777777777777778,0.7962962962962963,0.7962962962962963,0.7962962962962963,0.7962962962962963,0.7962962962962963,0.7962962962962963,0.7962962962962963,0.7962962962962963,0.7962962962962963,0.7962962962962963,0.7777777777777778,0.7962962962962963,0.7962962962962963,0.7777777777777778,0.7962962962962963,0.7962962962962963,0.7962962962962963,0.7777777777777778,0.7962962962962963,0.7777777777777778,0.7962962962962963,0.7962962962962963,0.7962962962962963,0.7777777777777778,0.7962962962962963,0.7962962962962963,0.7962962962962963,0.7962962962962963,0.7962962962962963,0.7962962962962963,0.7962962962962963,0.7777777777777778,0.7962962962962963,0.7962962962962963,0.7962962962962963,0.7962962962962963,0.7962962962962963,0.7962962962962963,0.7962962962962963,0.7962962962962963,0.7962962962962963,0.7962962962962963,0.7962962962962963,0.7962962962962963,0.7777777777777778,0.7962962962962963,0.7962962962962963,0.7962962962962963,0.7777777777777778,0.7777777777777778,0.7962962962962963,0.7777777777777778,0.7962962962962963,0.7962962962962963,0.7962962962962963,0.7962962962962963,0.7962962962962963,0.7962962962962963,0.7962962962962963,0.7962962962962963,0.7962962962962963,0.7962962962962963,0.7962962962962963,0.7962962962962963,0.7962962962962963,0.7962962962962963,0.7962962962962963,0.7962962962962963,0.7962962962962963,0.7962962962962963,0.7962962962962963,0.7777777777777778,0.7962962962962963,0.7962962962962963,0.7962962962962963,0.7962962962962963,0.7962962962962963,0.7962962962962963,0.7592592592592593,0.7962962962962963,0.7592592592592593,0.7777777777777778,0.7962962962962963,0.7918518518518514,0.01018350154434631
12,0.7777777777777778,0.7777777777777778,0.7592592592592593,0.7777777777777778,0.7777777777777778,0.7777777777777778,0.7777777777777778,0.7407407407407407,0.7777777777777778,0.7777777777777778,0.7222222222222222,0.7592592592592593,0.7777777777777778,0.7777777777777778,0.7777777777777778,0.7777777777777778,0.7777777777777778,0.7592592592592593,0.7777777777777778,0.7777777777777778,0.7777777777777778,0.7777777777777778,0.7777777777777778,0.7777777777777778,0.7777777777777778,0.7777777777777778,0.7777777777777778,0.7777777777777778,0.7777777777777778,0.7777777777777778,0.7777777777777778,0.7592592592592593,0.7777777777777778,0.7777777777777778,0.7777777777777778,0.7592592592592593,0.7777777777777778,0.7592592592592593,0.7777777777777778,0.7777777777777778,0.7777777777777778,0.7592592592592593,0.7592592592592593,0.7777777777777778,0.7777777777777778,0.7777777777777778,0.7777777777777778,0.7777777777777778,0.7777777777777778,0.7592592592592593,0.7777777777777778,0.7777777777777778,0.7777777777777778,0.7777777777777778,0.7777777777777778,0.7777777777777778,0.7777777777777778,0.7777777777777778,0.7777777777777778,0.7777777777777778,0.7777777777777778,0.7777777777777778,0.7592592592592593,0.7777777777777778,0.7777777777777778,0.7777777777777778,0.7592592592592593,0.7592592592592593,0.7777777777777778,0.7592592592592593,0.7592592592592593,0.7777777777777778,0.7777777777777778,0.7777777777777778,0.7777777777777778,0.7777777777777778,0.7777777777777778,0.7777777777777778,0.7777777777777778,0.7777777777777778,0.7777777777777778,0.7777777777777778,0.7777777777777778,0.7777777777777778,0.7777777777777778,0.7777777777777778,0.7777777777777778,0.7777777777777778,0.7777777777777778,0.7592592592592593,0.7777777777777778,0.7777777777777778,0.7777777777777778,0.7777777777777778,0.7777777777777778,0.7777777777777778,0.7407407407407407,0.7777777777777778,0.7407407407407407,0.7592592592592593,0.7777777777777778,0.7731481481481478,0.010269015283712433
13,0.7592592592592593,0.7592592592592593,0.7407407407407407,0.7592592592592593,0.7407407407407407,0.7592592592592593,0.7592592592592593,0.7222222222222222,0.7592592592592593,0.7592592592592593,0.7037037037037037,0.7407407407407407,0.7592592592592593,0.7592592592592593,0.7592592592592593,0.7592592592592593,0.7592592592592593,0.7407407407407407,0.7407407407407407,0.7592592592592593,0.7592592592592593,0.7592592592592593,0.7592592592592593,0.7592592592592593,0.7592592592592593,0.7592592592592593,0.7592592592592593,0.7407407407407407,0.7592592592592593,0.7592592592592593,0.7592592592592593,0.7222222222222222,0.7592592592592593,0.7592592592592593,0.7592592592592593,0.7407407407407407,0.7592592592592593,0.7407407407407407,0.7592592592592593,0.7592592592592593,0.7592592592592593,0.7407407407407407,0.7407407407407407,0.7592592592592593,0.7592592592592593,0.7592592592592593,0.7592592592592593,0.7592592592592593,0.7407407407407407,0.7407407407407407,0.7592592592592593,0.7592592592592593,0.7592592592592593,0.7592592592592593,0.7592592592592593,0.7592592592592593,0.7592592592592593,0.7592592592592593,0.7592592592592593,0.7592592592592593,0.7592592592592593,0.7592592592592593,0.7407407407407407,0.7592592592592593,0.7592592592592593,0.7592592592592593,0.7407407407407407,0.7407407407407407,0.7592592592592593,0.7407407407407407,0.7407407407407407,0.7592592592592593,0.7592592592592593,0.7592592592592593,0.7592592592592593,0.7592592592592593,0.7592592592592593,0.7592592592592593,0.7592592592592593,0.7592592592592593,0.7592592592592593,0.7592592592592593,0.7592592592592593,0.7592592592592593,0.7407407407407407,0.7592592592592593,0.7592592592592593,0.7592592592592593,0.7592592592592593,0.7407407407407407,0.7407407407407407,0.7592592592592593,0.7592592592592593,0.7592592592592593,0.7592592592592593,0.7592592592592593,0.7222222222222222,0.7592592592592593,0.7222222222222222,0.7407407407407407,0.7592592592592593,0.7533333333333332,0.011074012139056365
14,0.7407407407407407,0.7407407407407407,0.7222222222222222,0.7407407407407407,0.7222222222222222,0.7407407407407407,0.7407407407407407,0.7222222222222222,0.7407407407407407,0.7407407407407407,0.6851851851851852,0.7222222222222222,0.7407407407407407,0.7407407407407407,0.7407407407407407,0.7407407407407407,0.7407407407407407,0.7222222222222222,0.7222222222222222,0.7407407407407407,0.7407407407407407,0.7407407407407407,0.7222222222222222,0.7407407407407407,0.7407407407407407,0.7407407407407407,0.7407407407407407,0.7222222222222222,0.7407407407407407,0.7407407407407407,0.7407407407407407,0.7037037037037037,0.7407407407407407,0.7407407407407407,0.7407407407407407,0.7222222222222222,0.7407407407407407,0.7222222222222222,0.7407407407407407,0.7407407407407407,0.7407407407407407,0.7222222222222222,0.7222222222222222,0.7407407407407407,0.7407407407407407,0.7222222222222222,0.7407407407407407,0.7407407407407407,0.7222222222222222,0.7222222222222222,0.7407407407407407,0.7407407407407407,0.7407407407407407,0.7407407407407407,0.7407407407407407,0.7407407407407407,0.7407407407407407,0.7407407407407407,0.7407407407407407,0.7407407407407407,0.7407407407407407,0.7222222222222222,0.7222222222222222,0.7407407407407407,0.7407407407407407,0.7407407407407407,0.7222222222222222,0.7222222222222222,0.7407407407407407,0.7222222222222222,0.7222222222222222,0.7407407407407407,0.7407407407407407,0.7407407407407407,0.7407407407407407,0.7407407407407407,0.7407407407407407,0.7407407407407407,0.7407407407407407,0.7407407407407407,0.7407407407407407,0.7407407407407407,0.7407407407407407,0.7407407407407407,0.7222222222222222,0.7407407407407407,0.7407407407407407,0.7222222222222222,0.7407407407407407,0.7407407407407407,0.7222222222222222,0.7407407407407407,0.7407407407407407,0.7407407407407407,0.7407407407407407,0.7407407407407407,0.7037037037037037,0.7407407407407407,0.6851851851851852,0.7037037037037037,0.7407407407407407,0.7340740740740747,0.011863420280034767
15,0.7222222222222222,0.7222222222222222,0.7037037037037037,0.7222222222222222,0.7037037037037037,0.7222222222222222,0.7222222222222222,0.7037037037037037,0.7222222222222222,0.7222222222222222,0.6666666666666666,0.7037037037037037,0.7222222222222222,0.7222222222222222,0.7222222222222222,0.7222222222222222,0.7222222222222222,0.7222222222222222,0.7037037037037037,0.7222222222222222,0.7222222222222222,0.7222222222222222,0.7037037037037037,0.7222222222222222,0.7222222222222222,0.7037037037037037,0.7222222222222222,0.7037037037037037,0.7222222222222222,0.7222222222222222,0.7222222222222222,0.7037037037037037,0.7222222222222222,0.7222222222222222,0.7222222222222222,0.7037037037037037,0.7222222222222222,0.7037037037037037,0.7222222222222222,0.7222222222222222,0.7222222222222222,0.6851851851851852,0.7037037037037037,0.7222222222222222,0.7222222222222222,0.7037037037037037,0.7222222222222222,0.7222222222222222,0.7037037037037037,0.7037037037037037,0.7222222222222222,0.7222222222222222,0.7222222222222222,0.7222222222222222,0.7222222222222222,0.7222222222222222,0.7222222222222222,0.7222222222222222,0.7222222222222222,0.7222222222222222,0.7222222222222222,0.7037037037037037,0.7037037037037037,0.7222222222222222,0.7222222222222222,0.7222222222222222,0.7037037037037037,0.7037037037037037,0.7222222222222222,0.7037037037037037,0.7037037037037037,0.7222222222222222,0.7222222222222222,0.7222222222222222,0.7222222222222222,0.7222222222222222,0.7222222222222222,0.7222222222222222,0.7222222222222222,0.7222222222222222,0.7222222222222222,0.7222222222222222,0.7222222222222222,0.7222222222222222,0.7037037037037037,0.7222222222222222,0.7222222222222222,0.7037037037037037,0.7222222222222222,0.7222222222222222,0.7037037037037037,0.7222222222222222,0.7222222222222222,0.7222222222222222,0.7222222222222222,0.7222222222222222,0.6851851851851852,0.7222222222222222,0.6666666666666666,0.6851851851851852,0.7222222222222222,0.7155555555555556,0.011863420280034785
16,0.7037037037037037,0.7037037037037037,0.6851851851851852,0.7037037037037037,0.6851851851851852,0.7037037037037037,0.7037037037037037,0.6851851851851852,0.7037037037037037,0.7037037037037037,0.6481481481481481,0.6851851851851852,0.7037037037037037,0.7037037037037037,0.7037037037037037,0.7037037037037037,0.7037037037037037,0.7037037037037037,0.6851851851851852,0.7037037037037037,0.7037037037037037,0.7037037037037037,0.6851851851851852,0.7037037037037037,0.7037037037037037,0.6851851851851852,0.7037037037037037,0.6851851851851852,0.7037037037037037,0.7037037037037037,0.7037037037037037,0.6851851851851852,0.7037037037037037,0.7037037037037037,0.7037037037037037,0.6851851851851852,0.7037037037037037,0.6666666666666666,0.7037037037037037,0.7037037037037037,0.7037037037037037,0.6666666666666666,0.6851851851851852,0.7037037037037037,0.7037037037037037,0.6851851851851852,0.7037037037037037,0.7037037037037037,0.6851851851851852,0.6851851851851852,0.7037037037037037,0.7037037037037037,0.7037037037037037,0.7037037037037037,0.7037037037037037,0.7037037037037037,0.6851851851851852,0.7037037037037037,0.7037037037037037,0.7037037037037037,0.7037037037037037,0.6851851851851852,0.6851851851851852,0.7037037037037037,0.7037037037037037,0.7037037037037037,0.6851851851851852,0.6851851851851852,0.7037037037037037,0.6851851851851852,0.6851851851851852,0.7037037037037037,0.6666666666666666,0.7037037037037037,0.7037037037037037,0.7037037037037037,0.7037037037037037,0.7037037037037037,0.7037037037037037,0.7037037037037037,0.7037037037037037,0.6851851851851852,0.7037037037037037,0.7037037037037037,0.6851851851851852,0.7037037037037037,0.7037037037037037,0.6851851851851852,0.7037037037037037,0.7037037037037037,0.6851851851851852,0.7037037037037037,0.7037037037037037,0.7037037037037037,0.7037037037037037,0.7037037037037037,0.6666666666666666,0.7037037037037037,0.6481481481481481,0.6666666666666666,0.7037037037037037,0.6961111111111109,0.01258578247225645
17,0.6851851851851852,0.6851851851851852,0.6666666666666666,0.6851851851851852,0.6666666666666666,0.6851851851851852,0.6851851851851852,0.6666666666666666,0.6851851851851852,0.6851851851851852,0.6296296296296297,0.6666666666666666,0.6851851851851852,0.6851851851851852,0.6851851851851852,0.6851851851851852,0.6851851851851852,0.6851851851851852,0.6666666666666666,0.6851851851851852,0.6851851851851852,0.6851851851851852,0.6666666666666666,0.6851851851851852,0.6851851851851852,0.6666666666666666,0.6851851851851852,0.6666666666666666,0.6851851851851852,0.6851851851851852,0.6851851851851852,0.6666666666666666,0.6851851851851852,0.6851851851851852,0.6851851851851852,0.6666666666666666,0.6851851851851852,0.6481481481481481,0.6851851851851852,0.6851851851851852,0.6851851851851852,0.6481481481481481,0.6666666666666666,0.6851851851851852,0.6851851851851852,0.6481481481481481,0.6851851851851852,0.6851851851851852,0.6666666666666666,0.6666666666666666,0.6851851851851852,0.6851851851851852,0.6851851851851852,0.6851851851851852,0.6851851851851852,0.6851851851851852,0.6666666666666666,0.6851851851851852,0.6851851851851852,0.6851851851851852,0.6851851851851852,0.6666666666666666,0.6666666666666666,0.6851851851851852,0.6851851851851852,0.6851851851851852,0.6666666666666666,0.6666666666666666,0.6851851851851852,0.6666666666666666,0.6666666666666666,0.6851851851851852,0.6481481481481481,0.6851851851851852,0.6481481481481481,0.6851851851851852,0.6851851851851852,0.6851851851851852,0.6851851851851852,0.6851851851851852,0.6851851851851852,0.6666666666666666,0.6851851851851852,0.6851851851851852,0.6666666666666666,0.6851851851851852,0.6851851851851852,0.6666666666666666,0.6851851851851852,0.6851851851851852,0.6666666666666666,0.6851851851851852,0.6851851851851852,0.6851851851851852,0.6851851851851852,0.6851851851851852,0.6481481481481481,0.6851851851851852,0.6296296296296297,0.6481481481481481,0.6851851851851852,0.6770370370370367,0.0131781087960424
18,0.6666666666666666,0.6666666666666666,0.6481481481481481,0.6666666666666666,0.6481481481481481,0.6666666666666666,0.6666666666666666,0.6296296296296297,0.6666666666666666,0.6666666666666666,0.6111111111111112,0.6481481481481481,0.6666666666666666,0.6666666666666666,0.6666666666666666,0.6666666666666666,0.6666666666666666,0.6666666666666666,0.6481481481481481,0.6666666666666666,0.6666666666666666,0.6666666666666666,0.6481481481481481,0.6666666666666666,0.6666666666666666,0.6481481481481481,0.6666666666666666,0.6481481481481481,0.6666666666666666,0.6666666666666666,0.6666666666666666,0.6481481481481481,0.6666666666666666,0.6666666666666666,0.6666666666666666,0.6481481481481481,0.6666666666666666,0.6296296296296297,0.6481481481481481,0.6666666666666666,0.6666666666666666,0.6296296296296297,0.6481481481481481,0.6666666666666666,0.6666666666666666,0.6296296296296297,0.6666666666666666,0.6666666666666666,0.6481481481481481,0.6296296296296297,0.6666666666666666,0.6666666666666666,0.6666666666666666,0.6666666666666666,0.6666666666666666,0.6666666666666666,0.6481481481481481,0.6666666666666666,0.6666666666666666,0.6666666666666666,0.6666666666666666,0.6481481481481481,0.6481481481481481,0.6666666666666666,0.6666666666666666,0.6666666666666666,0.6481481481481481,0.6481481481481481,0.6666666666666666,0.6481481481481481,0.6481481481481481,0.6666666666666666,0.6296296296296297,0.6666666666666666,0.6111111111111112,0.6666666666666666,0.6666666666666666,0.6666666666666666,0.6666666666666666,0.6666666666666666,0.6666666666666666,0.6481481481481481,0.6666666666666666,0.6481481481481481,0.6481481481481481,0.6666666666666666,0.6666666666666666,0.6481481481481481,0.6666666666666666,0.6666666666666666,0.6481481481481481,0.6666666666666666,0.6666666666666666,0.6666666666666666,0.6666666666666666,0.6481481481481481,0.6296296296296297,0.6666666666666666,0.6111111111111112,0.6481481481481481,0.6666666666666666,0.6575925925925916,0.013979948407486837
19,0.6481481481481481,0.6481481481481481,0.6296296296296297,0.6481481481481481,0.6296296296296297,0.6481481481481481,0.6481481481481481,0.6111111111111112,0.6481481481481481,0.6481481481481481,0.5925925925925926,0.6296296296296297,0.6481481481481481,0.6481481481481481,0.6481481481481481,0.6481481481481481,0.6481481481481481,0.6481481481481481,0.6296296296296297,0.6481481481481481,0.6481481481481481,0.6296296296296297,0.6296296296296297,0.6481481481481481,0.6481481481481481,0.6296296296296297,0.6481481481481481,0.6296296296296297,0.6481481481481481,0.6481481481481481,0.6481481481481481,0.6296296296296297,0.6481481481481481,0.6481481481481481,0.6481481481481481,0.6296296296296297,0.6481481481481481,0.6111111111111112,0.6296296296296297,0.6481481481481481,0.6481481481481481,0.6111111111111112,0.6296296296296297,0.6481481481481481,0.6481481481481481,0.6111111111111112,0.6481481481481481,0.6481481481481481,0.6296296296296297,0.5925925925925926,0.6481481481481481,0.6481481481481481,0.6481481481481481,0.6481481481481481,0.6481481481481481,0.6481481481481481,0.6296296296296297,0.6481481481481481,0.6481481481481481,0.6296296296296297,0.6481481481481481,0.6296296296296297,0.6296296296296297,0.6481481481481481,0.6481481481481481,0.6481481481481481,0.6296296296296297,0.6296296296296297,0.6481481481481481,0.6296296296296297,0.6296296296296297,0.6481481481481481,0.6111111111111112,0.6481481481481481,0.5925925925925926,0.6481481481481481,0.6481481481481481,0.6481481481481481,0.6481481481481481,0.6481481481481481,0.6481481481481481,0.6296296296296297,0.6481481481481481,0.6296296296296297,0.6296296296296297,0.6296296296296297,0.6481481481481481,0.6296296296296297,0.6481481481481481,0.6481481481481481,0.6296296296296297,0.6481481481481481,0.6481481481481481,0.6481481481481481,0.6481481481481481,0.6296296296296297,0.6111111111111112,0.6481481481481481,0.6111111111111112,0.6296296296296297,0.6481481481481481,0.6385185185185174,0.013976268343787554
20,0.6296296296296297,0.6296296296296297,0.6111111111111112,0.6296296296296297,0.6111111111111112,0.6296296296296297,0.6296296296296297,0.5555555555555556,0.6296296296296297,0.6111111111111112,0.5740740740740741,0.6296296296296297,0.6296296296296297,0.6296296296296297,0.6111111111111112,0.6296296296296297,0.6296296296296297,0.6296296296296297,0.6296296296296297,0.6296296296296297,0.6296296296296297,0.6111111111111112,0.6111111111111112,0.6296296296296297,0.6296296296296297,0.6111111111111112,0.6296296296296297,0.6111111111111112,0.6296296296296297,0.6296296296296297,0.6296296296296297,0.6111111111111112,0.6296296296296297,0.6296296296296297,0.6296296296296297,0.6111111111111112,0.6296296296296297,0.5925925925925926,0.6111111111111112,0.6296296296296297,0.6296296296296297,0.5925925925925926,0.6111111111111112,0.6296296296296297,0.6296296296296297,0.5925925925925926,0.6296296296296297,0.6296296296296297,0.6111111111111112,0.5740740740740741,0.6296296296296297,0.6296296296296297,0.6296296296296297,0.6296296296296297,0.6296296296296297,0.6296296296296297,0.6111111111111112,0.6296296296296297,0.6296296296296297,0.6111111111111112,0.6296296296296297,0.6111111111111112,0.6111111111111112,0.6111111111111112,0.6296296296296297,0.6296296296296297,0.6111111111111112,0.6111111111111112,0.6296296296296297,0.6111111111111112,0.6111111111111112,0.6296296296296297,0.5925925925925926,0.6296296296296297,0.5740740740740741,0.6296296296296297,0.6296296296296297,0.6296296296296297,0.6111111111111112,0.6296296296296297,0.6296296296296297,0.6111111111111112,0.6111111111111112,0.6111111111111112,0.6111111111111112,0.6296296296296297,0.6296296296296297,0.6111111111111112,0.6296296296296297,0.6296296296296297,0.6111111111111112,0.6296296296296297,0.6296296296296297,0.6296296296296297,0.6296296296296297,0.6111111111111112,0.5925925925925926,0.6296296296296297,0.5925925925925926,0.6111111111111112,0.6111111111111112,0.619259259259259,0.015117282690339684
21,0.6111111111111112,0.6111111111111112,0.6111111111111112,0.6111111111111112,0.5925925925925926,0.6111111111111112,0.6111111111111112,0.5370370370370371,0.6111111111111112,0.5925925925925926,0.5555555555555556,0.6111111111111112,0.6111111111111112,0.6111111111111112,0.5925925925925926,0.6111111111111112,0.6111111111111112,0.6111111111111112,0.6111111111111112,0.6111111111111112,0.6111111111111112,0.5925925925925926,0.5925925925925926,0.6111111111111112,0.6111111111111112,0.5925925925925926,0.6111111111111112,0.6111111111111112,0.6111111111111112,0.6111111111111112,0.6111111111111112,0.5925925925925926,0.6111111111111112,0.6111111111111112,0.5925925925925926,0.5925925925925926,0.6111111111111112,0.5555555555555556,0.5925925925925926,0.6111111111111112,0.6111111111111112,0.5740740740740741,0.5925925925925926,0.6111111111111112,0.6111111111111112,0.5740740740740741,0.6111111111111112,0.6111111111111112,0.5925925925925926,0.5555555555555556,0.6111111111111112,0.6111111111111112,0.6111111111111112,0.6111111111111112,0.6111111111111112,0.6111111111111112,0.5925925925925926,0.6111111111111112,0.6111111111111112,0.5925925925925926,0.6111111111111112,0.5925925925925926,0.5925925925925926,0.5925925925925926,0.6111111111111112,0.6111111111111112,0.5925925925925926,0.5925925925925926,0.6111111111111112,0.5925925925925926,0.5925925925925926,0.6111111111111112,0.5740740740740741,0.6111111111111112,0.5555555555555556,0.6111111111111112,0.6111111111111112,0.6111111111111112,0.5925925925925926,0.6111111111111112,0.6111111111111112,0.5925925925925926,0.5925925925925926,0.5925925925925926,0.5925925925925926,0.6111111111111112,0.6111111111111112,0.5925925925925926,0.6111111111111112,0.6111111111111112,0.5925925925925926,0.6111111111111112,0.6111111111111112,0.5925925925925926,0.6111111111111112,0.5925925925925926,0.5740740740740741,0.6111111111111112,0.5740740740740741,0.5925925925925926,0.5925925925925926,0.6005555555555567,0.015550043114985748
22,0.5925925925925926,0.5925925925925926,0.5925925925925926,0.5925925925925926,0.5740740740740741,0.5925925925925926,0.5925925925925926,0.5370370370370371,0.5925925925925926,0.5740740740740741,0.5370370370370371,0.5925925925925926,0.5925925925925926,0.5925925925925926,0.5925925925925926,0.5925925925925926,0.5925925925925926,0.5925925925925926,0.5925925925925926,0.5925925925925926,0.5925925925925926,0.5740740740740741,0.5740740740740741,0.5925925925925926,0.5740740740740741,0.5740740740740741,0.5925925925925926,0.5925925925925926,0.5740740740740741,0.5740740740740741,0.5925925925925926,0.5740740740740741,0.5925925925925926,0.5925925925925926,0.5740740740740741,0.5740740740740741,0.5925925925925926,0.5370370370370371,0.5740740740740741,0.5925925925925926,0.5925925925925926,0.5555555555555556,0.5740740740740741,0.5925925925925926,0.5925925925925926,0.5555555555555556,0.5925925925925926,0.5925925925925926,0.5740740740740741,0.5370370370370371,0.5925925925925926,0.5925925925925926,0.5925925925925926,0.5925925925925926,0.5925925925925926,0.5925925925925926,0.5925925925925926,0.5925925925925926,0.5925925925925926,0.5740740740740741,0.5925925925925926,0.5925925925925926,0.5740740740740741,0.5740740740740741,0.5925925925925926,0.5925925925925926,0.5740740740740741,0.5740740740740741,0.5925925925925926,0.5740740740740741,0.5740740740740741,0.5925925925925926,0.5555555555555556,0.5925925925925926,0.5185185185185185,0.5925925925925926,0.5925925925925926,0.5925925925925926,0.5740740740740741,0.5925925925925926,0.5925925925925926,0.5740740740740741,0.5740740740740741,0.5555555555555556,0.5740740740740741,0.5740740740740741,0.5925925925925926,0.5740740740740741,0.5925925925925926,0.5740740740740741,0.5740740740740741,0.5925925925925926,0.5925925925925926,0.5740740740740741,0.5925925925925926,0.5740740740740741,0.5740740740740741,0.5925925925925926,0.5555555555555556,0.5555555555555556,0.5370370370370371,0.5814814814814823,0.015713484026367703
23,0.5740740740740741,0.5740740740740741,0.5740740740740741,0.5740740740740741,0.5555555555555556,0.5740740740740741,0.5740740740740741,0.5185185185185185,0.5740740740740741,0.5555555555555556,0.5185185185185185,0.5740740740740741,0.5740740740740741,0.5740740740740741,0.5740740740740741,0.5740740740740741,0.5740740740740741,0.5740740740740741,0.5740740740740741,0.5740740740740741,0.5555555555555556,0.5555555555555556,0.5555555555555556,0.5740740740740741,0.5555555555555556,0.5555555555555556,0.5740740740740741,0.5555555555555556,0.5555555555555556,0.5555555555555556,0.5740740740740741,0.5555555555555556,0.5740740740740741,0.5740740740740741,0.5555555555555556,0.5555555555555556,0.5740740740740741,0.5185185185185185,0.5555555555555556,0.5740740740740741,0.5740740740740741,0.5370370370370371,0.5370370370370371,0.5740740740740741,0.5740740740740741,0.5370370370370371,0.5740740740740741,0.5555555555555556,0.5555555555555556,0.5185185185185185,0.5740740740740741,0.5740740740740741,0.5740740740740741,0.5740740740740741,0.5740740740740741,0.5740740740740741,0.5740740740740741,0.5740740740740741,0.5740740740740741,0.5555555555555556,0.5740740740740741,0.5740740740740741,0.5555555555555556,0.5555555555555556,0.5370370370370371,0.5740740740740741,0.5555555555555556,0.5555555555555556,0.5740740740740741,0.5555555555555556,0.5555555555555556,0.5740740740740741,0.5370370370370371,0.5740740740740741,0.5,0.5740740740740741,0.5740740740740741,0.5740740740740741,0.5555555555555556,0.5740740740740741,0.5740740740740741,0.5555555555555556,0.5555555555555556,0.5370370370370371,0.5555555555555556,0.5555555555555556,0.5740740740740741,0.5740740740740741,0.5740740740740741,0.5555555555555556,0.5555555555555556,0.5740740740740741,0.5740740740740741,0.5555555555555556,0.5740740740740741,0.5555555555555556,0.5555555555555556,0.5740740740740741,0.5370370370370371,0.5370370370370371,0.5185185185185185,0.5620370370370378,0.01601075598684313
24,0.5555555555555556,0.5555555555555556,0.5555555555555556,0.5555555555555556,0.5370370370370371,0.5370370370370371,0.5555555555555556,0.5,0.5555555555555556,0.5370370370370371,0.5,0.5555555555555556,0.5555555555555556,0.5555555555555556,0.5555555555555556,0.5555555555555556,0.5555555555555556,0.5555555555555556,0.5555555555555556,0.5555555555555556,0.5370370370370371,0.5370370370370371,0.5370370370370371,0.5555555555555556,0.5370370370370371,0.5370370370370371,0.5555555555555556,0.5370370370370371,0.5370370370370371,0.5370370370370371,0.5555555555555556,0.48148148148148145,0.5555555555555556,0.5555555555555556,0.5370370370370371,0.5370370370370371,0.5555555555555556,0.5,0.5370370370370371,0.5555555555555556,0.5555555555555556,0.5185185185185185,0.5185185185185185,0.5555555555555556,0.5555555555555556,0.5185185185185185,0.5555555555555556,0.5370370370370371,0.5370370370370371,0.5185185185185185,0.5370370370370371,0.5555555555555556,0.5555555555555556,0.5555555555555556,0.5555555555555556,0.5555555555555556,0.5555555555555556,0.5555555555555556,0.5555555555555556,0.5185185185185185,0.5555555555555556,0.5555555555555556,0.5370370370370371,0.5370370370370371,0.5185185185185185,0.5555555555555556,0.5370370370370371,0.5370370370370371,0.5555555555555556,0.5370370370370371,0.5370370370370371,0.5555555555555556,0.5185185185185185,0.5555555555555556,0.48148148148148145,0.5555555555555556,0.5555555555555556,0.5555555555555556,0.5370370370370371,0.5555555555555556,0.5555555555555556,0.5370370370370371,0.5370370370370371,0.5185185185185185,0.5370370370370371,0.5370370370370371,0.5555555555555556,0.5370370370370371,0.5555555555555556,0.5370370370370371,0.5370370370370371,0.5555555555555556,0.5555555555555556,0.5370370370370371,0.5555555555555556,0.5370370370370371,0.5370370370370371,0.5555555555555556,0.48148148148148145,0.5185185185185185,0.5,0.5420370370370378,0.017734321888347084
25,0.5370370370370371,0.5370370370370371,0.5370370370370371,0.5370370370370371,0.5185185185185185,0.5185185185185185,0.5370370370370371,0.48148148148148145,0.5370370370370371,0.5185185185185185,0.48148148148148145,0.5185185185185185,0.5370370370370371,0.5370370370370371,0.5370370370370371,0.5370370370370371,0.5370370370370371,0.5370370370370371,0.5370370370370371,0.5370370370370371,0.5185185185185185,0.5185185185185185,0.5185185185185185,0.5370370370370371,0.5185185185185185,0.5185185185185185,0.5370370370370371,0.5185185185185185,0.5185185185185185,0.5185185185185185,0.5370370370370371,0.4444444444444444,0.5370370370370371,0.5185185185185185,0.5185185185185185,0.5185185185185185,0.5370370370370371,0.48148148148148145,0.4444444444444444,0.5370370370370371,0.5370370370370371,0.5,0.5,0.5370370370370371,0.5370370370370371,0.5,0.5370370370370371,0.48148148148148145,0.5185185185185185,0.5,0.5185185185185185,0.5370370370370371,0.5370370370370371,0.5370370370370371,0.5370370370370371,0.5370370370370371,0.5370370370370371,0.5370370370370371,0.5370370370370371,0.5,0.5370370370370371,0.5370370370370371,0.5185185185185185,0.5185185185185185,0.5,0.5370370370370371,0.5185185185185185,0.5185185185185185,0.5,0.5185185185185185,0.5185185185185185,0.5370370370370371,0.5,0.5370370370370371,0.46296296296296297,0.5370370370370371,0.5370370370370371,0.5185185185185185,0.5185185185185185,0.5370370370370371,0.5370370370370371,0.5185185185185185,0.5185185185185185,0.5,0.5185185185185185,0.5185185185185185,0.5370370370370371,0.5185185185185185,0.5370370370370371,0.5185185185185185,0.5,0.5370370370370371,0.5370370370370371,0.5185185185185185,0.5370370370370371,0.5185185185185185,0.5185185185185185,0.5370370370370371,0.46296296296296297,0.5,0.35185185185185186,0.5211111111111115,0.02045772515502442
26,0.5185185185185185,0.5185185185185185,0.5185185185185185,0.46296296296296297,0.46296296296296297,0.5,0.48148148148148145,0.46296296296296297,0.5185185185185185,0.5,0.46296296296296297,0.5,0.5185185185185185,0.5185185185185185,0.5185185185185185,0.5185185185185185,0.5185185185185185,0.5185185185185185,0.5185185185185185,0.5185185185185185,0.5,0.5,0.5,0.5185185185185185,0.5,0.5,0.5185185185185185,0.5,0.5,0.5,0.5185185185185185,0.42592592592592593,0.5185185185185185,0.5,0.5,0.5,0.5185185185185185,0.46296296296296297,0.42592592592592593,0.5185185185185185,0.5185185185185185,0.48148148148148145,0.48148148148148145,0.5185185185185185,0.5185185185185185,0.48148148148148145,0.5185185185185185,0.46296296296296297,0.5,0.48148148148148145,0.5,0.5185185185185185,0.5185185185185185,0.5185185185185185,0.5185185185185185,0.5185185185185185,0.5185185185185185,0.5185185185185185,0.5185185185185185,0.48148148148148145,0.5185185185185185,0.5185185185185185,0.5,0.5,0.48148148148148145,0.5185185185185185,0.5,0.5,0.48148148148148145,0.5,0.48148148148148145,0.5185185185185185,0.48148148148148145,0.5185185185185185,0.4444444444444444,0.5185185185185185,0.5185185185185185,0.5,0.5,0.5185185185185185,0.5185185185185185,0.5,0.5,0.5,0.5,0.5,0.5185185185185185,0.5,0.5185185185185185,0.5,0.48148148148148145,0.5185185185185185,0.5185185185185185,0.5,0.5185185185185185,0.5,0.5,0.5185185185185185,0.46296296296296297,0.48148148148148145,0.24074074074074073,0.5014814814814815,0.020734125929301336
27,0.5,0.5,0.5,0.4444444444444444,0.42592592592592593,0.46296296296296297,0.46296296296296297,0.4444444444444444,0.5,0.48148148148148145,0.4444444444444444,0.48148148148148145,0.48148148148148145,0.5,0.5,0.5,0.5,0.5,0.5,0.5,0.48148148148148145,0.48148148148148145,0.48148148148148145,0.5,0.46296296296296297,0.48148148148148145,0.5,0.42592592592592593,0.48148148148148145,0.48148148148148145,0.4444444444444444,0.4074074074074074,0.5,0.48148148148148145,0.48148148148148145,0.48148148148148145,0.5,0.4444444444444444,0.4074074074074074,0.5,0.5,0.46296296296296297,0.4444444444444444,0.5,0.5,0.46296296296296297,0.5,0.42592592592592593,0.48148148148148145,0.46296296296296297,0.48148148148148145,0.5,0.5,0.5,0.5,0.48148148148148145,0.5,0.48148148148148145,0.5,0.46296296296296297,0.5,0.5,0.48148148148148145,0.48148148148148145,0.48148148148148145,0.5,0.48148148148148145,0.48148148148148145,0.4444444444444444,0.48148148148148145,0.46296296296296297,0.5,0.46296296296296297,0.5,0.42592592592592593,0.5,0.5,0.48148148148148145,0.46296296296296297,0.5,0.48148148148148145,0.48148148148148145,0.48148148148148145,0.48148148148148145,0.48148148148148145,0.48148148148148145,0.5,0.48148148148148145,0.5,0.48148148148148145,0.46296296296296297,0.5,0.5,0.48148148148148145,0.5,0.48148148148148145,0.46296296296296297,0.5,0.4444444444444444,0.48148148148148145,0.24074074074074073,0.4799999999999997,0.022783046665525473
28,0.48148148148148145,0.48148148148148145,0.46296296296296297,0.42592592592592593,0.4074074074074074,0.4444444444444444,0.4444444444444444,0.42592592592592593,0.48148148148148145,0.46296296296296297,0.42592592592592593,0.46296296296296297,0.46296296296296297,0.46296296296296297,0.48148148148148145,0.46296296296296297,0.48148148148148145,0.48148148148148145,0.48148148148148145,0.48148148148148145,0.46296296296296297,0.46296296296296297,0.48148148148148145,0.48148148148148145,0.4444444444444444,0.4444444444444444,0.48148148148148145,0.4074074074074074,0.46296296296296297,0.46296296296296297,0.42592592592592593,0.4074074074074074,0.48148148148148145,0.46296296296296297,0.4444444444444444,0.46296296296296297,0.48148148148148145,0.42592592592592593,0.3888888888888889,0.48148148148148145,0.46296296296296297,0.4444444444444444,0.42592592592592593,0.48148148148148145,0.48148148148148145,0.4444444444444444,0.48148148148148145,0.42592592592592593,0.46296296296296297,0.46296296296296297,0.46296296296296297,0.48148148148148145,0.48148148148148145,0.48148148148148145,0.48148148148148145,0.46296296296296297,0.48148148148148145,0.48148148148148145,0.48148148148148145,0.4444444444444444,0.48148148148148145,0.4444444444444444,0.46296296296296297,0.46296296296296297,0.46296296296296297,0.48148148148148145,0.46296296296296297,0.46296296296296297,0.42592592592592593,0.46296296296296297,0.4444444444444444,0.46296296296296297,0.4444444444444444,0.48148148148148145,0.4074074074074074,0.48148148148148145,0.48148148148148145,0.46296296296296297,0.4444444444444444,0.48148148148148145,0.46296296296296297,0.46296296296296297,0.46296296296296297,0.46296296296296297,0.4444444444444444,0.46296296296296297,0.42592592592592593,0.46296296296296297,0.48148148148148145,0.46296296296296297,0.4444444444444444,0.48148148148148145,0.48148148148148145,0.46296296296296297,0.48148148148148145,0.48148148148148145,0.4444444444444444,0.48148148148148145,0.42592592592592593,0.46296296296296297,0.24074074074074073,0.46018518518518464,0.021970019477230856
29,0.46296296296296297,0.4444444444444444,0.4444444444444444,0.37037037037037035,0.3888888888888889,0.4444444444444444,0.42592592592592593,0.4074074074074074,0.46296296296296297,0.4444444444444444,0.4074074074074074,0.4444444444444444,0.4444444444444444,0.4444444444444444,0.42592592592592593,0.4444444444444444,0.46296296296296297,0.46296296296296297,0.46296296296296297,0.46296296296296297,0.4444444444444444,0.4444444444444444,0.46296296296296297,0.4444444444444444,0.42592592592592593,0.42592592592592593,0.46296296296296297,0.3888888888888889,0.4444444444444444,0.4444444444444444,0.4074074074074074,0.4074074074074074,0.46296296296296297,0.4444444444444444,0.37037037037037035,0.4444444444444444,0.46296296296296297,0.4074074074074074,0.3888888888888889,0.46296296296296297,0.4444444444444444,0.42592592592592593,0.4074074074074074,0.46296296296296297,0.46296296296296297,0.4444444444444444,0.46296296296296297,0.4074074074074074,0.4444444444444444,0.4444444444444444,0.4444444444444444,0.46296296296296297,0.46296296296296297,0.46296296296296297,0.46296296296296297,0.42592592592592593,0.46296296296296297,0.46296296296296297,0.46296296296296297,0.4074074074074074,0.46296296296296297,0.42592592592592593,0.4444444444444444,0.4444444444444444,0.4444444444444444,0.46296296296296297,0.4444444444444444,0.4444444444444444,0.4074074074074074,0.4444444444444444,0.4444444444444444,0.4444444444444444,0.42592592592592593,0.46296296296296297,0.3888888888888889,0.46296296296296297,0.46296296296296297,0.4444444444444444,0.42592592592592593,0.46296296296296297,0.4444444444444444,0.4444444444444444,0.4074074074074074,0.4444444444444444,0.42592592592592593,0.4074074074074074,0.4074074074074074,0.4444444444444444,0.46296296296296297,0.42592592592592593,0.42592592592592593,0.46296296296296297,0.46296296296296297,0.4444444444444444,0.46296296296296297,0.46296296296296297,0.42592592592592593,0.46296296296296297,0.4074074074074074,0.4444444444444444,0.12962962962962962,0.4396296296296289,0.0233685800805146
30,0.4444444444444444,0.42592592592592593,0.42592592592592593,0.35185185185185186,0.3888888888888889,0.42592592592592593,0.3888888888888889,0.3888888888888889,0.4444444444444444,0.42592592592592593,0.3888888888888889,0.42592592592592593,0.42592592592592593,0.42592592592592593,0.4074074074074074,0.42592592592592593,0.4444444444444444,0.4444444444444444,0.4444444444444444,0.4444444444444444,0.42592592592592593,0.42592592592592593,0.4444444444444444,0.42592592592592593,0.3888888888888889,0.4074074074074074,0.4444444444444444,0.37037037037037035,0.42592592592592593,0.42592592592592593,0.3888888888888889,0.3888888888888889,0.4444444444444444,0.42592592592592593,0.35185185185185186,0.4074074074074074,0.4444444444444444,0.4074074074074074,0.3888888888888889,0.4444444444444444,0.42592592592592593,0.4074074074074074,0.3888888888888889,0.4444444444444444,0.4444444444444444,0.42592592592592593,0.4444444444444444,0.3888888888888889,0.42592592592592593,0.42592592592592593,0.42592592592592593,0.4444444444444444,0.4444444444444444,0.4444444444444444,0.4444444444444444,0.4074074074074074,0.4444444444444444,0.4444444444444444,0.4444444444444444,0.3888888888888889,0.4444444444444444,0.4074074074074074,0.42592592592592593,0.42592592592592593,0.3888888888888889,0.4444444444444444,0.42592592592592593,0.42592592592592593,0.3888888888888889,0.42592592592592593,0.42592592592592593,0.42592592592592593,0.42592592592592593,0.4444444444444444,0.37037037037037035,0.4444444444444444,0.42592592592592593,0.42592592592592593,0.4074074074074074,0.4444444444444444,0.42592592592592593,0.42592592592592593,0.4074074074074074,0.42592592592592593,0.4074074074074074,0.3888888888888889,0.3888888888888889,0.42592592592592593,0.4444444444444444,0.4074074074074074,0.4074074074074074,0.4444444444444444,0.4444444444444444,0.42592592592592593,0.4444444444444444,0.4444444444444444,0.4074074074074074,0.4444444444444444,0.3888888888888889,0.42592592592592593,0.12962962962962962,0.42092592592592537,0.02280937284784336
31,0.42592592592592593,0.4074074074074074,0.4074074074074074,0.35185185185185186,0.37037037037037035,0.4074074074074074,0.37037037037037035,0.3888888888888889,0.42592592592592593,0.4074074074074074,0.37037037037037035,0.4074074074074074,0.42592592592592593,0.4074074074074074,0.3888888888888889,0.4074074074074074,0.42592592592592593,0.42592592592592593,0.42592592592592593,0.42592592592592593,0.4074074074074074,0.4074074074074074,0.42592592592592593,0.4074074074074074,0.3888888888888889,0.3888888888888889,0.42592592592592593,0.35185185185185186,0.4074074074074074,0.4074074074074074,0.3888888888888889,0.3888888888888889,0.42592592592592593,0.37037037037037035,0.35185185185185186,0.3888888888888889,0.42592592592592593,0.3888888888888889,0.37037037037037035,0.42592592592592593,0.4074074074074074,0.3888888888888889,0.3888888888888889,0.42592592592592593,0.42592592592592593,0.4074074074074074,0.42592592592592593,0.3888888888888889,0.3888888888888889,0.4074074074074074,0.4074074074074074,0.42592592592592593,0.42592592592592593,0.42592592592592593,0.42592592592592593,0.3888888888888889,0.42592592592592593,0.4074074074074074,0.42592592592592593,0.37037037037037035,0.42592592592592593,0.3888888888888889,0.4074074074074074,0.4074074074074074,0.35185185185185186,0.42592592592592593,0.35185185185185186,0.4074074074074074,0.37037037037037035,0.4074074074074074,0.4074074074074074,0.4074074074074074,0.4074074074074074,0.42592592592592593,0.35185185185185186,0.42592592592592593,0.4074074074074074,0.4074074074074074,0.3888888888888889,0.42592592592592593,0.4074074074074074,0.4074074074074074,0.35185185185185186,0.4074074074074074,0.3888888888888889,0.35185185185185186,0.3888888888888889,0.4074074074074074,0.42592592592592593,0.3888888888888889,0.3888888888888889,0.42592592592592593,0.42592592592592593,0.4074074074074074,0.42592592592592593,0.42592592592592593,0.3888888888888889,0.42592592592592593,0.35185185185185186,0.4074074074074074,0.12962962962962962,0.40203703703703697,0.02287543053932311
32,0.4074074074074074,0.3888888888888889,0.3888888888888889,0.3333333333333333,0.35185185185185186,0.3888888888888889,0.35185185185185186,0.37037037037037035,0.4074074074074074,0.3888888888888889,0.37037037037037035,0.3888888888888889,0.4074074074074074,0.3888888888888889,0.35185185185185186,0.3888888888888889,0.4074074074074074,0.4074074074074074,0.4074074074074074,0.4074074074074074,0.3888888888888889,0.4074074074074074,0.4074074074074074,0.3888888888888889,0.37037037037037035,0.37037037037037035,0.4074074074074074,0.35185185185185186,0.3888888888888889,0.3888888888888889,0.37037037037037035,0.37037037037037035,0.4074074074074074,0.35185185185185186,0.2777777777777778,0.37037037037037035,0.4074074074074074,0.37037037037037035,0.37037037037037035,0.4074074074074074,0.3888888888888889,0.35185185185185186,0.37037037037037035,0.3888888888888889,0.4074074074074074,0.3888888888888889,0.4074074074074074,0.37037037037037035,0.37037037037037035,0.3888888888888889,0.3888888888888889,0.4074074074074074,0.4074074074074074,0.4074074074074074,0.4074074074074074,0.37037037037037035,0.4074074074074074,0.3888888888888889,0.4074074074074074,0.35185185185185186,0.3888888888888889,0.35185185185185186,0.3888888888888889,0.3888888888888889,0.3333333333333333,0.4074074074074074,0.3148148148148148,0.3888888888888889,0.37037037037037035,0.3888888888888889,0.3888888888888889,0.3888888888888889,0.3888888888888889,0.4074074074074074,0.3333333333333333,0.4074074074074074,0.3888888888888889,0.3888888888888889,0.37037037037037035,0.4074074074074074,0.3888888888888889,0.3888888888888889,0.3333333333333333,0.3888888888888889,0.37037037037037035,0.3333333333333333,0.2777777777777778,0.3888888888888889,0.4074074074074074,0.37037037037037035,0.37037037037037035,0.4074074074074074,0.4074074074074074,0.3888888888888889,0.4074074074074074,0.4074074074074074,0.37037037037037035,0.4074074074074074,0.3333333333333333,0.3888888888888889,0.12962962962962962,0.38185185185185183,0.02680775433955196
33,0.3888888888888889,0.35185185185185186,0.35185185185185186,0.3148148148148148,0.3333333333333333,0.37037037037037035,0.3333333333333333,0.35185185185185186,0.3888888888888889,0.37037037037037035,0.35185185185185186,0.3888888888888889,0.35185185185185186,0.3888888888888889,0.3333333333333333,0.3888888888888889,0.3333333333333333,0.3888888888888889,0.3888888888888889,0.3888888888888889,0.37037037037037035,0.3888888888888889,0.3888888888888889,0.37037037037037035,0.35185185185185186,0.35185185185185186,0.3888888888888889,0.3333333333333333,0.37037037037037035,0.37037037037037035,0.35185185185185186,0.35185185185185186,0.3888888888888889,0.3333333333333333,0.25925925925925924,0.35185185185185186,0.3888888888888889,0.35185185185185186,0.35185185185185186,0.35185185185185186,0.37037037037037035,0.3333333333333333,0.35185185185185186,0.37037037037037035,0.3888888888888889,0.37037037037037035,0.3888888888888889,0.35185185185185186,0.3333333333333333,0.37037037037037035,0.3148148148148148,0.3888888888888889,0.3888888888888889,0.3888888888888889,0.3888888888888889,0.35185185185185186,0.3888888888888889,0.37037037037037035,0.3888888888888889,0.3333333333333333,0.37037037037037035,0.3148148148148148,0.37037037037037035,0.37037037037037035,0.3148148148148148,0.3888888888888889,0.2962962962962963,0.35185185185185186,0.35185185185185186,0.37037037037037035,0.37037037037037035,0.37037037037037035,0.37037037037037035,0.3888888888888889,0.3148148148148148,0.3888888888888889,0.37037037037037035,0.35185185185185186,0.37037037037037035,0.3888888888888889,0.37037037037037035,0.37037037037037035,0.3333333333333333,0.3333333333333333,0.37037037037037035,0.3333333333333333,0.25925925925925924,0.37037037037037035,0.3888888888888889,0.35185185185185186,0.35185185185185186,0.3888888888888889,0.37037037037037035,0.37037037037037035,0.3888888888888889,0.3888888888888889,0.35185185185185186,0.3888888888888889,0.3148148148148148,0.37037037037037035,0.12962962962962962,0.36111111111111105,0.027279481227141165
34,0.37037037037037035,0.3333333333333333,0.3333333333333333,0.2962962962962963,0.3148148148148148,0.35185185185185186,0.3148148148148148,0.35185185185185186,0.37037037037037035,0.37037037037037035,0.3333333333333333,0.35185185185185186,0.3333333333333333,0.37037037037037035,0.3148148148148148,0.3333333333333333,0.3148148148148148,0.37037037037037035,0.37037037037037035,0.37037037037037035,0.35185185185185186,0.37037037037037035,0.37037037037037035,0.35185185185185186,0.3333333333333333,0.3333333333333333,0.37037037037037035,0.3148148148148148,0.35185185185185186,0.3333333333333333,0.35185185185185186,0.3333333333333333,0.37037037037037035,0.3148148148148148,0.24074074074074073,0.3148148148148148,0.37037037037037035,0.3333333333333333,0.3333333333333333,0.3148148148148148,0.35185185185185186,0.3148148148148148,0.25925925925925924,0.35185185185185186,0.37037037037037035,0.35185185185185186,0.37037037037037035,0.3333333333333333,0.3333333333333333,0.3148148148148148,0.2962962962962963,0.37037037037037035,0.37037037037037035,0.37037037037037035,0.37037037037037035,0.3333333333333333,0.37037037037037035,0.35185185185185186,0.37037037037037035,0.3148148148148148,0.35185185185185186,0.2962962962962963,0.3333333333333333,0.37037037037037035,0.2962962962962963,0.37037037037037035,0.2962962962962963,0.3333333333333333,0.3333333333333333,0.35185185185185186,0.35185185185185186,0.35185185185185186,0.35185185185185186,0.37037037037037035,0.2962962962962963,0.37037037037037035,0.3333333333333333,0.35185185185185186,0.35185185185185186,0.35185185185185186,0.35185185185185186,0.35185185185185186,0.3148148148148148,0.3333333333333333,0.35185185185185186,0.3148148148148148,0.25925925925925924,0.3148148148148148,0.37037037037037035,0.3333333333333333,0.3333333333333333,0.37037037037037035,0.35185185185185186,0.3333333333333333,0.37037037037037035,0.37037037037037035,0.35185185185185186,0.35185185185185186,0.3148148148148148,0.35185185185185186,0.09259259259259259,0.341111111111111,0.027239223715847253
35,0.35185185185185186,0.3148148148148148,0.2962962962962963,0.2962962962962963,0.2962962962962963,0.3333333333333333,0.2962962962962963,0.3333333333333333,0.35185185185185186,0.35185185185185186,0.3148148148148148,0.3333333333333333,0.3148148148148148,0.35185185185185186,0.2962962962962963,0.3148148148148148,0.2962962962962963,0.3333333333333333,0.35185185185185186,0.35185185185185186,0.24074074074074073,0.35185185185185186,0.3333333333333333,0.3333333333333333,0.3148148148148148,0.3148148148148148,0.35185185185185186,0.2777777777777778,0.3333333333333333,0.3148148148148148,0.3333333333333333,0.3148148148148148,0.35185185185185186,0.2962962962962963,0.18518518518518517,0.2962962962962963,0.35185185185185186,0.3148148148148148,0.3148148148148148,0.2962962962962963,0.3333333333333333,0.2962962962962963,0.24074074074074073,0.3333333333333333,0.35185185185185186,0.3333333333333333,0.3148148148148148,0.3148148148148148,0.3148148148148148,0.2962962962962963,0.2777777777777778,0.35185185185185186,0.35185185185185186,0.35185185185185186,0.35185185185185186,0.2962962962962963,0.35185185185185186,0.3333333333333333,0.35185185185185186,0.2962962962962963,0.3333333333333333,0.2777777777777778,0.2962962962962963,0.35185185185185186,0.2777777777777778,0.35185185185185186,0.2777777777777778,0.3148148148148148,0.3148148148148148,0.3333333333333333,0.3333333333333333,0.3333333333333333,0.3333333333333333,0.35185185185185186,0.2777777777777778,0.35185185185185186,0.3148148148148148,0.3333333333333333,0.3333333333333333,0.3333333333333333,0.3333333333333333,0.3333333333333333,0.2962962962962963,0.3148148148148148,0.3333333333333333,0.2962962962962963,0.24074074074074073,0.2962962962962963,0.35185185185185186,0.3148148148148148,0.3148148148148148,0.35185185185185186,0.3333333333333333,0.3148148148148148,0.35185185185185186,0.35185185185185186,0.3333333333333333,0.3333333333333333,0.2962962962962963,0.3333333333333333,0.09259259259259259,0.31999999999999973,0.029754367064288814
36,0.2962962962962963,0.2962962962962963,0.2777777777777778,0.2777777777777778,0.2777777777777778,0.3148148148148148,0.2777777777777778,0.3148148148148148,0.3333333333333333,0.3333333333333333,0.2962962962962963,0.3148148148148148,0.3148148148148148,0.3333333333333333,0.2777777777777778,0.2962962962962963,0.2777777777777778,0.3148148148148148,0.3333333333333333,0.3333333333333333,0.2222222222222222,0.3333333333333333,0.3148148148148148,0.3148148148148148,0.2962962962962963,0.2962962962962963,0.3333333333333333,0.25925925925925924,0.3148148148148148,0.2962962962962963,0.3148148148148148,0.2962962962962963,0.3333333333333333,0.2777777777777778,0.12962962962962962,0.2777777777777778,0.3333333333333333,0.2962962962962963,0.2962962962962963,0.25925925925925924,0.3148148148148148,0.2962962962962963,0.1111111111111111,0.2962962962962963,0.3333333333333333,0.3148148148148148,0.2962962962962963,0.2962962962962963,0.3148148148148148,0.2777777777777778,0.2777777777777778,0.3333333333333333,0.3333333333333333,0.2962962962962963,0.3333333333333333,0.2777777777777778,0.3333333333333333,0.3148148148148148,0.3333333333333333,0.2777777777777778,0.3148148148148148,0.25925925925925924,0.2777777777777778,0.3333333333333333,0.25925925925925924,0.3333333333333333,0.24074074074074073,0.2962962962962963,0.2962962962962963,0.3148148148148148,0.3148148148148148,0.3148148148148148,0.3148148148148148,0.3148148148148148,0.25925925925925924,0.3148148148148148,0.3148148148148148,0.3148148148148148,0.25925925925925924,0.3148148148148148,0.3148148148148148,0.2962962962962963,0.2777777777777778,0.3148148148148148,0.3148148148148148,0.2777777777777778,0.2037037037037037,0.2777777777777778,0.3333333333333333,0.2962962962962963,0.2962962962962963,0.3333333333333333,0.3148148148148148,0.2962962962962963,0.3333333333333333,0.3333333333333333,0.3148148148148148,0.3148148148148148,0.2777777777777778,0.3148148148148148,0.09259259259259259,0.29851851851851824,0.036315187827423066
37,0.2777777777777778,0.2777777777777778,0.25925925925925924,0.25925925925925924,0.25925925925925924,0.2962962962962963,0.2037037037037037,0.2962962962962963,0.3148148148148148,0.3148148148148148,0.2777777777777778,0.2962962962962963,0.2962962962962963,0.3148148148148148,0.14814814814814814,0.2777777777777778,0.2777777777777778,0.2962962962962963,0.3148148148148148,0.3148148148148148,0.2037037037037037,0.3148148148148148,0.2962962962962963,0.2962962962962963,0.2777777777777778,0.2777777777777778,0.3148148148148148,0.24074074074074073,0.2962962962962963,0.2777777777777778,0.2962962962962963,0.2777777777777778,0.2962962962962963,0.25925925925925924,0.1111111111111111,0.24074074074074073,0.3148148148148148,0.2777777777777778,0.2777777777777778,0.24074074074074073,0.2962962962962963,0.25925925925925924,0.09259259259259259,0.2962962962962963,0.3148148148148148,0.2962962962962963,0.2777777777777778,0.2777777777777778,0.2962962962962963,0.25925925925925924,0.25925925925925924,0.3148148148148148,0.3148148148148148,0.2777777777777778,0.3148148148148148,0.25925925925925924,0.3148148148148148,0.2962962962962963,0.3148148148148148,0.25925925925925924,0.2962962962962963,0.2222222222222222,0.25925925925925924,0.3148148148148148,0.25925925925925924,0.2962962962962963,0.2222222222222222,0.2777777777777778,0.24074074074074073,0.2962962962962963,0.2962962962962963,0.2962962962962963,0.2962962962962963,0.2962962962962963,0.24074074074074073,0.3148148148148148,0.2962962962962963,0.2962962962962963,0.24074074074074073,0.2962962962962963,0.2962962962962963,0.2777777777777778,0.25925925925925924,0.2962962962962963,0.2962962962962963,0.25925925925925924,0.18518518518518517,0.25925925925925924,0.3148148148148148,0.2777777777777778,0.18518518518518517,0.3148148148148148,0.3148148148148148,0.2777777777777778,0.2962962962962963,0.3148148148148148,0.2962962962962963,0.2962962962962963,0.25925925925925924,0.2962962962962963,0.07407407407407407,0.27685185185185207,0.04060372583200129
38,0.25925925925925924,0.25925925925925924,0.24074074074074073,0.24074074074074073,0.25925925925925924,0.2777777777777778,0.18518518518518517,0.2777777777777778,0.2962962962962963,0.2777777777777778,0.25925925925925924,0.2962962962962963,0.25925925925925924,0.2962962962962963,0.1111111111111111,0.2777777777777778,0.25925925925925924,0.2777777777777778,0.2962962962962963,0.2962962962962963,0.2037037037037037,0.2962962962962963,0.2777777777777778,0.2777777777777778,0.2777777777777778,0.25925925925925924,0.2962962962962963,0.2222222222222222,0.2777777777777778,0.25925925925925924,0.2777777777777778,0.25925925925925924,0.2962962962962963,0.24074074074074073,0.1111111111111111,0.2222222222222222,0.2962962962962963,0.25925925925925924,0.25925925925925924,0.2222222222222222,0.2777777777777778,0.24074074074074073,0.09259259259259259,0.2777777777777778,0.2962962962962963,0.2777777777777778,0.24074074074074073,0.25925925925925924,0.25925925925925924,0.24074074074074073,0.24074074074074073,0.2962962962962963,0.2962962962962963,0.24074074074074073,0.2962962962962963,0.24074074074074073,0.2962962962962963,0.2777777777777778,0.2777777777777778,0.24074074074074073,0.2777777777777778,0.2222222222222222,0.2222222222222222,0.2962962962962963,0.24074074074074073,0.2777777777777778,0.2222222222222222,0.25925925925925924,0.2222222222222222,0.2777777777777778,0.2777777777777778,0.2777777777777778,0.2777777777777778,0.2962962962962963,0.2222222222222222,0.2962962962962963,0.2777777777777778,0.2777777777777778,0.2222222222222222,0.2777777777777778,0.2777777777777778,0.25925925925925924,0.24074074074074073,0.2037037037037037,0.2777777777777778,0.24074074074074073,0.18518518518518517,0.24074074074074073,0.2962962962962963,0.25925925925925924,0.16666666666666666,0.2962962962962963,0.2962962962962963,0.2777777777777778,0.2777777777777778,0.2962962962962963,0.2777777777777778,0.2777777777777778,0.24074074074074073,0.2777777777777778,0.05555555555555555,0.2585185185185187,0.03927672567435094
39,0.24074074074074073,0.24074074074074073,0.24074074074074073,0.2222222222222222,0.25925925925925924,0.25925925925925924,0.12962962962962962,0.2777777777777778,0.2777777777777778,0.25925925925925924,0.25925925925925924,0.2777777777777778,0.24074074074074073,0.2777777777777778,0.1111111111111111,0.25925925925925924,0.24074074074074073,0.25925925925925924,0.2777777777777778,0.2777777777777778,0.18518518518518517,0.24074074074074073,0.24074074074074073,0.25925925925925924,0.25925925925925924,0.24074074074074073,0.2777777777777778,0.2222222222222222,0.25925925925925924,0.24074074074074073,0.2777777777777778,0.24074074074074073,0.2777777777777778,0.2222222222222222,0.09259259259259259,0.2037037037037037,0.2777777777777778,0.24074074074074073,0.24074074074074073,0.2037037037037037,0.25925925925925924,0.24074074074074073,0.07407407407407407,0.2777777777777778,0.2777777777777778,0.25925925925925924,0.2037037037037037,0.24074074074074073,0.24074074074074073,0.24074074074074073,0.2222222222222222,0.25925925925925924,0.2777777777777778,0.18518518518518517,0.2777777777777778,0.24074074074074073,0.2777777777777778,0.2777777777777778,0.25925925925925924,0.2222222222222222,0.25925925925925924,0.18518518518518517,0.2222222222222222,0.2777777777777778,0.2222222222222222,0.25925925925925924,0.18518518518518517,0.24074074074074073,0.2222222222222222,0.25925925925925924,0.25925925925925924,0.24074074074074073,0.25925925925925924,0.2777777777777778,0.2037037037037037,0.2777777777777778,0.25925925925925924,0.2222222222222222,0.2037037037037037,0.25925925925925924,0.25925925925925924,0.24074074074074073,0.24074074074074073,0.18518518518518517,0.25925925925925924,0.18518518518518517,0.16666666666666666,0.2222222222222222,0.25925925925925924,0.25925925925925924,0.14814814814814814,0.2777777777777778,0.2222222222222222,0.24074074074074073,0.25925925925925924,0.25925925925925924,0.25925925925925924,0.2777777777777778,0.16666666666666666,0.25925925925925924,0.05555555555555555,0.23851851851851863,0.04068008953406219
40,0.2222222222222222,0.24074074074074073,0.2222222222222222,0.2222222222222222,0.24074074074074073,0.24074074074074073,0.12962962962962962,0.25925925925925924,0.25925925925925924,0.2222222222222222,0.2037037037037037,0.25925925925925924,0.2222222222222222,0.25925925925925924,0.1111111111111111,0.24074074074074073,0.2222222222222222,0.24074074074074073,0.24074074074074073,0.25925925925925924,0.14814814814814814,0.2222222222222222,0.2222222222222222,0.24074074074074073,0.24074074074074073,0.24074074074074073,0.25925925925925924,0.2037037037037037,0.14814814814814814,0.2222222222222222,0.25925925925925924,0.24074074074074073,0.25925925925925924,0.2222222222222222,0.09259259259259259,0.18518518518518517,0.24074074074074073,0.24074074074074073,0.2222222222222222,0.18518518518518517,0.24074074074074073,0.2222222222222222,0.07407407407407407,0.25925925925925924,0.25925925925925924,0.24074074074074073,0.18518518518518517,0.2222222222222222,0.2222222222222222,0.2222222222222222,0.2037037037037037,0.24074074074074073,0.2222222222222222,0.14814814814814814,0.25925925925925924,0.2222222222222222,0.25925925925925924,0.25925925925925924,0.24074074074074073,0.2037037037037037,0.24074074074074073,0.18518518518518517,0.2037037037037037,0.24074074074074073,0.18518518518518517,0.24074074074074073,0.16666666666666666,0.2222222222222222,0.2037037037037037,0.24074074074074073,0.24074074074074073,0.2037037037037037,0.24074074074074073,0.25925925925925924,0.18518518518518517,0.25925925925925924,0.24074074074074073,0.2037037037037037,0.2037037037037037,0.24074074074074073,0.25925925925925924,0.2222222222222222,0.2037037037037037,0.16666666666666666,0.24074074074074073,0.16666666666666666,0.14814814814814814,0.2222222222222222,0.2222222222222222,0.24074074074074073,0.1111111111111111,0.25925925925925924,0.2037037037037037,0.2222222222222222,0.24074074074074073,0.16666666666666666,0.24074074074074073,0.25925925925925924,0.14814814814814814,0.24074074074074073,0.05555555555555555,0.21814814814814806,0.03959500044647875
41,0.18518518518518517,0.2222222222222222,0.2037037037037037,0.2037037037037037,0.2222222222222222,0.2222222222222222,0.12962962962962962,0.24074074074074073,0.24074074074074073,0.2222222222222222,0.2037037037037037,0.2222222222222222,0.1111111111111111,0.2222222222222222,0.1111111111111111,0.2222222222222222,0.2222222222222222,0.2222222222222222,0.2037037037037037,0.2222222222222222,0.14814814814814814,0.2222222222222222,0.2037037037037037,0.2222222222222222,0.2222222222222222,0.16666666666666666,0.24074074074074073,0.18518518518518517,0.14814814814814814,0.2222222222222222,0.2222222222222222,0.2222222222222222,0.18518518518518517,0.18518518518518517,0.09259259259259259,0.16666666666666666,0.2222222222222222,0.24074074074074073,0.2037037037037037,0.16666666666666666,0.2222222222222222,0.2037037037037037,0.07407407407407407,0.24074074074074073,0.2037037037037037,0.2222222222222222,0.16666666666666666,0.16666666666666666,0.2037037037037037,0.2222222222222222,0.18518518518518517,0.2222222222222222,0.2037037037037037,0.12962962962962962,0.24074074074074073,0.2037037037037037,0.24074074074074073,0.24074074074074073,0.2222222222222222,0.2037037037037037,0.2222222222222222,0.18518518518518517,0.12962962962962962,0.24074074074074073,0.16666666666666666,0.2222222222222222,0.12962962962962962,0.2037037037037037,0.12962962962962962,0.2222222222222222,0.2222222222222222,0.16666666666666666,0.2222222222222222,0.24074074074074073,0.18518518518518517,0.24074074074074073,0.24074074074074073,0.18518518518518517,0.18518518518518517,0.2222222222222222,0.24074074074074073,0.2037037037037037,0.18518518518518517,0.14814814814814814,0.2222222222222222,0.14814814814814814,0.09259259259259259,0.2037037037037037,0.2037037037037037,0.18518518518518517,0.1111111111111111,0.24074074074074073,0.18518518518518517,0.2037037037037037,0.16666666666666666,0.12962962962962962,0.2222222222222222,0.24074074074074073,0.14814814814814814,0.2222222222222222,0.05555555555555555,0.1962962962962962,0.03954473426678264
42,0.18518518518518517,0.2222222222222222,0.18518518518518517,0.18518518518518517,0.2037037037037037,0.2037037037037037,0.12962962962962962,0.2222222222222222,0.2222222222222222,0.2037037037037037,0.18518518518518517,0.18518518518518517,0.09259259259259259,0.2037037037037037,0.1111111111111111,0.12962962962962962,0.2037037037037037,0.16666666666666666,0.18518518518518517,0.16666666666666666,0.14814814814814814,0.2222222222222222,0.09259259259259259,0.2037037037037037,0.2037037037037037,0.14814814814814814,0.2222222222222222,0.16666666666666666,0.12962962962962962,0.2037037037037037,0.2037037037037037,0.2037037037037037,0.16666666666666666,0.18518518518518517,0.09259259259259259,0.16666666666666666,0.2037037037037037,0.2222222222222222,0.18518518518518517,0.14814814814814814,0.2037037037037037,0.18518518518518517,0.07407407407407407,0.2222222222222222,0.16666666666666666,0.2037037037037037,0.16666666666666666,0.16666666666666666,0.16666666666666666,0.2037037037037037,0.16666666666666666,0.2037037037037037,0.18518518518518517,0.12962962962962962,0.2222222222222222,0.16666666666666666,0.2222222222222222,0.16666666666666666,0.2037037037037037,0.18518518518518517,0.2037037037037037,0.16666666666666666,0.12962962962962962,0.2222222222222222,0.16666666666666666,0.2037037037037037,0.1111111111111111,0.2037037037037037,0.1111111111111111,0.2037037037037037,0.2037037037037037,0.14814814814814814,0.2037037037037037,0.2222222222222222,0.18518518518518517,0.2222222222222222,0.2222222222222222,0.1111111111111111,0.16666666666666666,0.2222222222222222,0.2037037037037037,0.18518518518518517,0.16666666666666666,0.12962962962962962,0.2037037037037037,0.1111111111111111,0.09259259259259259,0.18518518518518517,0.18518518518518517,0.16666666666666666,0.09259259259259259,0.2222222222222222,0.16666666666666666,0.1111111111111111,0.14814814814814814,0.12962962962962962,0.18518518518518517,0.2037037037037037,0.1111111111111111,0.16666666666666666,0.05555555555555555,0.1751851851851851,0.03843830679615428
43,0.16666666666666666,0.1111111111111111,0.16666666666666666,0.16666666666666666,0.2037037037037037,0.2037037037037037,0.1111111111111111,0.2037037037037037,0.2037037037037037,0.18518518518518517,0.16666666666666666,0.16666666666666666,0.07407407407407407,0.2037037037037037,0.09259259259259259,0.1111111111111111,0.18518518518518517,0.14814814814814814,0.16666666666666666,0.12962962962962962,0.1111111111111111,0.16666666666666666,0.09259259259259259,0.18518518518518517,0.18518518518518517,0.14814814814814814,0.18518518518518517,0.12962962962962962,0.1111111111111111,0.18518518518518517,0.18518518518518517,0.18518518518518517,0.16666666666666666,0.14814814814814814,0.09259259259259259,0.14814814814814814,0.18518518518518517,0.2037037037037037,0.14814814814814814,0.12962962962962962,0.18518518518518517,0.14814814814814814,0.05555555555555555,0.16666666666666666,0.16666666666666666,0.18518518518518517,0.14814814814814814,0.14814814814814814,0.12962962962962962,0.18518518518518517,0.14814814814814814,0.16666666666666666,0.14814814814814814,0.12962962962962962,0.2037037037037037,0.14814814814814814,0.12962962962962962,0.09259259259259259,0.1111111111111111,0.16666666666666666,0.18518518518518517,0.16666666666666666,0.1111111111111111,0.14814814814814814,0.16666666666666666,0.18518518518518517,0.1111111111111111,0.1111111111111111,0.1111111111111111,0.16666666666666666,0.18518518518518517,0.12962962962962962,0.18518518518518517,0.2037037037037037,0.16666666666666666,0.14814814814814814,0.2037037037037037,0.05555555555555555,0.14814814814814814,0.2037037037037037,0.18518518518518517,0.16666666666666666,0.14814814814814814,0.1111111111111111,0.18518518518518517,0.05555555555555555,0.07407407407407407,0.18518518518518517,0.16666666666666666,0.16666666666666666,0.07407407407407407,0.18518518518518517,0.14814814814814814,0.09259259259259259,0.14814814814814814,0.1111111111111111,0.16666666666666666,0.1111111111111111,0.1111111111111111,0.09259259259259259,0.05555555555555555,0.15,0.038356139217051805
44,0.14814814814814814,0.1111111111111111,0.14814814814814814,0.14814814814814814,0.16666666666666666,0.18518518518518517,0.09259259259259259,0.18518518518518517,0.18518518518518517,0.16666666666666666,0.12962962962962962,0.14814814814814814,0.07407407407407407,0.18518518518518517,0.07407407407407407,0.09259259259259259,0.18518518518518517,0.1111111111111111,0.12962962962962962,0.1111111111111111,0.1111111111111111,0.1111111111111111,0.09259259259259259,0.18518518518518517,0.14814814814814814,0.14814814814814814,0.14814814814814814,0.1111111111111111,0.1111111111111111,0.09259259259259259,0.16666666666666666,0.16666666666666666,0.16666666666666666,0.1111111111111111,0.09259259259259259,0.14814814814814814,0.16666666666666666,0.18518518518518517,0.14814814814814814,0.07407407407407407,0.16666666666666666,0.14814814814814814,0.05555555555555555,0.1111111111111111,0.14814814814814814,0.12962962962962962,0.12962962962962962,0.14814814814814814,0.1111111111111111,0.16666666666666666,0.14814814814814814,0.09259259259259259,0.14814814814814814,0.12962962962962962,0.16666666666666666,0.12962962962962962,0.1111111111111111,0.09259259259259259,0.1111111111111111,0.12962962962962962,0.12962962962962962,0.14814814814814814,0.07407407407407407,0.12962962962962962,0.14814814814814814,0.14814814814814814,0.09259259259259259,0.1111111111111111,0.09259259259259259,0.14814814814814814,0.14814814814814814,0.1111111111111111,0.16666666666666666,0.18518518518518517,0.14814814814814814,0.12962962962962962,0.18518518518518517,0.05555555555555555,0.12962962962962962,0.18518518518518517,0.1111111111111111,0.14814814814814814,0.12962962962962962,0.1111111111111111,0.07407407407407407,0.037037037037037035,0.07407407407407407,0.16666666666666666,0.07407407407407407,0.07407407407407407,0.07407407407407407,0.16666666666666666,0.14814814814814814,0.07407407407407407,0.12962962962962962,0.09259259259259259,0.14814814814814814,0.07407407407407407,0.1111111111111111,0.07407407407407407,0.037037037037037035,0.127962962962963,0.036203111674613736
45,0.12962962962962962,0.1111111111111111,0.09259259259259259,0.12962962962962962,0.12962962962962962,0.16666666666666666,0.037037037037037035,0.16666666666666666,0.16666666666666666,0.14814814814814814,0.09259259259259259,0.12962962962962962,0.07407407407407407,0.16666666666666666,0.07407407407407407,0.09259259259259259,0.1111111111111111,0.09259259259259259,0.12962962962962962,0.09259259259259259,0.07407407407407407,0.09259259259259259,0.07407407407407407,0.16666666666666666,0.12962962962962962,0.12962962962962962,0.12962962962962962,0.09259259259259259,0.09259259259259259,0.09259259259259259,0.14814814814814814,0.14814814814814814,0.14814814814814814,0.07407407407407407,0.09259259259259259,0.09259259259259259,0.14814814814814814,0.09259259259259259,0.14814814814814814,0.07407407407407407,0.14814814814814814,0.12962962962962962,0.037037037037037035,0.09259259259259259,0.1111111111111111,0.1111111111111111,0.1111111111111111,0.12962962962962962,0.1111111111111111,0.16666666666666666,0.14814814814814814,0.07407407407407407,0.14814814814814814,0.12962962962962962,0.09259259259259259,0.1111111111111111,0.05555555555555555,0.09259259259259259,0.09259259259259259,0.1111111111111111,0.1111111111111111,0.12962962962962962,0.05555555555555555,0.1111111111111111,0.07407407407407407,0.12962962962962962,0.07407407407407407,0.07407407407407407,0.07407407407407407,0.12962962962962962,0.14814814814814814,0.09259259259259259,0.14814814814814814,0.12962962962962962,0.14814814814814814,0.12962962962962962,0.16666666666666666,0.05555555555555555,0.07407407407407407,0.16666666666666666,0.07407407407407407,0.12962962962962962,0.1111111111111111,0.07407407407407407,0.07407407407407407,0.037037037037037035,0.07407407407407407,0.14814814814814814,0.07407407407407407,0.07407407407407407,0.05555555555555555,0.14814814814814814,0.12962962962962962,0.07407407407407407,0.09259259259259259,0.07407407407407407,0.12962962962962962,0.07407407407407407,0.1111111111111111,0.05555555555555555,0.037037037037037035,0.10814814814814816,0.034118328749411966
46,0.07407407407407407,0.1111111111111111,0.09259259259259259,0.09259259259259259,0.1111111111111111,0.1111111111111111,0.037037037037037035,0.14814814814814814,0.14814814814814814,0.12962962962962962,0.037037037037037035,0.1111111111111111,0.07407407407407407,0.14814814814814814,0.05555555555555555,0.07407407407407407,0.07407407407407407,0.05555555555555555,0.09259259259259259,0.05555555555555555,0.037037037037037035,0.07407407407407407,0.07407407407407407,0.1111111111111111,0.09259259259259259,0.12962962962962962,0.12962962962962962,0.05555555555555555,0.09259259259259259,0.09259259259259259,0.1111111111111111,0.12962962962962962,0.12962962962962962,0.037037037037037035,0.09259259259259259,0.07407407407407407,0.07407407407407407,0.07407407407407407,0.07407407407407407,0.07407407407407407,0.12962962962962962,0.07407407407407407,0.037037037037037035,0.07407407407407407,0.09259259259259259,0.1111111111111111,0.09259259259259259,0.09259259259259259,0.09259259259259259,0.14814814814814814,0.12962962962962962,0.05555555555555555,0.14814814814814814,0.09259259259259259,0.07407407407407407,0.1111111111111111,0.05555555555555555,0.037037037037037035,0.07407407407407407,0.09259259259259259,0.09259259259259259,0.07407407407407407,0.05555555555555555,0.07407407407407407,0.05555555555555555,0.09259259259259259,0.07407407407407407,0.07407407407407407,0.07407407407407407,0.1111111111111111,0.12962962962962962,0.09259259259259259,0.1111111111111111,0.09259259259259259,0.12962962962962962,0.07407407407407407,0.14814814814814814,0.05555555555555555,0.07407407407407407,0.12962962962962962,0.07407407407407407,0.09259259259259259,0.1111111111111111,0.07407407407407407,0.05555555555555555,0.037037037037037035,0.05555555555555555,0.12962962962962962,0.07407407407407407,0.07407407407407407,0.05555555555555555,0.12962962962962962,0.09259259259259259,0.07407407407407407,0.07407407407407407,0.07407407407407407,0.12962962962962962,0.05555555555555555,0.1111111111111111,0.05555555555555555,0.037037037037037035,0.08851851851851852,0.029926750997060405
47,0.05555555555555555,0.07407407407407407,0.05555555555555555,0.07407407407407407,0.09259259259259259,0.1111111111111111,0.037037037037037035,0.12962962962962962,0.12962962962962962,0.1111111111111111,0.037037037037037035,0.09259259259259259,0.05555555555555555,0.1111111111111111,0.05555555555555555,0.07407407407407407,0.07407407407407407,0.037037037037037035,0.05555555555555555,0.05555555555555555,0.037037037037037035,0.037037037037037035,0.05555555555555555,0.09259259259259259,0.07407407407407407,0.1111111111111111,0.1111111111111111,0.05555555555555555,0.09259259259259259,0.07407407407407407,0.09259259259259259,0.12962962962962962,0.1111111111111111,0.018518518518518517,0.037037037037037035,0.037037037037037035,0.07407407407407407,0.07407407407407407,0.07407407407407407,0.05555555555555555,0.1111111111111111,0.07407407407407407,0.037037037037037035,0.037037037037037035,0.07407407407407407,0.1111111111111111,0.09259259259259259,0.09259259259259259,0.07407407407407407,0.12962962962962962,0.05555555555555555,0.05555555555555555,0.12962962962962962,0.09259259259259259,0.05555555555555555,0.09259259259259259,0.05555555555555555,0.037037037037037035,0.05555555555555555,0.07407407407407407,0.07407407407407407,0.07407407407407407,0.05555555555555555,0.07407407407407407,0.05555555555555555,0.07407407407407407,0.07407407407407407,0.07407407407407407,0.05555555555555555,0.05555555555555555,0.1111111111111111,0.07407407407407407,0.09259259259259259,0.07407407407407407,0.1111111111111111,0.05555555555555555,0.12962962962962962,0.05555555555555555,0.07407407407407407,0.09259259259259259,0.07407407407407407,0.037037037037037035,0.05555555555555555,0.07407407407407407,0.037037037037037035,0.037037037037037035,0.05555555555555555,0.1111111111111111,0.07407407407407407,0.07407407407407407,0.037037037037037035,0.09259259259259259,0.07407407407407407,0.07407407407407407,0.07407407407407407,0.07407407407407407,0.1111111111111111,0.037037037037037035,0.1111111111111111,0.037037037037037035,0.018518518518518517,0.0738888888888889,0.027026253557315475
48,0.037037037037037035,0.05555555555555555,0.05555555555555555,0.07407407407407407,0.07407407407407407,0.09259259259259259,0.037037037037037035,0.1111111111111111,0.1111111111111111,0.09259259259259259,0.037037037037037035,0.037037037037037035,0.05555555555555555,0.07407407407407407,0.05555555555555555,0.05555555555555555,0.07407407407407407,0.018518518518518517,0.05555555555555555,0.05555555555555555,0.018518518518518517,0.037037037037037035,0.018518518518518517,0.09259259259259259,0.05555555555555555,0.1111111111111111,0.09259259259259259,0.05555555555555555,0.09259259259259259,0.05555555555555555,0.09259259259259259,0.1111111111111111,0.09259259259259259,0.018518518518518517,0.037037037037037035,0.037037037037037035,0.05555555555555555,0.07407407407407407,0.05555555555555555,0.037037037037037035,0.09259259259259259,0.07407407407407407,0.037037037037037035,0.037037037037037035,0.07407407407407407,0.09259259259259259,0.07407407407407407,0.07407407407407407,0.05555555555555555,0.1111111111111111,0.037037037037037035,0.05555555555555555,0.1111111111111111,0.09259259259259259,0.05555555555555555,0.05555555555555555,0.05555555555555555,0.037037037037037035,0.037037037037037035,0.07407407407407407,0.05555555555555555,0.05555555555555555,0.05555555555555555,0.07407407407407407,0.05555555555555555,0.05555555555555555,0.07407407407407407,0.05555555555555555,0.05555555555555555,0.05555555555555555,0.09259259259259259,0.037037037037037035,0.037037037037037035,0.07407407407407407,0.09259259259259259,0.037037037037037035,0.1111111111111111,0.05555555555555555,0.037037037037037035,0.07407407407407407,0.05555555555555555,0.037037037037037035,0.05555555555555555,0.05555555555555555,0.037037037037037035,0.037037037037037035,0.037037037037037035,0.07407407407407407,0.07407407407407407,0.07407407407407407,0.037037037037037035,0.09259259259259259,0.07407407407407407,0.05555555555555555,0.05555555555555555,0.05555555555555555,0.09259259259259259,0.037037037037037035,0.09259259259259259,0.037037037037037035,0.018518518518518517,0.062407407407407404,0.023953401263677888
49,0.037037037037037035,0.05555555555555555,0.037037037037037035,0.07407407407407407,0.05555555555555555,0.05555555555555555,0.037037037037037035,0.05555555555555555,0.05555555555555555,0.05555555555555555,0.018518518518518517,0.037037037037037035,0.037037037037037035,0.05555555555555555,0.05555555555555555,0.05555555555555555,0.05555555555555555,0.018518518518518517,0.018518518518518517,0.05555555555555555,0.018518518518518517,0.018518518518518517,0.018518518518518517,0.05555555555555555,0.05555555555555555,0.09259259259259259,0.09259259259259259,0.05555555555555555,0.07407407407407407,0.05555555555555555,0.037037037037037035,0.09259259259259259,0.05555555555555555,0.018518518518518517,0.037037037037037035,0.037037037037037035,0.05555555555555555,0.05555555555555555,0.05555555555555555,0.018518518518518517,0.09259259259259259,0.05555555555555555,0.037037037037037035,0.037037037037037035,0.05555555555555555,0.07407407407407407,0.037037037037037035,0.05555555555555555,0.05555555555555555,0.09259259259259259,0.037037037037037035,0.05555555555555555,0.09259259259259259,0.07407407407407407,0.05555555555555555,0.05555555555555555,0.037037037037037035,0.037037037037037035,0.037037037037037035,0.07407407407407407,0.037037037037037035,0.037037037037037035,0.018518518518518517,0.037037037037037035,0.037037037037037035,0.037037037037037035,0.05555555555555555,0.037037037037037035,0.037037037037037035,0.05555555555555555,0.07407407407407407,0.018518518518518517,0.037037037037037035,0.037037037037037035,0.07407407407407407,0.037037037037037035,0.09259259259259259,0.05555555555555555,0.037037037037037035,0.07407407407407407,0.05555555555555555,0.037037037037037035,0.037037037037037035,0.037037037037037035,0.037037037037037035,0.037037037037037035,0.037037037037037035,0.07407407407407407,0.05555555555555555,0.05555555555555555,0.037037037037037035,0.07407407407407407,0.037037037037037035,0.018518518518518517,0.05555555555555555,0.037037037037037035,0.037037037037037035,0.037037037037037035,0.09259259259259259,0.037037037037037035,0.018518518518518517,0.04925925925925927,0.019636616506387504
50,0.018518518518518517,0.05555555555555555,0.037037037037037035,0.05555555555555555,0.05555555555555555,0.018518518518518517,0.018518518518518517,0.037037037037037035,0.05555555555555555,0.05555555555555555,0.018518518518518517,0.018518518518518517,0.037037037037037035,0.05555555555555555,0.05555555555555555,0.037037037037037035,0.05555555555555555,0.018518518518518517,0.018518518518518517,0.05555555555555555,0.018518518518518517,0.018518518518518517,0.018518518518518517,0.037037037037037035,0.05555555555555555,0.07407407407407407,0.018518518518518517,0.05555555555555555,0.05555555555555555,0.018518518518518517,0.037037037037037035,0.07407407407407407,0.05555555555555555,0.018518518518518517,0.037037037037037035,0.037037037037037035,0.018518518518518517,0.018518518518518517,0.05555555555555555,0.018518518518518517,0.07407407407407407,0.018518518518518517,0.037037037037037035,0.018518518518518517,0.05555555555555555,0.05555555555555555,0.037037037037037035,0.037037037037037035,0.05555555555555555,0.07407407407407407,0.018518518518518517,0.037037037037037035,0.07407407407407407,0.07407407407407407,0.05555555555555555,0.037037037037037035,0.018518518518518517,0.037037037037037035,0.037037037037037035,0.05555555555555555,0.037037037037037035,0.018518518518518517,0.018518518518518517,0.037037037037037035,0.037037037037037035,0.018518518518518517,0.037037037037037035,0.037037037037037035,0.037037037037037035,0.037037037037037035,0.05555555555555555,0.018518518518518517,0.037037037037037035,0.037037037037037035,0.05555555555555555,0.037037037037037035,0.07407407407407407,0.037037037037037035,0.037037037037037035,0.07407407407407407,0.037037037037037035,0.037037037037037035,0.018518518518518517,0.037037037037037035,0.037037037037037035,0.037037037037037035,0.018518518518518517,0.07407407407407407,0.037037037037037035,0.037037037037037035,0.018518518518518517,0.05555555555555555,0.018518518518518517,0.018518518518518517,0.05555555555555555,0.037037037037037035,0.037037037037037035,0.037037037037037035,0.07407407407407407,0.037037037037037035,0.018518518518518517,0.03962962962962966,0.01757211283596512
51,0.018518518518518517,0.018518518518518517,0.037037037037037035,0.037037037037037035,0.05555555555555555,0.018518518518518517,0.018518518518518517,0.037037037037037035,0.018518518518518517,0.037037037037037035,0.018518518518518517,0.018518518518518517,0.037037037037037035,0.037037037037037035,0.037037037037037035,0.018518518518518517,0.018518518518518517,0.018518518518518517,0.018518518518518517,0.05555555555555555,0.018518518518518517,0.018518518518518517,0.018518518518518517,0.037037037037037035,0.037037037037037035,0.05555555555555555,0.018518518518518517,0.037037037037037035,0.037037037037037035,0.018518518518518517,0.037037037037037035,0.05555555555555555,0.037037037037037035,0.018518518518518517,0.037037037037037035,0.037037037037037035,0.018518518518518517,0.018518518518518517,0.018518518518518517,0.018518518518518517,0.037037037037037035,0.018518518518518517,0.018518518518518517,0.018518518518518517,0.037037037037037035,0.018518518518518517,0.037037037037037035,0.018518518518518517,0.037037037037037035,0.05555555555555555,0.018518518518518517,0.037037037037037035,0.05555555555555555,0.05555555555555555,0.037037037037037035,0.037037037037037035,0.018518518518518517,0.037037037037037035,0.037037037037037035,0.037037037037037035,0.037037037037037035,0.018518518518518517,0.018518518518518517,0.018518518518518517,0.037037037037037035,0.018518518518518517,0.018518518518518517,0.018518518518518517,0.018518518518518517,0.037037037037037035,0.037037037037037035,0.018518518518518517,0.018518518518518517,0.018518518518518517,0.037037037037037035,0.037037037037037035,0.05555555555555555,0.018518518518518517,0.037037037037037035,0.05555555555555555,0.018518518518518517,0.037037037037037035,0.018518518518518517,0.037037037037037035,0.037037037037037035,0.018518518518518517,0.018518518518518517,0.05555555555555555,0.037037037037037035,0.018518518518518517,0.018518518518518517,0.037037037037037035,0.018518518518518517,0.018518518518518517,0.037037037037037035,0.037037037037037035,0.018518518518518517,0.018518518518518517,0.037037037037037035,0.037037037037037035,0.018518518518518517,0.02981481481481485,0.012254446856715341
52,0.018518518518518517,0.018518518518518517,0.018518518518518517,0.037037037037037035,0.037037037037037035,0.018518518518518517,0.018518518518518517,0.018518518518518517,0.018518518518518517,0.037037037037037035,0.018518518518518517,0.018518518518518517,0.037037037037037035,0.018518518518518517,0.037037037037037035,0.018518518518518517,0.018518518518518517,0.018518518518518517,0.018518518518518517,0.037037037037037035,0.018518518518518517,0.018518518518518517,0.018518518518518517,0.037037037037037035,0.037037037037037035,0.037037037037037035,0.018518518518518517,0.018518518518518517,0.018518518518518517,0.018518518518518517,0.037037037037037035,0.037037037037037035,0.018518518518518517,0.018518518518518517,0.018518518518518517,0.018518518518518517,0.018518518518518517,0.018518518518518517,0.018518518518518517,0.018518518518518517,0.037037037037037035,0.018518518518518517,0.018518518518518517,0.018518518518518517,0.037037037037037035,0.018518518518518517,0.018518518518518517,0.018518518518518517,0.018518518518518517,0.018518518518518517,0.018518518518518517,0.018518518518518517,0.037037037037037035,0.018518518518518517,0.018518518518518517,0.037037037037037035,0.018518518518518517,0.018518518518518517,0.037037037037037035,0.018518518518518517,0.018518518518518517,0.018518518518518517,0.018518518518518517,0.018518518518518517,0.018518518518518517,0.018518518518518517,0.018518518518518517,0.018518518518518517,0.018518518518518517,0.018518518518518517,0.037037037037037035,0.018518518518518517,0.018518518518518517,0.018518518518518517,0.018518518518518517,0.037037037037037035,0.037037037037037035,0.018518518518518517,0.018518518518518517,0.037037037037037035,0.018518518518518517,0.037037037037037035,0.018518518518518517,0.018518518518518517,0.018518518518518517,0.018518518518518517,0.018518518518518517,0.037037037037037035,0.018518518518518517,0.018518518518518517,0.018518518518518517,0.018518518518518517,0.018518518518518517,0.018518518518518517,0.018518518518518517,0.018518518518518517,0.018518518518518517,0.018518518518518517,0.018518518518518517,0.018518518518518517,0.018518518518518517,0.02259259259259262,0.0076712278434103685
53,0.018518518518518517,0.018518518518518517,0.018518518518518517,0.018518518518518517,0.018518518518518517,0.018518518518518517,0.018518518518518517,0.018518518518518517,0.018518518518518517,0.018518518518518517,0.018518518518518517,0.018518518518518517,0.018518518518518517,0.018518518518518517,0.018518518518518517,0.018518518518518517,0.018518518518518517,0.018518518518518517,0.018518518518518517,0.018518518518518517,0.018518518518518517,0.018518518518518517,0.018518518518518517,0.018518518518518517,0.018518518518518517,0.018518518518518517,0.018518518518518517,0.018518518518518517,0.018518518518518517,0.018518518518518517,0.018518518518518517,0.018518518518518517,0.018518518518518517,0.018518518518518517,0.018518518518518517,0.018518518518518517,0.018518518518518517,0.018518518518518517,0.018518518518518517,0.018518518518518517,0.018518518518518517,0.018518518518518517,0.018518518518518517,0.018518518518518517,0.018518518518518517,0.018518518518518517,0.018518518518518517,0.018518518518518517,0.018518518518518517,0.018518518518518517,0.018518518518518517,0.018518518518518517,0.018518518518518517,0.018518518518518517,0.018518518518518517,0.018518518518518517,0.018518518518518517,0.018518518518518517,0.018518518518518517,0.018518518518518517,0.018518518518518517,0.018518518518518517,0.018518518518518517,0.018518518518518517,0.018518518518518517,0.018518518518518517,0.018518518518518517,0.018518518518518517,0.018518518518518517,0.018518518518518517,0.018518518518518517,0.018518518518518517,0.018518518518518517,0.018518518518518517,0.018518518518518517,0.018518518518518517,0.018518518518518517,0.018518518518518517,0.018518518518518517,0.018518518518518517,0.018518518518518517,0.018518518518518517,0.018518518518518517,0.018518518518518517,0.018518518518518517,0.018518518518518517,0.018518518518518517,0.018518518518518517,0.018518518518518517,0.018518518518518517,0.018518518518518517,0.018518518518518517,0.018518518518518517,0.018518518518518517,0.018518518518518517,0.018518518518518517,0.018518518518518517,0.018518518518518517,0.018518518518518517,0.018518518518518517,0.018518518518518517,0.018518518518518545,2.7755575615628914e-17
54,0.0,0.0,0.0,0.0,0.0,0.0,0.0,0.0,0.0,0.0,0.0,0.0,0.0,0.0,0.0,0.0,0.0,0.0,0.0,0.0,0.0,0.0,0.0,0.0,0.0,0.0,0.0,0.0,0.0,0.0,0.0,0.0,0.0,0.0,0.0,0.0,0.0,0.0,0.0,0.0,0.0,0.0,0.0,0.0,0.0,0.0,0.0,0.0,0.0,0.0,0.0,0.0,0.0,0.0,0.0,0.0,0.0,0.0,0.0,0.0,0.0,0.0,0.0,0.0,0.0,0.0,0.0,0.0,0.0,0.0,0.0,0.0,0.0,0.0,0.0,0.0,0.0,0.0,0.0,0.0,0.0,0.0,0.0,0.0,0.0,0.0,0.0,0.0,0.0,0.0,0.0,0.0,0.0,0.0,0.0,0.0,0.0,0.0,0.0,0.0,0.0,0.0,0.0
