gene_symbol,UniProt AC,Entrez ID,GeneCards score,DisGeNET score,OMIM(yes/no),CTD inference,OpenTargets score,OT_disease_count,DISEASES curated,in_core_set(yes/no),pathology_axis(1-4),query_source,download_date,notes
ABCB4,P21439,5244.0,121.79,(pending API key),,inferred:72.93,0.063,7.0,,yes,,aHUS with C3 anomaly;aHUS with complement gene abnormality;atypical hemolytic-uremic syndrome;congenital TTP;hemolytic-u；GC:atypical hem；CTD:MAHA;CTD:TMA;CTD:TTP,2026-09-22,
ABCC2,Q92887,1244.0,113.65,(pending API key),,inferred:144.75,0.071,7.0,,yes,,aHUS with C3 anomaly;aHUS with complement gene abnormality;atypical hemolytic-uremic syndrome;congenital TTP;hemolytic-u；GC:atypical hem/thrombotic t；CTD:MAHA;CTD:TMA;CTD:TTP,2026-09-22,
ABCG2,Q9UNQ0,9429.0,166.14,(pending API key),,inferred:96.97,0.068,5.0,,yes,,aHUS with C3 anomaly;aHUS with complement gene abnormality;atypical hemolytic-uremic syndrome;hemolytic-uremic syndrome;；GC:atypical hem/thrombotic t；CTD:MAHA;CTD:TMA;CTD:TTP,2026-09-22,
ABCG5,Q9H222,64240.0,32.52,(pending API key),,inferred:35.74,0.055,3.0,,yes,,atypical hemolytic-uremic syndrome;hemolytic-uremic syndrome;thrombotic microangiopathy；GC:thrombotic t；CTD:MAHA;CTD:TMA;CTD:TTP,2026-09-22,
ABCG8,Q9H221,64241.0,16.74,(pending API key),,inferred:28.89,0.057,3.0,,yes,,atypical hemolytic-uremic syndrome;hemolytic-uremic syndrome;thrombotic microangiopathy；GC:thrombotic t；CTD:MAHA;CTD:TMA;CTD:TTP,2026-09-22,
ACE,P12821,1636.0,245.17,(pending API key),,inferred:39.89,0.078,5.0,,yes,,aHUS with C3 anomaly;aHUS with complement gene abnormality;atypical hemolytic-uremic syndrome;hemolytic-uremic syndrome;；GC:atypical hem/microangiopa/thrombotic m；CTD:MAHA;CTD:TMA;CTD:TTP,2026-09-22,
ACTN4,O43707,81.0,0.31,(pending API key),,inferred:17.25,0.074,4.0,,yes,,aHUS with complement gene abnormality;atypical hemolytic-uremic syndrome;hemolytic-uremic syndrome;thrombotic microangio；GC:thrombotic m；CTD:MAHA;CTD:TMA;CTD:TTP,2026-09-22,
ADAMTS13,Q76LX8,11093.0,976.74,1.15,yes,direct:marker/mechanism,0.874,5.0,yes,yes,Axis1,atypical hemolytic-uremic syndrome;congenital TTP;hemolytic-uremic syndrome;thrombotic microangiopathy;thrombotic thromb；GC:atypical hem/microangiopa/snakebite en/thrombotic m/thrombotic t/venom-induc；CTD:MAHA;CTD:TMA;CTD:TTP；OMIM,2026-09-22,"Thrombotic thrombocytopenic purpura(MedlinePlus,z=CURATED)"
ADCY6,O43306,112.0,(pending manual export),(pending API key),,inferred:25.31,0.068,5.0,,yes,,aHUS with C3 anomaly;aHUS with complement gene abnormality;atypical hemolytic-uremic syndrome;hemolytic-uremic syndrome；CTD:MAHA;CTD:TMA,2026-09-22,
ADD1,P35611,118.0,(pending manual export),(pending API key),,inferred:33.46,0.051,1.0,,no (wide set),,thrombotic microangiopathy；CTD:MAHA;CTD:TMA;CTD:TTP,2026-09-22,
ADD2,P35612,119.0,(pending manual export),(pending API key),,inferred:13.04,0.071,7.0,,yes,,aHUS with C3 anomaly;aHUS with complement gene abnormality;atypical hemolytic-uremic syndrome;congenital TTP;hemolytic-u；CTD:MAHA;CTD:TMA;CTD:TTP,2026-09-22,
ADIPOQ,Q15848,9370.0,384.14,(pending API key),,inferred:40.39,0.058,1.0,,yes,,thrombotic microangiopathy；GC:atypical hem/microangiopa/thrombotic m；CTD:MAHA;CTD:TMA;CTD:TTP;CTD:aHUS,2026-09-22,promoted to core set by reaching GeneCards main threshold
ADIPOR1,Q96A54,51094.0,328.38,(pending API key),,inferred:27.74,0.054,3.0,,yes,,atypical hemolytic-uremic syndrome;hemolytic-uremic syndrome;thrombotic microangiopathy；GC:atypical hem/microangiopa/thrombotic m；CTD:MAHA;CTD:TMA;CTD:TTP,2026-09-22,
ADM,P35318,133.0,(pending manual export),(pending API key),,inferred:53.38,0.053,3.0,,yes,,atypical hemolytic-uremic syndrome;hemolytic-uremic syndrome;thrombotic microangiopathy；CTD:MAHA;CTD:TMA;CTD:TTP,2026-09-22,
ADORA1,P30542,134.0,(pending manual export),(pending API key),,inferred:20.17,0.066,4.0,,yes,,aHUS with complement gene abnormality;atypical hemolytic-uremic syndrome;hemolytic-uremic syndrome;thrombotic microangio；CTD:MAHA;CTD:TMA;CTD:TTP,2026-09-22,
ADORA3,P0DMS8,140.0,17.48,(pending API key),,inferred:20.38,0.064,4.0,,yes,,aHUS with complement gene abnormality;atypical hemolytic-uremic syndrome;hemolytic-uremic syndrome;thrombotic microangio；GC:thrombotic t；CTD:MAHA;CTD:TMA;CTD:TTP,2026-09-22,
ADRB2,P07550,154.0,66.22,(pending API key),,inferred:33.54,0.096,1.0,,no (wide set),,thrombotic microangiopathy；GC:atypical hem；CTD:MAHA;CTD:TMA;CTD:TTP,2026-09-22,
ADRM1,Q16186,11047.0,(pending manual export),(pending API key),,inferred:21.25,0.293,1.0,,no (wide set),,thrombotic microangiopathy；CTD:MAHA;CTD:TMA;CTD:TTP,2026-09-22,
AGPAT1,Q99943,10554.0,(pending manual export),(pending API key),,inferred:14.18,0.064,4.0,,yes,,aHUS with complement gene abnormality;atypical hemolytic-uremic syndrome;hemolytic-uremic syndrome;thrombotic microangio；CTD:MAHA;CTD:TMA;CTD:TTP,2026-09-22,
AGT,P01019,183.0,191.24,(pending API key),,inferred:66.38,0.073,6.0,,yes,,aHUS with C3 anomaly;aHUS with complement gene abnormality;atypical hemolytic-uremic syndrome;hemolytic-uremic syndrome;；GC:atypical hem/microangiopa/thrombotic m；CTD:MAHA;CTD:TMA;CTD:TTP,2026-09-22,
AGTR1,P30556,185.0,86.01,(pending API key),,inferred:19.72,0.067,6.0,,yes,,aHUS with C3 anomaly;aHUS with complement gene abnormality;atypical hemolytic-uremic syndrome;hemolytic-uremic syndrome;；GC:atypical hem/microangiopa/thrombotic m；CTD:MAHA;CTD:TMA;CTD:TTP,2026-09-22,
AGTR2,P50052,186.0,(pending manual export),(pending API key),,inferred:11.07,0.062,4.0,,yes,,aHUS with complement gene abnormality;atypical hemolytic-uremic syndrome;hemolytic-uremic syndrome;thrombotic microangio；CTD:MAHA;CTD:TMA,2026-09-22,
AGXT,P21549,189.0,(pending manual export),(pending API key),,inferred:18.27,0.073,4.0,,yes,,aHUS with complement gene abnormality;atypical hemolytic-uremic syndrome;hemolytic-uremic syndrome;thrombotic microangio；CTD:MAHA;CTD:TMA;CTD:TTP,2026-09-22,
AGXT2,Q9BYV1,64902.0,(pending manual export),(pending API key),,inferred:6.77,0.05,4.0,,yes,,aHUS with complement gene abnormality;atypical hemolytic-uremic syndrome;hemolytic-uremic syndrome;thrombotic microangio；CTD:MAHA;CTD:TMA;CTD:TTP,2026-09-22,
AHSG,P02765,197.0,160.95,(pending API key),,inferred:58.08,0.056,1.0,,yes,,hemolytic-uremic syndrome；GC:atypical hem；CTD:MAHA;CTD:TMA;CTD:TTP,2026-09-22,promoted to core set by reaching GeneCards main threshold
AIF1,P55008,199.0,(pending manual export),(pending API key),,inferred:25.19,0.063,1.0,,no (wide set),,thrombotic microangiopathy；CTD:MAHA;CTD:TMA;CTD:TTP,2026-09-22,
AKAP8L,Q9ULX6,26993.0,(pending manual export),(pending API key),,inferred:22.17,0.051,1.0,,no (wide set),,thrombotic microangiopathy；CTD:MAHA;CTD:TMA;CTD:TTP,2026-09-22,
AKR1B1,P15121,231.0,37.13,(pending API key),,inferred:42.06,0.07,4.0,,yes,,aHUS with complement gene abnormality;atypical hemolytic-uremic syndrome;hemolytic-uremic syndrome;thrombotic microangio；GC:atypical hem；CTD:MAHA;CTD:TMA;CTD:TTP,2026-09-22,
AKT1,P31749,207.0,(pending manual export),(pending API key),,inferred:123.94,0.074,1.0,,no (wide set),,thrombotic microangiopathy；CTD:MAHA;CTD:TMA;CTD:TTP;CTD:aHUS;CTD:snakebite,2026-09-22,
ALMS1,Q8TCU4,7840.0,(pending manual export),(pending API key),,inferred:24.38,0.055,3.0,,yes,,atypical hemolytic-uremic syndrome;hemolytic-uremic syndrome;thrombotic microangiopathy；CTD:MAHA;CTD:TMA;CTD:TTP,2026-09-22,
AMPD2,Q01433,271.0,31.95,(pending API key),,inferred:19.62,0.058,3.0,,yes,,atypical hemolytic-uremic syndrome;hemolytic-uremic syndrome;thrombotic microangiopathy；GC:thrombotic t；CTD:MAHA;CTD:TMA;CTD:TTP,2026-09-22,
ANK1,P16157,286.0,(pending manual export),(pending API key),,inferred:41.21,0.07,7.0,,yes,,aHUS with C3 anomaly;aHUS with complement gene abnormality;atypical hemolytic-uremic syndrome;congenital TTP;hemolytic-u；CTD:MAHA;CTD:TMA;CTD:TTP,2026-09-22,
ANKRD44,Q8N8A2,91526.0,(pending manual export),(pending API key),,inferred:24.29,0.051,1.0,,no (wide set),,thrombotic microangiopathy；CTD:MAHA;CTD:TMA;CTD:TTP,2026-09-22,
APCS,P02743,325.0,171.49,(pending API key),,inferred:35.75,0.056,3.0,,yes,,atypical hemolytic-uremic syndrome;hemolytic-uremic syndrome;thrombotic microangiopathy；GC:atypical hem/thrombotic m/thrombotic t；CTD:MAHA;CTD:TMA;CTD:TTP;CTD:aHUS,2026-09-22,
APRT,P07741,353.0,84.16,(pending API key),,inferred:17.77,0.07,5.0,,yes,,aHUS with C3 anomaly;aHUS with complement gene abnormality;atypical hemolytic-uremic syndrome;hemolytic-uremic syndrome;；GC:atypical hem；CTD:MAHA;CTD:TMA,2026-09-22,
AQP11,Q8NBQ7,282679.0,(pending manual export),(pending API key),,inferred:31.76,0.073,5.0,,yes,,aHUS with C3 anomaly;aHUS with complement gene abnormality;atypical hemolytic-uremic syndrome;hemolytic-uremic syndrome；CTD:MAHA;CTD:TMA;CTD:TTP,2026-09-22,
AQP12A,Q8IXF9,375318.0,(pending manual export),(pending API key),,inferred:2.58,0.051,1.0,,no (wide set),,thrombotic microangiopathy；CTD:MAHA,2026-09-22,
AQP12B,A6NM10,653437.0,(pending manual export),(pending API key),,inferred:8.61,0.051,1.0,,no (wide set),,thrombotic microangiopathy；CTD:MAHA;CTD:TMA,2026-09-22,
AQP2,P41181,359.0,160.17,(pending API key),,inferred:41.75,0.063,4.0,,yes,,aHUS with complement gene abnormality;atypical hemolytic-uremic syndrome;hemolytic-uremic syndrome;thrombotic microangio；GC:atypical hem/microangiopa；CTD:MAHA;CTD:TMA;CTD:TTP,2026-09-22,
AQP3,Q92482,360.0,31.07,(pending API key),,inferred:42.13,0.057,4.0,,yes,,aHUS with complement gene abnormality;atypical hemolytic-uremic syndrome;hemolytic-uremic syndrome;thrombotic microangio；GC:atypical hem；CTD:MAHA;CTD:TMA;CTD:TTP,2026-09-22,
AQP4,P55087,361.0,137.31,(pending API key),,inferred:26.03,0.065,4.0,,yes,,aHUS with complement gene abnormality;atypical hemolytic-uremic syndrome;hemolytic-uremic syndrome;thrombotic microangio；GC:atypical hem/microangiopa/thrombotic m/thrombotic t；CTD:MAHA;CTD:TMA;CTD:TTP,2026-09-22,
AQP7,O14520,364.0,(pending manual export),(pending API key),,inferred:30.33,0.065,4.0,,yes,,aHUS with complement gene abnormality;atypical hemolytic-uremic syndrome;hemolytic-uremic syndrome;thrombotic microangio；CTD:MAHA;CTD:TMA;CTD:TTP,2026-09-22,
AQP7B,A0A075B734,100509620.0,(pending manual export),(pending API key),,(pending manual export),0.065,4.0,,yes,,aHUS with complement gene abnormality;atypical hemolytic-uremic syndrome;hemolytic-uremic syndrome;thrombotic microangio,2026-09-22,
AQP7P3,,441432.0,(pending manual export),(pending API key),,inferred:2.92,0.065,4.0,,yes,,aHUS with complement gene abnormality;atypical hemolytic-uremic syndrome;hemolytic-uremic syndrome;thrombotic microangio；CTD:MAHA,2026-09-22,
AR,P10275,367.0,42.87,(pending API key),,inferred:54.46,0.121,2.0,,no (wide set),,thrombotic microangiopathy;thrombotic thrombocytopenic purpura；GC:thrombotic t；CTD:MAHA;CTD:TMA;CTD:TTP;CTD:aHUS,2026-09-22,
ARG1,P05089,383.0,(pending manual export),(pending API key),,inferred:53.64,0.051,1.0,,no (wide set),,hemolytic-uremic syndrome；CTD:MAHA;CTD:TMA;CTD:TTP,2026-09-22,
ARHGDIA,P52565,396.0,(pending manual export),(pending API key),,inferred:44.28,0.063,4.0,,yes,,aHUS with complement gene abnormality;atypical hemolytic-uremic syndrome;hemolytic-uremic syndrome;thrombotic microangio；CTD:MAHA;CTD:TMA;CTD:TTP,2026-09-22,
ARHGEF2,Q92974,9181.0,(pending manual export),(pending API key),,inferred:30.62,0.051,1.0,,no (wide set),,thrombotic microangiopathy；CTD:MAHA;CTD:TMA;CTD:TTP,2026-09-22,
ARPC1B,O15143,10095.0,(pending manual export),(pending API key),,inferred:23.19,0.052,3.0,,yes,,atypical hemolytic-uremic syndrome;hemolytic-uremic syndrome;thrombotic microangiopathy；CTD:MAHA;CTD:TMA;CTD:TTP,2026-09-22,
ASL,P04424,435.0,115.16,(pending API key),,inferred:56.17,0.058,4.0,,yes,,aHUS with complement gene abnormality;atypical hemolytic-uremic syndrome;hemolytic-uremic syndrome;thrombotic microangio；GC:atypical hem；CTD:MAHA;CTD:TMA;CTD:TTP,2026-09-22,
ATG4B,Q9Y4P1,23192.0,(pending manual export),(pending API key),,inferred:35.18,0.054,4.0,,yes,,aHUS with complement gene abnormality;atypical hemolytic-uremic syndrome;hemolytic-uremic syndrome;thrombotic microangio；CTD:MAHA;CTD:TMA;CTD:TTP,2026-09-22,
ATP11C,Q8NB49,286410.0,(pending manual export),(pending API key),,inferred:23.08,0.06,4.0,,yes,,aHUS with complement gene abnormality;atypical hemolytic-uremic syndrome;hemolytic-uremic syndrome;thrombotic microangio；CTD:MAHA;CTD:TMA;CTD:TTP,2026-09-22,
ATP13A3,Q9H7F0,79572.0,(pending manual export),(pending API key),,inferred:27.74,0.054,3.0,,yes,,atypical hemolytic-uremic syndrome;hemolytic-uremic syndrome;thrombotic microangiopathy；CTD:MAHA;CTD:TMA;CTD:TTP,2026-09-22,
ATP4A,P20648,495.0,(pending manual export),(pending API key),,inferred:15.43,0.475,2.0,,yes,,hemolytic-uremic syndrome;thrombotic microangiopathy；CTD:MAHA;CTD:TMA;CTD:TTP,2026-09-22,
ATP4B,P51164,496.0,(pending manual export),(pending API key),,inferred:2.79,0.462,1.0,,yes,,thrombotic microangiopathy；CTD:MAHA;CTD:TMA,2026-09-22,
ATP5MK,Q96IX5,84833.0,(pending manual export),(pending API key),,inferred:21.51,0.051,1.0,,no (wide set),,hemolytic-uremic syndrome；CTD:MAHA;CTD:TMA;CTD:TTP,2026-09-22,
ATP6V1B1,P15313,525.0,75.47,(pending API key),,inferred:15.56,0.063,4.0,,yes,,aHUS with complement gene abnormality;atypical hemolytic-uremic syndrome;hemolytic-uremic syndrome;thrombotic microangio；GC:atypical hem；CTD:MAHA;CTD:TMA;CTD:TTP,2026-09-22,
ATP8B1,O43520,5205.0,(pending manual export),(pending API key),,inferred:26.15,0.053,2.0,,no (wide set),,hemolytic-uremic syndrome;thrombotic microangiopathy；CTD:MAHA;CTD:TMA;CTD:TTP,2026-09-22,
ATRIP,Q8WXE1,84126.0,233.05,0.40,,inferred:11.22,0.259,1.0,,yes,,thrombotic microangiopathy；GC:atypical hem/microangiopa/thrombotic m/thrombotic t；CTD:MAHA,2026-09-22,promoted to core set by reaching GeneCards main threshold
AVPR2,P30518,554.0,(pending manual export),(pending API key),,inferred:14.94,0.057,3.0,,yes,,atypical hemolytic-uremic syndrome;hemolytic-uremic syndrome;thrombotic microangiopathy；CTD:MAHA;CTD:TMA;CTD:TTP,2026-09-22,
B4GALT1,P15291,2683.0,106.12,(pending API key),,inferred:35.94,0.068,3.0,,yes,,atypical hemolytic-uremic syndrome;hemolytic-uremic syndrome;thrombotic microangiopathy；GC:atypical hem；CTD:MAHA;CTD:TMA;CTD:TTP,2026-09-22,
BACH2,Q9BYV9,60468.0,(pending manual export),(pending API key),,inferred:34.07,0.051,1.0,,no (wide set),,thrombotic microangiopathy；CTD:MAHA;CTD:TMA;CTD:TTP,2026-09-22,
BAK1,Q16611,578.0,35.89,(pending API key),,inferred:45.79,0.059,1.0,,no (wide set),,thrombotic microangiopathy；GC:atypical hem/thrombotic t；CTD:MAHA;CTD:TMA;CTD:TTP,2026-09-22,
BCL2,P10415,596.0,109.06,(pending API key),,inferred:146.62,0.074,3.0,,yes,,atypical hemolytic-uremic syndrome;hemolytic-uremic syndrome;thrombotic microangiopathy；GC:atypical hem/thrombotic t/venom-induce；CTD:MAHA;CTD:TMA;CTD:TTP;CTD:aHUS;CTD:snakebite,2026-09-22,
BCL2L1,Q07817,598.0,69.30,(pending API key),,inferred:94.29,0.104,1.0,,no (wide set),,thrombotic microangiopathy；GC:atypical hem/thrombotic t；CTD:MAHA;CTD:TMA;CTD:TTP;CTD:aHUS,2026-09-22,
BCL2L11,O43521,10018.0,(pending manual export),(pending API key),,inferred:56.42,0.06,4.0,,yes,,aHUS with complement gene abnormality;atypical hemolytic-uremic syndrome;hemolytic-uremic syndrome;thrombotic microangio；CTD:MAHA;CTD:TMA;CTD:TTP;CTD:aHUS,2026-09-22,
BCL2L15,Q5TBC7,440603.0,(pending manual export),(pending API key),,inferred:7.76,0.052,4.0,,yes,,aHUS with complement gene abnormality;atypical hemolytic-uremic syndrome;hemolytic-uremic syndrome;thrombotic microangio；CTD:MAHA;CTD:TMA;CTD:TTP,2026-09-22,
BCR,P11274,613.0,(pending manual export),(pending API key),,inferred:18.63,0.06,3.0,,yes,,atypical hemolytic-uremic syndrome;hemolytic-uremic syndrome;thrombotic microangiopathy；CTD:MAHA;CTD:TMA;CTD:TTP,2026-09-22,
BDKRB2,P30411,624.0,35.23,(pending API key),,inferred:22.19,0.066,4.0,,yes,,aHUS with complement gene abnormality;atypical hemolytic-uremic syndrome;hemolytic-uremic syndrome;thrombotic microangio；GC:atypical hem/thrombotic m；CTD:MAHA;CTD:TMA;CTD:TTP,2026-09-22,
BECN1,Q14457,8678.0,43.67,(pending API key),,inferred:53.53,0.081,1.0,,no (wide set),,thrombotic microangiopathy；GC:atypical hem；CTD:MAHA;CTD:TMA;CTD:TTP,2026-09-22,
BICC1,Q9H694,80114.0,(pending manual export),(pending API key),,inferred:19.55,0.057,4.0,,yes,,aHUS with complement gene abnormality;atypical hemolytic-uremic syndrome;hemolytic-uremic syndrome;thrombotic microangio；CTD:MAHA;CTD:TMA;CTD:TTP,2026-09-22,
BIVM,Q86UB2,54841.0,(pending manual export),(pending API key),,inferred:36.08,0.06,4.0,,yes,,aHUS with complement gene abnormality;atypical hemolytic-uremic syndrome;hemolytic-uremic syndrome;thrombotic microangio；CTD:MAHA;CTD:TMA;CTD:TTP,2026-09-22,
BIVM-ERCC5,,100533467.0,(pending manual export),(pending API key),,inferred:8.18,0.06,4.0,,yes,,aHUS with complement gene abnormality;atypical hemolytic-uremic syndrome;hemolytic-uremic syndrome;thrombotic microangio；CTD:MAHA;CTD:TMA;CTD:TTP,2026-09-22,
BLOC1S5,Q8TDH9,63915.0,(pending manual export),(pending API key),,inferred:4.89,0.061,1.0,,no (wide set),,thrombotic microangiopathy；CTD:MAHA;CTD:TMA;CTD:TTP,2026-09-22,
BLOC1S5-TXNDC5,,100526836.0,(pending manual export),(pending API key),,inferred:10.80,0.061,1.0,,no (wide set),,thrombotic microangiopathy；CTD:MAHA;CTD:TMA;CTD:TTP,2026-09-22,
BPGM,P07738,669.0,(pending manual export),(pending API key),,inferred:29.93,0.056,4.0,,yes,,aHUS with complement gene abnormality;atypical hemolytic-uremic syndrome;hemolytic-uremic syndrome;thrombotic microangio；CTD:MAHA;CTD:TMA;CTD:TTP,2026-09-22,
BRCC3,P46736,79184.0,(pending manual export),(pending API key),,inferred:28.69,0.069,1.0,,no (wide set),,thrombotic microangiopathy；CTD:MAHA;CTD:TMA;CTD:TTP,2026-09-22,
BRD7,Q9NPI1,29117.0,(pending manual export),(pending API key),,inferred:18.26,0.222,1.0,,no (wide set),,thrombotic microangiopathy；CTD:MAHA;CTD:TMA,2026-09-22,
BSG,P35613,682.0,62.18,(pending API key),,inferred:25.61,0.066,4.0,,yes,,aHUS with complement gene abnormality;atypical hemolytic-uremic syndrome;hemolytic-uremic syndrome;thrombotic microangio；GC:atypical hem；CTD:MAHA;CTD:TMA;CTD:TTP,2026-09-22,
BSND,Q8WZ55,7809.0,(pending manual export),(pending API key),,inferred:10.35,0.065,5.0,,yes,,aHUS with C3 anomaly;aHUS with complement gene abnormality;atypical hemolytic-uremic syndrome;hemolytic-uremic syndrome；CTD:MAHA,2026-09-22,
BTG3,Q14201,10950.0,(pending manual export),(pending API key),,inferred:46.92,0.087,1.0,,no (wide set),,thrombotic microangiopathy；CTD:MAHA;CTD:TMA;CTD:TTP,2026-09-22,
BTK,Q06187,695.0,216.91,(pending API key),,inferred:9.69,0.519,1.0,,yes,,thrombotic microangiopathy；GC:atypical hem/microangiopa/thrombotic t；CTD:MAHA;CTD:TMA;CTD:TTP,2026-09-22,
C16orf86,Q6ZW13,388284.0,(pending manual export),(pending API key),,(pending manual export),0.068,1.0,,no (wide set),,thrombotic microangiopathy,2026-09-22,
C1GALT1,Q9NS00,56913.0,20.57,(pending API key),,inferred:16.44,0.084,5.0,,yes,,aHUS with complement gene abnormality;atypical hemolytic-uremic syndrome;hemolytic-uremic syndrome;thrombotic microangio；GC:atypical hem；CTD:MAHA;CTD:TMA;CTD:TTP,2026-09-22,
C1GALT1C1,Q96EU7,29071.0,562.54,0.50,yes,inferred:31.54,0.653,3.0,yes,yes,,atypical hemolytic-uremic syndrome;hemolytic-uremic syndrome;thrombotic microangiopathy；GC:atypical hem/microangiopa/thrombotic m；CTD:MAHA;CTD:TMA;CTD:TTP；OMIM,2026-09-22,"hemolytic-uremic syndrome(UniProtKB-KW,z=CURATED)"
C3,P01024,718.0,791.88,1.00,yes,direct:marker/mechanism,0.818,7.0,yes,yes,Axis3,aHUS with C3 anomaly;aHUS with complement gene abnormality;atypical hemolytic-uremic syndrome;congenital TTP;hemolytic-u；GC:atypical hem/microangiopa/snakebite en/thrombotic m/thrombotic t/venom-induc；CTD:MAHA;CTD:TMA;CTD:TTP;CTD:aHUS；OMIM,2026-09-22,"Atypical hemolytic-uremic syndrome(MedlinePlus,z=CURATED); hemolytic-uremic syndrome(UniProtKB-KW,z=CURATED)"
C4A,P0C0L4,720.0,478.73,(pending API key),,inferred:12.96,0.065,3.0,,yes,,atypical hemolytic-uremic syndrome;hemolytic-uremic syndrome;thrombotic microangiopathy；GC:atypical hem/microangiopa/thrombotic m/thrombotic t；CTD:MAHA;CTD:TMA;CTD:TTP,2026-09-22,
C4B,P0C0L5,721.0,495.44,(pending API key),,inferred:30.47,0.052,3.0,,yes,,atypical hemolytic-uremic syndrome;hemolytic-uremic syndrome;thrombotic microangiopathy；GC:atypical hem/microangiopa/thrombotic m/thrombotic t；CTD:MAHA;CTD:TMA;CTD:TTP,2026-09-22,
C5,P01031,727.0,608.49,(pending API key),,inferred:25.15,0.565,3.0,,yes,Axis3,atypical hemolytic-uremic syndrome;hemolytic-uremic syndrome;thrombotic microangiopathy；GC:atypical hem/microangiopa/thrombotic m/thrombotic t/venom-induce；CTD:MAHA;CTD:TMA;CTD:TTP,2026-09-22,
C5AR1,P21730,728.0,382.10,(pending API key),,inferred:17.77,0.08,3.0,,yes,,atypical hemolytic-uremic syndrome;hemolytic-uremic syndrome;thrombotic microangiopathy；GC:atypical hem/microangiopa/thrombotic m/venom-induce；CTD:MAHA;CTD:TMA;CTD:TTP,2026-09-22,
C9orf72,Q96LT7,203228.0,(pending manual export),(pending API key),,inferred:18.08,0.062,4.0,,yes,,aHUS with complement gene abnormality;atypical hemolytic-uremic syndrome;hemolytic-uremic syndrome;thrombotic microangio；CTD:MAHA;CTD:TMA;CTD:TTP,2026-09-22,
CASP3,P42574,836.0,122.76,(pending API key),,inferred:157.41,0.06,1.0,,yes,,thrombotic microangiopathy；GC:atypical hem/microangiopa/snakebite en/thrombotic t/venom-induce；CTD:MAHA;CTD:TMA;CTD:TTP;CTD:aHUS,2026-09-22,promoted to core set by reaching GeneCards main threshold
CAV1,Q03135,857.0,127.44,(pending API key),,inferred:60.45,0.068,4.0,,yes,,aHUS with complement gene abnormality;atypical hemolytic-uremic syndrome;hemolytic-uremic syndrome;thrombotic microangio；GC:atypical hem/thrombotic m/thrombotic t；CTD:MAHA;CTD:TMA;CTD:TTP,2026-09-22,
CCNI,Q14094,10983.0,(pending manual export),(pending API key),,inferred:31.87,0.083,4.0,,yes,,aHUS with complement gene abnormality;atypical hemolytic-uremic syndrome;hemolytic-uremic syndrome;thrombotic microangio；CTD:MAHA;CTD:TMA;CTD:TTP,2026-09-22,
CCR1,P32246,1230.0,(pending manual export),(pending API key),,inferred:26.15,0.073,4.0,,yes,,aHUS with complement gene abnormality;atypical hemolytic-uremic syndrome;hemolytic-uremic syndrome;thrombotic microangio；CTD:MAHA;CTD:TMA;CTD:TTP,2026-09-22,
CCR2,P41597,729230.0,58.52,(pending API key),,inferred:47.54,0.072,4.0,,yes,,aHUS with complement gene abnormality;atypical hemolytic-uremic syndrome;hemolytic-uremic syndrome;thrombotic microangio；GC:atypical hem；CTD:MAHA;CTD:TMA;CTD:TTP,2026-09-22,
CCR7,P32248,1236.0,(pending manual export),(pending API key),,inferred:25.32,0.09,1.0,,no (wide set),,thrombotic microangiopathy；CTD:MAHA;CTD:TMA;CTD:TTP,2026-09-22,
CD151,P48509,977.0,(pending manual export),(pending API key),,inferred:42.17,0.085,4.0,,yes,,aHUS with complement gene abnormality;atypical hemolytic-uremic syndrome;hemolytic-uremic syndrome;thrombotic microangio；CTD:MAHA;CTD:TMA;CTD:TTP,2026-09-22,
CD19,P15391,930.0,145.37,(pending API key),,inferred:10.05,0.1,1.0,,yes,,thrombotic microangiopathy；GC:atypical hem/microangiopa/thrombotic m/thrombotic t；CTD:MAHA;CTD:TMA;CTD:TTP,2026-09-22,promoted to core set by reaching GeneCards main threshold
CD1D,P15813,912.0,(pending manual export),(pending API key),,inferred:17.02,0.071,4.0,,yes,,aHUS with complement gene abnormality;atypical hemolytic-uremic syndrome;hemolytic-uremic syndrome;thrombotic microangio；CTD:MAHA;CTD:TMA;CTD:TTP,2026-09-22,
CD274,Q9NZQ7,29126.0,89.41,(pending API key),,inferred:47.54,0.069,1.0,,no (wide set),,thrombotic microangiopathy；GC:atypical hem；CTD:MAHA;CTD:TMA;CTD:TTP;CTD:aHUS,2026-09-22,
CD28,P10747,940.0,(pending manual export),(pending API key),,inferred:15.79,0.099,1.0,,no (wide set),,thrombotic microangiopathy；CTD:MAHA;CTD:TMA,2026-09-22,
CD2AP,Q9Y5K6,23607.0,0.43,(pending API key),,inferred:31.32,0.08,5.0,,yes,,aHUS with C3 anomaly;aHUS with complement gene abnormality;atypical hemolytic-uremic syndrome;hemolytic-uremic syndrome;；GC:thrombotic m；CTD:MAHA;CTD:TMA;CTD:TTP,2026-09-22,
CD38,P28907,952.0,66.94,(pending API key),,inferred:39.83,0.353,1.0,,yes,,thrombotic microangiopathy；GC:thrombotic t；CTD:MAHA;CTD:TMA;CTD:TTP,2026-09-22,
CD4,P01730,920.0,113.50,(pending API key),,inferred:28.96,0.117,1.0,,yes,,thrombotic microangiopathy；GC:atypical hem/microangiopa/thrombotic m/thrombotic t；CTD:MAHA;CTD:TMA;CTD:TTP,2026-09-22,promoted to core set by reaching GeneCards main threshold
CD40LG,P29965,959.0,483.50,(pending API key),,inferred:39.14,0.09,2.0,,yes,,hemolytic-uremic syndrome;thrombotic microangiopathy；GC:atypical hem/microangiopa/thrombotic m/thrombotic t；CTD:MAHA;CTD:TMA;CTD:TTP;CTD:aHUS,2026-09-22,promoted to core set by reaching GeneCards main threshold
CD44,P16070,960.0,(pending manual export),(pending API key),,inferred:80.02,0.069,3.0,,yes,,atypical hemolytic-uremic syndrome;hemolytic-uremic syndrome;thrombotic microangiopathy；CTD:MAHA;CTD:TMA;CTD:TTP;CTD:aHUS,2026-09-22,
CD46,P15529,4179.0,756.84,1.20,yes,direct:marker/mechanism,0.819,4.0,yes,yes,Axis3,aHUS with complement gene abnormality;atypical hemolytic-uremic syndrome;hemolytic-uremic syndrome;thrombotic microangio；GC:atypical hem/microangiopa/thrombotic m/thrombotic t/venom-induce；CTD:MAHA;CTD:TMA;CTD:TTP;CTD:aHUS；OMIM,2026-09-22,"Atypical hemolytic-uremic syndrome(MedlinePlus,z=CURATED); hemolytic-uremic syndrome(UniProtKB-KW,z=CURATED)"
CD47,Q08722,961.0,114.36,(pending API key),,inferred:29.76,0.071,1.0,,yes,,thrombotic microangiopathy；GC:atypical hem/thrombotic m/thrombotic t；CTD:MAHA;CTD:TMA;CTD:TTP,2026-09-22,promoted to core set by reaching GeneCards main threshold
CD5,P06127,921.0,(pending manual export),(pending API key),,inferred:21.51,0.056,1.0,,no (wide set),,thrombotic microangiopathy；CTD:MAHA;CTD:TMA;CTD:TTP,2026-09-22,
CD52,P31358,1043.0,118.62,(pending API key),,inferred:40.76,0.205,1.0,,yes,,thrombotic microangiopathy；GC:thrombotic t；CTD:MAHA;CTD:TMA;CTD:TTP,2026-09-22,promoted to core set by reaching GeneCards main threshold
CD55,P08174,1604.0,397.96,(pending API key),,inferred:57.06,0.09,3.0,,yes,,atypical hemolytic-uremic syndrome;hemolytic-uremic syndrome;thrombotic microangiopathy；GC:atypical hem/microangiopa/thrombotic m；CTD:MAHA;CTD:TMA;CTD:TTP,2026-09-22,
CD59,P13987,966.0,563.10,(pending API key),yes,inferred:31.41,0.095,5.0,,yes,,aHUS with C3 anomaly;aHUS with complement gene abnormality;atypical hemolytic-uremic syndrome;hemolytic-uremic syndrome;；GC:atypical hem/microangiopa/thrombotic m/thrombotic t；CTD:MAHA;CTD:TMA;CTD:TTP；OMIM,2026-09-22,
CD70,P32970,970.0,(pending manual export),(pending API key),,inferred:26.79,0.059,1.0,,no (wide set),,thrombotic microangiopathy；CTD:MAHA;CTD:TMA;CTD:TTP,2026-09-22,
CD72,P21854,971.0,(pending manual export),(pending API key),,inferred:7.18,0.064,1.0,,no (wide set),,thrombotic microangiopathy；CTD:MAHA;CTD:TMA;CTD:TTP,2026-09-22,
CD8A,P01732,925.0,405.11,(pending API key),,inferred:41.10,0.114,1.0,,yes,,thrombotic microangiopathy；GC:atypical hem/microangiopa/thrombotic m/thrombotic t；CTD:MAHA;CTD:TMA;CTD:TTP,2026-09-22,promoted to core set by reaching GeneCards main threshold
CD9,P21926,928.0,63.61,(pending API key),,inferred:49.13,0.077,1.0,,no (wide set),,thrombotic microangiopathy；GC:atypical hem/thrombotic t；CTD:MAHA;CTD:TMA;CTD:TTP,2026-09-22,
CDH5,P33151,1003.0,(pending manual export),(pending API key),,inferred:24.61,0.076,1.0,,no (wide set),,hemolytic-uremic syndrome；CTD:MAHA;CTD:TMA;CTD:TTP,2026-09-22,
CDKN1A,P38936,1026.0,89.66,(pending API key),,inferred:113.12,0.075,1.0,,no (wide set),,thrombotic microangiopathy；GC:atypical hem/microangiopa；CTD:MAHA;CTD:TMA;CTD:TTP;CTD:aHUS,2026-09-22,
CDKN1C,P49918,1028.0,(pending manual export),(pending API key),,inferred:50.17,0.071,4.0,,yes,,aHUS with complement gene abnormality;atypical hemolytic-uremic syndrome;hemolytic-uremic syndrome;thrombotic microangio；CTD:MAHA;CTD:TMA;CTD:TTP,2026-09-22,
CEBPD,P49716,1052.0,(pending manual export),(pending API key),,inferred:61.31,0.054,3.0,,yes,,atypical hemolytic-uremic syndrome;hemolytic-uremic syndrome;thrombotic microangiopathy；CTD:MAHA;CTD:TMA;CTD:TTP,2026-09-22,
CEP290,O15078,80184.0,207.90,0.40,,inferred:21.51,0.118,3.0,,yes,,atypical hemolytic-uremic syndrome;hemolytic-uremic syndrome;thrombotic microangiopathy；GC:atypical hem；CTD:MAHA;CTD:TMA;CTD:TTP,2026-09-22,
CES2,O00748,8824.0,(pending manual export),(pending API key),,inferred:58.98,0.074,4.0,,yes,,aHUS with complement gene abnormality;atypical hemolytic-uremic syndrome;hemolytic-uremic syndrome;thrombotic microangio；CTD:MAHA;CTD:TMA;CTD:TTP,2026-09-22,
CFB,P00751,629.0,696.35,0.90,yes,direct:marker/mechanism,0.81,4.0,yes,yes,Axis3,aHUS with complement gene abnormality;atypical hemolytic-uremic syndrome;hemolytic-uremic syndrome;thrombotic microangio；GC:atypical hem/microangiopa/thrombotic m/thrombotic t；CTD:MAHA;CTD:TMA;CTD:TTP;CTD:aHUS；OMIM,2026-09-22,"Atypical hemolytic-uremic syndrome(MedlinePlus,z=CURATED); hemolytic-uremic syndrome(UniProtKB-KW,z=CURATED)"
CFH,P08603,3075.0,812.83,1.30,yes,direct:marker/mechanism,0.753,5.0,yes,yes,Axis3,aHUS with complement gene abnormality;atypical hemolytic-uremic syndrome;hemolytic-uremic syndrome;thrombotic microangio；GC:atypical hem/microangiopa/thrombotic m/thrombotic t；CTD:MAHA;CTD:TMA;CTD:TTP;CTD:aHUS；OMIM,2026-09-22,"Atypical hemolytic-uremic syndrome(MedlinePlus,z=CURATED); hemolytic-uremic syndrome(UniProtKB-KW,z=CURATED)"
CFHR1,Q03591,3078.0,778.13,0.85,yes,direct:marker/mechanism,0.36,4.0,yes,yes,,aHUS with complement gene abnormality;atypical hemolytic-uremic syndrome;hemolytic-uremic syndrome;thrombotic microangio；GC:atypical hem/microangiopa/thrombotic m/thrombotic t；CTD:MAHA;CTD:TMA;CTD:TTP;CTD:aHUS；OMIM,2026-09-22,"hemolytic-uremic syndrome(UniProtKB-KW,z=CURATED)"
CFHR2,P36980,3080.0,636.55,(pending API key),,inferred:12.27,0.07,4.0,,yes,,aHUS with complement gene abnormality;atypical hemolytic-uremic syndrome;hemolytic-uremic syndrome;thrombotic microangio；GC:atypical hem/microangiopa/thrombotic m/thrombotic t；CTD:MAHA;CTD:TMA;CTD:TTP,2026-09-22,
CFHR3,Q02985,10878.0,779.61,0.75,yes,direct:marker/mechanism,0.346,4.0,yes,yes,,aHUS with complement gene abnormality;atypical hemolytic-uremic syndrome;hemolytic-uremic syndrome;thrombotic microangio；GC:atypical hem/microangiopa/thrombotic m/thrombotic t；CTD:MAHA;CTD:TMA;CTD:TTP;CTD:aHUS；OMIM,2026-09-22,"hemolytic-uremic syndrome(UniProtKB-KW,z=CURATED)"
CFHR5,Q9BXR6,81494.0,619.77,0.60,yes,inferred:17.61,0.415,3.0,yes,yes,,atypical hemolytic-uremic syndrome;hemolytic-uremic syndrome;thrombotic microangiopathy；GC:atypical hem/microangiopa/thrombotic m/thrombotic t；CTD:MAHA;CTD:TMA;CTD:TTP,2026-09-22,"Atypical hemolytic-uremic syndrome(MedlinePlus,z=CURATED); hemolytic-uremic syndrome(UniProtKB-KW,z=CURATED)"
CFI,P05156,3426.0,793.16,1.05,yes,direct:marker/mechanism,0.823,4.0,yes,yes,Axis3,aHUS with complement gene abnormality;atypical hemolytic-uremic syndrome;hemolytic-uremic syndrome;thrombotic microangio；GC:atypical hem/microangiopa/thrombotic m/thrombotic t；CTD:MAHA;CTD:TMA;CTD:TTP;CTD:aHUS；OMIM,2026-09-22,"Atypical hemolytic-uremic syndrome(MedlinePlus,z=CURATED); hemolytic-uremic syndrome(UniProtKB-KW,z=CURATED)"
CHRAC1,Q9NRG0,54108.0,(pending manual export),(pending API key),,inferred:19.12,0.066,1.0,,no (wide set),,thrombotic microangiopathy；CTD:MAHA;CTD:TMA;CTD:TTP,2026-09-22,
CIMIP2B,A8MTA8,730112.0,(pending manual export),(pending API key),,inferred:10.40,0.053,4.0,,yes,,aHUS with complement gene abnormality;atypical hemolytic-uremic syndrome;hemolytic-uremic syndrome;thrombotic microangio；CTD:MAHA,2026-09-22,
CLCN5,P51795,1184.0,(pending manual export),(pending API key),,inferred:35.18,0.077,5.0,,yes,,aHUS with C3 anomaly;aHUS with complement gene abnormality;atypical hemolytic-uremic syndrome;hemolytic-uremic syndrome；CTD:MAHA;CTD:TMA;CTD:TTP,2026-09-22,
CLCNKA,P51800,1187.0,(pending manual export),(pending API key),,inferred:13.65,0.069,4.0,,yes,,aHUS with complement gene abnormality;atypical hemolytic-uremic syndrome;hemolytic-uremic syndrome;thrombotic microangio；CTD:MAHA;CTD:TMA;CTD:TTP,2026-09-22,
CLCNKB,P51801,1188.0,(pending manual export),(pending API key),,inferred:8.27,0.069,4.0,,yes,,aHUS with complement gene abnormality;atypical hemolytic-uremic syndrome;hemolytic-uremic syndrome;thrombotic microangio；CTD:MAHA,2026-09-22,
CLDN16,Q9Y5I7,10686.0,(pending manual export),(pending API key),,inferred:9.69,0.061,4.0,,yes,,aHUS with complement gene abnormality;atypical hemolytic-uremic syndrome;hemolytic-uremic syndrome;thrombotic microangio；CTD:MAHA;CTD:TMA;CTD:TTP,2026-09-22,
CLDN17,P56750,26285.0,(pending manual export),(pending API key),,inferred:2.27,0.058,4.0,,yes,,aHUS with complement gene abnormality;atypical hemolytic-uremic syndrome;hemolytic-uremic syndrome;thrombotic microangio；CTD:MAHA,2026-09-22,
CLDN2,P57739,9075.0,(pending manual export),(pending API key),,inferred:56.64,0.075,5.0,,yes,,aHUS with C3 anomaly;aHUS with complement gene abnormality;atypical hemolytic-uremic syndrome;hemolytic-uremic syndrome；CTD:MAHA;CTD:TMA;CTD:TTP,2026-09-22,
CLDN4,O14493,1364.0,(pending manual export),(pending API key),,inferred:52.46,0.073,4.0,,yes,,aHUS with complement gene abnormality;atypical hemolytic-uremic syndrome;hemolytic-uremic syndrome;thrombotic microangio；CTD:MAHA;CTD:TMA;CTD:TTP,2026-09-22,
CLDN7,O95471,1366.0,(pending manual export),(pending API key),,inferred:40.01,0.054,4.0,,yes,,aHUS with complement gene abnormality;atypical hemolytic-uremic syndrome;hemolytic-uremic syndrome;thrombotic microangio；CTD:MAHA;CTD:TMA;CTD:TTP,2026-09-22,
CLEC10A,Q8IUN9,10462.0,(pending manual export),(pending API key),,inferred:19.84,0.063,4.0,,yes,,aHUS with complement gene abnormality;atypical hemolytic-uremic syndrome;hemolytic-uremic syndrome;thrombotic microangio；CTD:MAHA;CTD:TMA,2026-09-22,
CLEC2D,Q9UHP7,29121.0,(pending manual export),(pending API key),,inferred:31.01,0.075,4.0,,yes,,aHUS with complement gene abnormality;atypical hemolytic-uremic syndrome;hemolytic-uremic syndrome;thrombotic microangio；CTD:MAHA;CTD:TMA;CTD:TTP,2026-09-22,
CLEC4G,Q6UXB4,339390.0,(pending manual export),(pending API key),,inferred:13.15,0.054,1.0,,no (wide set),,thrombotic microangiopathy；CTD:MAHA,2026-09-22,
CLK1,P49759,1195.0,(pending manual export),(pending API key),,inferred:44.56,0.055,3.0,,yes,,atypical hemolytic-uremic syndrome;hemolytic-uremic syndrome;thrombotic microangiopathy；CTD:MAHA;CTD:TMA;CTD:TTP,2026-09-22,
CLPP,Q16740,8192.0,(pending manual export),(pending API key),,inferred:27.84,0.052,2.0,,no (wide set),,hemolytic-uremic syndrome;thrombotic microangiopathy；CTD:MAHA,2026-09-22,
CLTRN,Q9HBJ8,57393.0,(pending manual export),(pending API key),,inferred:19.12,0.06,4.0,,yes,,aHUS with complement gene abnormality;atypical hemolytic-uremic syndrome;hemolytic-uremic syndrome;thrombotic microangio；CTD:MAHA;CTD:TMA;CTD:TTP,2026-09-22,
CLU,P10909,1191.0,468.74,(pending API key),,inferred:96.85,0.092,3.0,,yes,,atypical hemolytic-uremic syndrome;hemolytic-uremic syndrome;thrombotic microangiopathy；GC:atypical hem/microangiopa/thrombotic m/thrombotic t；CTD:MAHA;CTD:TMA;CTD:TTP;CTD:aHUS,2026-09-22,
COG6,Q9Y2V7,57511.0,(pending manual export),(pending API key),,inferred:18.91,0.055,3.0,,yes,,atypical hemolytic-uremic syndrome;hemolytic-uremic syndrome;thrombotic microangiopathy；CTD:MAHA;CTD:TMA;CTD:TTP,2026-09-22,
COL18A1,P39060,80781.0,(pending manual export),(pending API key),,inferred:60.56,0.056,1.0,,no (wide set),,thrombotic microangiopathy；CTD:MAHA;CTD:TMA;CTD:TTP,2026-09-22,
COL4A1,P02462,1282.0,101.03,(pending API key),,direct:marker/mechanism,0.084,7.0,,yes,,aHUS with C3 anomaly;aHUS with complement gene abnormality;atypical hemolytic-uremic syndrome;congenital TTP;hemolytic-u；GC:microangiopa；CTD:MAHA;CTD:TMA;CTD:TTP,2026-09-22,
COL4A3,Q01955,1285.0,280.96,(pending API key),,inferred:22.92,0.089,6.0,,yes,,aHUS with C3 anomaly;aHUS with complement gene abnormality;atypical hemolytic-uremic syndrome;hemolytic-uremic syndrome;；GC:atypical hem/microangiopa/thrombotic m/thrombotic t；CTD:MAHA;CTD:TMA;CTD:TTP,2026-09-22,
COL4A4,P53420,1286.0,277.95,(pending API key),,inferred:20.38,0.086,6.0,,yes,,aHUS with C3 anomaly;aHUS with complement gene abnormality;atypical hemolytic-uremic syndrome;hemolytic-uremic syndrome;；GC:atypical hem/microangiopa/thrombotic m/thrombotic t；CTD:MAHA;CTD:TMA;CTD:TTP,2026-09-22,
COL4A5,P29400,1287.0,481.49,0.40,,inferred:22.54,0.355,7.0,,yes,,aHUS with C3 anomaly;aHUS with complement gene abnormality;atypical hemolytic-uremic syndrome;congenital TTP;hemolytic-u；GC:atypical hem/microangiopa/thrombotic m/thrombotic t；CTD:MAHA;CTD:TMA;CTD:TTP,2026-09-22,
COLEC11,Q9BWP8,78989.0,434.52,(pending API key),,inferred:14.84,0.068,4.0,,yes,,aHUS with complement gene abnormality;atypical hemolytic-uremic syndrome;hemolytic-uremic syndrome;thrombotic microangio；GC:atypical hem/microangiopa/thrombotic m；CTD:MAHA;CTD:TMA;CTD:TTP,2026-09-22,
CORO1C,Q9ULV4,23603.0,(pending manual export),(pending API key),,inferred:18.33,0.068,4.0,,yes,,aHUS with complement gene abnormality;atypical hemolytic-uremic syndrome;hemolytic-uremic syndrome;thrombotic microangio；CTD:MAHA;CTD:TMA;CTD:TTP,2026-09-22,
CR1,P17927,1378.0,185.31,(pending API key),,inferred:12.81,0.075,4.0,,yes,,aHUS with complement gene abnormality;atypical hemolytic-uremic syndrome;hemolytic-uremic syndrome;thrombotic microangio；GC:atypical hem/microangiopa/thrombotic m/thrombotic t；CTD:MAHA;CTD:TMA;CTD:TTP,2026-09-22,
CR1L,Q2VPA4,1379.0,(pending manual export),(pending API key),,inferred:22.54,0.07,4.0,,yes,,aHUS with complement gene abnormality;atypical hemolytic-uremic syndrome;hemolytic-uremic syndrome;thrombotic microangio；CTD:MAHA;CTD:TMA;CTD:TTP,2026-09-22,
CRBN,Q96SW2,51185.0,84.35,(pending API key),,inferred:13.36,0.083,1.0,,no (wide set),,thrombotic microangiopathy；GC:atypical hem；CTD:MAHA;CTD:TMA,2026-09-22,
CRIM1,Q9NZV1,51232.0,(pending manual export),(pending API key),,inferred:39.60,0.075,4.0,,yes,,aHUS with complement gene abnormality;atypical hemolytic-uremic syndrome;hemolytic-uremic syndrome;thrombotic microangio；CTD:MAHA;CTD:TMA;CTD:TTP,2026-09-22,
CRLF3,Q8IUI8,51379.0,(pending manual export),(pending API key),,inferred:26.19,0.075,1.0,,no (wide set),,thrombotic microangiopathy；CTD:MAHA;CTD:TMA;CTD:TTP,2026-09-22,
CRP,P02741,1401.0,522.80,(pending API key),,inferred:68.45,0.08,1.0,,yes,,thrombotic microangiopathy；GC:atypical hem/microangiopa/snakebite en/thrombotic m/thrombotic t/venom-induce；CTD:MAHA;CTD:TMA;CTD:TTP;CTD:aHUS;CTD:snakebite,2026-09-22,promoted to core set by reaching GeneCards main threshold
CTH,P32929,1491.0,83.22,(pending API key),,inferred:59.70,0.054,1.0,,no (wide set),,thrombotic microangiopathy；GC:atypical hem；CTD:MAHA;CTD:TMA;CTD:TTP,2026-09-22,
CTLA4,P16410,1493.0,287.60,(pending API key),,inferred:18.01,0.104,1.0,,yes,,thrombotic microangiopathy；GC:atypical hem/microangiopa/thrombotic m/thrombotic t；CTD:MAHA;CTD:TMA,2026-09-22,promoted to core set by reaching GeneCards main threshold
CTSA,P10619,5476.0,(pending manual export),(pending API key),,inferred:35.66,0.056,4.0,,yes,,atypical hemolytic-uremic syndrome;hemolytic-uremic syndrome;thrombotic microangiopathy;thrombotic thrombocytopenic purp；CTD:MAHA;CTD:TMA;CTD:TTP,2026-09-22,
CUL4A,Q13619,8451.0,(pending manual export),(pending API key),,inferred:31.01,0.074,1.0,,no (wide set),,thrombotic microangiopathy；CTD:MAHA;CTD:TMA;CTD:TTP,2026-09-22,
CX3CR1,P49238,1524.0,142.77,(pending API key),,inferred:28.23,0.064,3.0,,yes,,atypical hemolytic-uremic syndrome;hemolytic-uremic syndrome;thrombotic microangiopathy；GC:atypical hem/thrombotic m/thrombotic t；CTD:MAHA;CTD:TMA;CTD:TTP,2026-09-22,
CXCL12,P48061,6387.0,180.44,(pending API key),,inferred:54.54,0.094,1.0,,yes,,thrombotic microangiopathy；GC:atypical hem/thrombotic t；CTD:MAHA;CTD:TMA;CTD:TTP,2026-09-22,promoted to core set by reaching GeneCards main threshold
CXCL13,O43927,10563.0,(pending manual export),(pending API key),,inferred:33.78,0.073,1.0,,no (wide set),,thrombotic microangiopathy；CTD:MAHA;CTD:TMA;CTD:TTP,2026-09-22,
CXCR2,P25025,3579.0,71.99,(pending API key),,inferred:19.28,0.058,4.0,,yes,,aHUS with complement gene abnormality;atypical hemolytic-uremic syndrome;hemolytic-uremic syndrome;thrombotic microangio；GC:atypical hem；CTD:MAHA;CTD:TMA;CTD:TTP,2026-09-22,
CXCR3,P49682,2833.0,90.74,(pending API key),,inferred:15.57,0.074,4.0,,yes,,aHUS with complement gene abnormality;atypical hemolytic-uremic syndrome;hemolytic-uremic syndrome;thrombotic microangio；GC:atypical hem/thrombotic t；CTD:MAHA;CTD:TMA,2026-09-22,
CXCR5,P32302,643.0,(pending manual export),(pending API key),,inferred:4.66,0.093,1.0,,no (wide set),,thrombotic microangiopathy；CTD:MAHA;CTD:TMA;CTD:TTP,2026-09-22,
CYBB,P04839,1536.0,113.33,(pending API key),,inferred:35.85,0.066,5.0,,yes,,aHUS with complement gene abnormality;atypical hemolytic-uremic syndrome;hemolytic-uremic syndrome;thrombotic microangio；GC:atypical hem/thrombotic t；CTD:MAHA;CTD:TMA;CTD:TTP,2026-09-22,
CYP19A1,P11511,1588.0,(pending manual export),(pending API key),,inferred:47.74,0.051,1.0,,no (wide set),,thrombotic microangiopathy；CTD:MAHA;CTD:TMA;CTD:TTP,2026-09-22,
CYP2C23P,,107436076.0,(pending manual export),(pending API key),,(pending manual export),0.061,4.0,,yes,,aHUS with complement gene abnormality;atypical hemolytic-uremic syndrome;hemolytic-uremic syndrome;thrombotic microangio,2026-09-22,
CYP3A43,Q9HB55,64816.0,(pending manual export),(pending API key),,inferred:9.72,0.066,1.0,,no (wide set),,thrombotic microangiopathy；CTD:MAHA;CTD:TMA;CTD:TTP,2026-09-22,
CYP3A5,P20815,1577.0,102.09,(pending API key),,inferred:60.53,0.066,1.0,,no (wide set),,thrombotic microangiopathy；GC:atypical hem/thrombotic t；CTD:MAHA;CTD:TMA;CTD:TTP,2026-09-22,
CYP4A11,Q02928,1579.0,(pending manual export),(pending API key),,inferred:46.96,0.07,5.0,,yes,,aHUS with C3 anomaly;aHUS with complement gene abnormality;atypical hemolytic-uremic syndrome;hemolytic-uremic syndrome；CTD:MAHA;CTD:TMA;CTD:TTP,2026-09-22,
CYP4A22,Q5TCH4,284541.0,(pending manual export),(pending API key),,inferred:18.01,0.07,5.0,,yes,,aHUS with C3 anomaly;aHUS with complement gene abnormality;atypical hemolytic-uremic syndrome;hemolytic-uremic syndrome；CTD:MAHA;CTD:TMA;CTD:TTP,2026-09-22,
CYP4F11,Q9HBI6,57834.0,(pending manual export),(pending API key),,inferred:14.54,0.069,4.0,,yes,,aHUS with complement gene abnormality;atypical hemolytic-uremic syndrome;hemolytic-uremic syndrome;thrombotic microangio；CTD:MAHA;CTD:TMA;CTD:TTP,2026-09-22,
CYP4F12,Q9HCS2,66002.0,(pending manual export),(pending API key),,inferred:14.89,0.069,4.0,,yes,,aHUS with complement gene abnormality;atypical hemolytic-uremic syndrome;hemolytic-uremic syndrome;thrombotic microangio；CTD:MAHA;CTD:TMA;CTD:TTP,2026-09-22,
CYS1,Q717R9,192668.0,(pending manual export),(pending API key),,inferred:18.53,0.056,4.0,,yes,,aHUS with complement gene abnormality;atypical hemolytic-uremic syndrome;hemolytic-uremic syndrome;thrombotic microangio；CTD:MAHA;CTD:TMA;CTD:TTP,2026-09-22,
DDB1,Q16531,1642.0,(pending manual export),(pending API key),,inferred:23.00,0.074,1.0,,no (wide set),,thrombotic microangiopathy；CTD:MAHA;CTD:TMA,2026-09-22,
DDR1,Q08345,780.0,(pending manual export),(pending API key),,inferred:39.80,0.066,4.0,,yes,,aHUS with complement gene abnormality;atypical hemolytic-uremic syndrome;hemolytic-uremic syndrome;thrombotic microangio；CTD:MAHA;CTD:TMA;CTD:TTP,2026-09-22,
DGKE,P52429,8526.0,680.71,0.90,yes,direct:marker/mechanism,0.772,5.0,yes,yes,,aHUS with C3 anomaly;aHUS with complement gene abnormality;atypical hemolytic-uremic syndrome;hemolytic-uremic syndrome;；GC:atypical hem/microangiopa/thrombotic m/thrombotic t；CTD:MAHA;CTD:TMA;CTD:TTP;CTD:aHUS；OMIM,2026-09-22,"hemolytic-uremic syndrome(UniProtKB-KW,z=CURATED)"
DHODH,Q02127,1723.0,(pending manual export),(pending API key),,inferred:29.57,0.092,1.0,,no (wide set),,thrombotic microangiopathy；CTD:MAHA;CTD:TMA;CTD:TTP,2026-09-22,
DLL1,O00548,28514.0,(pending manual export),(pending API key),,inferred:14.37,0.062,4.0,,yes,,atypical hemolytic-uremic syndrome;hemolytic-uremic syndrome;thrombotic microangiopathy;thrombotic thrombocytopenic purp；CTD:MAHA;CTD:TMA;CTD:TTP,2026-09-22,
DNASE1,P24855,1773.0,43.29,(pending API key),,inferred:37.22,0.072,5.0,,yes,,aHUS with C3 anomaly;aHUS with complement gene abnormality;atypical hemolytic-uremic syndrome;hemolytic-uremic syndrome;；GC:snakebite en/thrombotic t/venom-induce；CTD:MAHA;CTD:TMA;CTD:TTP,2026-09-22,
DNMT1,P26358,1786.0,153.34,(pending API key),,inferred:75.12,0.28,1.0,,yes,,thrombotic microangiopathy；GC:atypical hem；CTD:MAHA;CTD:TMA;CTD:TTP;CTD:aHUS,2026-09-22,promoted to core set by reaching GeneCards main threshold
DNMT3A,Q9Y6K1,1788.0,136.51,(pending API key),,inferred:41.22,0.282,1.0,,yes,,thrombotic microangiopathy；GC:thrombotic m/thrombotic t；CTD:MAHA;CTD:TMA;CTD:TTP,2026-09-22,promoted to core set by reaching GeneCards main threshold
DNTTIP1,Q9H147,116092.0,(pending manual export),(pending API key),,inferred:15.43,0.057,1.0,,no (wide set),,thrombotic microangiopathy；CTD:MAHA;CTD:TMA;CTD:TTP,2026-09-22,
DPH6,Q7L8W6,89978.0,(pending manual export),(pending API key),,inferred:25.61,0.05,2.0,,no (wide set),,hemolytic-uremic syndrome;thrombotic microangiopathy；CTD:MAHA;CTD:TMA;CTD:TTP,2026-09-22,
DPP4,P27487,1803.0,79.99,(pending API key),,inferred:39.24,0.078,1.0,,no (wide set),,thrombotic microangiopathy；GC:atypical hem/thrombotic t；CTD:MAHA;CTD:TMA;CTD:TTP,2026-09-22,
DRD5,P21918,1816.0,(pending manual export),(pending API key),,inferred:20.88,0.058,4.0,,yes,,aHUS with complement gene abnormality;atypical hemolytic-uremic syndrome;hemolytic-uremic syndrome;thrombotic microangio；CTD:MAHA;CTD:TMA;CTD:TTP,2026-09-22,
DTNBP1,Q96EV8,84062.0,(pending manual export),(pending API key),,inferred:14.62,0.062,4.0,,yes,,aHUS with complement gene abnormality;atypical hemolytic-uremic syndrome;hemolytic-uremic syndrome;thrombotic microangio；CTD:MAHA;CTD:TMA;CTD:TTP,2026-09-22,
EBF1,Q9UH73,1879.0,(pending manual export),(pending API key),,inferred:21.18,0.144,1.0,,no (wide set),,hemolytic-uremic syndrome；CTD:MAHA;CTD:TMA;CTD:TTP,2026-09-22,
EFTUD2,Q15029,9343.0,(pending manual export),(pending API key),,inferred:16.38,0.052,3.0,,yes,,atypical hemolytic-uremic syndrome;hemolytic-uremic syndrome;thrombotic microangiopathy；CTD:MAHA;CTD:TMA;CTD:TTP,2026-09-22,
EMCN,Q9ULC0,51705.0,1.40,(pending API key),,inferred:24.58,0.077,3.0,,yes,,atypical hemolytic-uremic syndrome;hemolytic-uremic syndrome;thrombotic microangiopathy；GC:thrombotic m；CTD:MAHA;CTD:TMA;CTD:TTP,2026-09-22,
ENTPD1,P49961,953.0,440.16,(pending API key),,inferred:14.88,0.076,1.0,,yes,,thrombotic microangiopathy；GC:atypical hem/microangiopa/thrombotic m/thrombotic t；CTD:MAHA;CTD:TMA;CTD:TTP,2026-09-22,promoted to core set by reaching GeneCards main threshold
EP300,Q09472,2033.0,48.02,(pending API key),,inferred:32.26,0.072,1.0,,yes,,thrombotic microangiopathy；GC:thrombotic t；CTD:MAHA;CTD:TMA;CTD:TTP,2026-09-22,promoted to core set by reaching GeneCards main threshold
EPB41,P11171,2035.0,(pending manual export),(pending API key),,inferred:9.00,0.059,4.0,,yes,,aHUS with complement gene abnormality;atypical hemolytic-uremic syndrome;hemolytic-uremic syndrome;thrombotic microangio；CTD:MAHA;CTD:TMA;CTD:TTP,2026-09-22,
EPHX1,P07099,2052.0,(pending manual export),(pending API key),,inferred:61.05,0.057,4.0,,yes,,aHUS with complement gene abnormality;atypical hemolytic-uremic syndrome;hemolytic-uremic syndrome;thrombotic microangio；CTD:MAHA;CTD:TMA;CTD:TTP,2026-09-22,
EPO,P01588,2056.0,131.34,0.50,,direct:therapeutic,0.083,1.0,,yes,,hemolytic-uremic syndrome；GC:atypical hem；CTD:MAHA;CTD:TMA;CTD:TTP,2026-09-22,promoted to core set by reaching GeneCards main threshold
ERCC5,P28715,2073.0,(pending manual export),(pending API key),,inferred:29.39,0.06,4.0,,yes,,aHUS with complement gene abnormality;atypical hemolytic-uremic syndrome;hemolytic-uremic syndrome;thrombotic microangio；CTD:MAHA;CTD:TMA;CTD:TTP,2026-09-22,
ERG,P11308,2078.0,53.61,(pending API key),,inferred:12.83,0.061,1.0,,no (wide set),,thrombotic microangiopathy；GC:atypical hem/thrombotic m；CTD:MAHA;CTD:TMA,2026-09-22,
ERMN,Q8TAM6,57471.0,(pending manual export),(pending API key),,inferred:16.77,0.054,4.0,,yes,,aHUS with complement gene abnormality;atypical hemolytic-uremic syndrome;hemolytic-uremic syndrome;thrombotic microangio；CTD:MAHA;CTD:TMA;CTD:TTP,2026-09-22,
ERMP1,Q7Z2K6,79956.0,(pending manual export),(pending API key),,inferred:22.25,0.069,4.0,,yes,,aHUS with complement gene abnormality;atypical hemolytic-uremic syndrome;hemolytic-uremic syndrome;thrombotic microangio；CTD:MAHA;CTD:TMA;CTD:TTP,2026-09-22,
ETV6,P41212,2120.0,456.53,(pending API key),,inferred:15.08,0.057,4.0,,yes,,aHUS with complement gene abnormality;atypical hemolytic-uremic syndrome;hemolytic-uremic syndrome;thrombotic microangio；GC:atypical hem/microangiopa/thrombotic m/thrombotic t；CTD:MAHA;CTD:TMA;CTD:TTP,2026-09-22,
EVL,Q9UI08,51466.0,(pending manual export),(pending API key),,inferred:21.69,0.057,1.0,,no (wide set),,thrombotic microangiopathy；CTD:MAHA;CTD:TMA;CTD:TTP,2026-09-22,
EXOC6,Q8TAG9,54536.0,(pending manual export),(pending API key),,inferred:24.77,0.057,4.0,,yes,,aHUS with complement gene abnormality;atypical hemolytic-uremic syndrome;hemolytic-uremic syndrome;thrombotic microangio；CTD:MAHA;CTD:TMA;CTD:TTP,2026-09-22,
FAH,P16930,2184.0,(pending manual export),(pending API key),,inferred:22.40,0.064,4.0,,yes,,aHUS with complement gene abnormality;atypical hemolytic-uremic syndrome;hemolytic-uremic syndrome;thrombotic microangio；CTD:MAHA;CTD:TMA;CTD:TTP,2026-09-22,
FAN1,Q9Y2M0,22909.0,(pending manual export),(pending API key),,inferred:32.23,0.055,3.0,,yes,,atypical hemolytic-uremic syndrome;hemolytic-uremic syndrome;thrombotic microangiopathy；CTD:MAHA;CTD:TMA;CTD:TTP,2026-09-22,
FAS,P25445,355.0,219.00,(pending API key),,inferred:110.00,0.081,5.0,,yes,,aHUS with C3 anomaly;aHUS with complement gene abnormality;atypical hemolytic-uremic syndrome;hemolytic-uremic syndrome;；GC:atypical hem/microangiopa/thrombotic t；CTD:MAHA;CTD:TMA;CTD:TTP;CTD:aHUS,2026-09-22,
FASLG,P48023,356.0,274.63,(pending API key),,inferred:55.79,0.086,3.0,,yes,,atypical hemolytic-uremic syndrome;hemolytic-uremic syndrome;thrombotic microangiopathy；GC:atypical hem/microangiopa/thrombotic t；CTD:MAHA;CTD:TMA;CTD:TTP,2026-09-22,
FBXO10,Q9UK96,26267.0,(pending manual export),(pending API key),,inferred:16.66,0.052,4.0,,yes,,aHUS with complement gene abnormality;atypical hemolytic-uremic syndrome;hemolytic-uremic syndrome;thrombotic microangio；CTD:MAHA,2026-09-22,
FBXO42,Q6P3S6,54455.0,(pending manual export),(pending API key),,inferred:28.73,0.061,4.0,,yes,,aHUS with complement gene abnormality;atypical hemolytic-uremic syndrome;hemolytic-uremic syndrome;thrombotic microangio；CTD:MAHA;CTD:TMA;CTD:TTP,2026-09-22,
FCGR2A,P12318,2212.0,217.72,(pending API key),,inferred:21.51,0.073,2.0,,yes,,hemolytic-uremic syndrome;thrombotic microangiopathy；GC:atypical hem/microangiopa/thrombotic m/thrombotic t；CTD:MAHA;CTD:TMA;CTD:TTP,2026-09-22,promoted to core set by reaching GeneCards main threshold
FCGR2B,P31994,2213.0,190.21,(pending API key),,inferred:45.54,0.069,2.0,,yes,,hemolytic-uremic syndrome;thrombotic microangiopathy；GC:atypical hem/microangiopa/thrombotic m/thrombotic t；CTD:MAHA;CTD:TMA;CTD:TTP,2026-09-22,promoted to core set by reaching GeneCards main threshold
FCGR2C,P31995,9103.0,(pending manual export),(pending API key),,inferred:6.94,0.054,2.0,,no (wide set),,hemolytic-uremic syndrome;thrombotic microangiopathy；CTD:MAHA;CTD:TMA;CTD:TTP,2026-09-22,
FCGR3A,P08637,2214.0,204.14,(pending API key),,inferred:17.06,0.081,1.0,,yes,,thrombotic microangiopathy；GC:atypical hem/microangiopa/thrombotic m/thrombotic t；CTD:MAHA;CTD:TMA;CTD:TTP,2026-09-22,promoted to core set by reaching GeneCards main threshold
FCGRT,P55899,2217.0,90.34,(pending API key),,inferred:26.97,0.41,1.0,,yes,,thrombotic microangiopathy；GC:atypical hem/microangiopa/thrombotic m/thrombotic t；CTD:MAHA;CTD:TMA;CTD:TTP,2026-09-22,
FECH,P22830,2235.0,(pending manual export),(pending API key),,inferred:32.80,0.064,6.0,,yes,,aHUS with C3 anomaly;aHUS with complement gene abnormality;atypical hemolytic-uremic syndrome;hemolytic-uremic syndrome；CTD:MAHA;CTD:TMA;CTD:TTP,2026-09-22,
FERRY3,Q9NQ89,57102.0,(pending manual export),(pending API key),,inferred:24.74,0.061,4.0,,yes,,aHUS with complement gene abnormality;atypical hemolytic-uremic syndrome;hemolytic-uremic syndrome;thrombotic microangio；CTD:MAHA;CTD:TMA;CTD:TTP,2026-09-22,
FGA,P02671,2243.0,133.49,(pending API key),,inferred:45.95,0.053,1.0,,yes,Axis2,thrombotic microangiopathy；GC:atypical hem；CTD:MAHA;CTD:TMA;CTD:TTP,2026-09-22,promoted to core set by four-axis prior
FGL2,Q14314,10875.0,(pending manual export),(pending API key),,inferred:27.85,0.057,4.0,,yes,,aHUS with complement gene abnormality;atypical hemolytic-uremic syndrome;hemolytic-uremic syndrome;thrombotic microangio；CTD:MAHA;CTD:TMA;CTD:TTP,2026-09-22,
FH,P07954,2271.0,210.11,(pending API key),,inferred:25.16,0.09,1.0,,yes,,hemolytic-uremic syndrome；GC:atypical hem；CTD:MAHA;CTD:TMA;CTD:TTP,2026-09-22,promoted to core set by reaching GeneCards main threshold
FKBP1A,P62942,2280.0,0.31,(pending API key),,inferred:48.61,0.093,1.0,,no (wide set),,thrombotic microangiopathy；GC:thrombotic m；CTD:MAHA;CTD:TMA;CTD:TTP,2026-09-22,
FOXC2,Q99958,2303.0,(pending manual export),(pending API key),,inferred:19.08,0.064,3.0,,yes,,atypical hemolytic-uremic syndrome;hemolytic-uremic syndrome;thrombotic microangiopathy；CTD:MAHA;CTD:TMA;CTD:TTP,2026-09-22,
FOXF1,Q12946,2294.0,(pending manual export),(pending API key),,inferred:13.47,0.151,1.0,,no (wide set),,thrombotic microangiopathy；CTD:MAHA;CTD:TMA;CTD:TTP,2026-09-22,
FOXP3,Q9BZS1,50943.0,274.04,(pending API key),,inferred:45.74,0.082,4.0,,yes,,atypical hemolytic-uremic syndrome;hemolytic-uremic syndrome;thrombotic microangiopathy;thrombotic thrombocytopenic purp；GC:atypical hem/thrombotic t/venom-induce；CTD:MAHA;CTD:TMA;CTD:TTP,2026-09-22,
FSBP,O95073,100861412.0,(pending manual export),(pending API key),,inferred:8.76,0.067,4.0,,yes,,aHUS with complement gene abnormality;atypical hemolytic-uremic syndrome;hemolytic-uremic syndrome;thrombotic microangio；CTD:MAHA;CTD:TMA;CTD:TTP,2026-09-22,
FYB1,O15117,2533.0,(pending manual export),(pending API key),,inferred:6.81,0.089,1.0,,no (wide set),,thrombotic microangiopathy；CTD:MAHA;CTD:TMA;CTD:TTP,2026-09-22,
GALNT11,Q8NCW6,63917.0,(pending manual export),(pending API key),,inferred:29.76,0.056,3.0,,yes,,atypical hemolytic-uremic syndrome;hemolytic-uremic syndrome;thrombotic microangiopathy；CTD:MAHA;CTD:TMA;CTD:TTP,2026-09-22,
GALNT3,Q14435,2591.0,(pending manual export),(pending API key),,inferred:33.56,0.068,4.0,,yes,,aHUS with complement gene abnormality;atypical hemolytic-uremic syndrome;hemolytic-uremic syndrome;thrombotic microangio；CTD:MAHA;CTD:TMA;CTD:TTP,2026-09-22,
GAS5,,60674.0,200.95,(pending API key),,inferred:29.13,0.089,1.0,,yes,,thrombotic microangiopathy；GC:thrombotic t；CTD:MAHA;CTD:TMA;CTD:TTP,2026-09-22,promoted to core set by reaching GeneCards main threshold
GAS6,Q14393,2621.0,0.31,(pending API key),,inferred:37.62,0.071,4.0,,yes,,aHUS with complement gene abnormality;atypical hemolytic-uremic syndrome;hemolytic-uremic syndrome;thrombotic microangio；GC:thrombotic m；CTD:MAHA;CTD:TMA;CTD:TTP,2026-09-22,
GATA3,P23771,2625.0,126.65,(pending API key),,inferred:46.61,0.051,1.0,,yes,,thrombotic microangiopathy；GC:thrombotic t；CTD:MAHA;CTD:TMA;CTD:TTP;CTD:snakebite,2026-09-22,promoted to core set by reaching GeneCards main threshold
GATA5,Q9BWX5,140628.0,(pending manual export),(pending API key),,inferred:25.18,0.061,4.0,,yes,,aHUS with complement gene abnormality;atypical hemolytic-uremic syndrome;hemolytic-uremic syndrome;thrombotic microangio；CTD:MAHA;CTD:TMA;CTD:TTP,2026-09-22,
GATM,P50440,2628.0,(pending manual export),(pending API key),,inferred:39.10,0.05,1.0,,no (wide set),,thrombotic microangiopathy；CTD:MAHA;CTD:TMA;CTD:TTP,2026-09-22,
GDNF,P39905,2668.0,(pending manual export),(pending API key),,inferred:14.57,0.076,4.0,,yes,,aHUS with complement gene abnormality;atypical hemolytic-uremic syndrome;hemolytic-uremic syndrome;thrombotic microangio；CTD:MAHA;CTD:TMA;CTD:TTP,2026-09-22,
GEN1,Q17RS7,348654.0,(pending manual export),(pending API key),,inferred:20.79,0.051,3.0,,yes,,atypical hemolytic-uremic syndrome;hemolytic-uremic syndrome;thrombotic microangiopathy；CTD:MAHA;CTD:TMA;CTD:TTP,2026-09-22,
GIMAP1-GIMAP5,,100527949.0,(pending manual export),(pending API key),,inferred:3.31,0.054,3.0,,yes,,atypical hemolytic-uremic syndrome;hemolytic-uremic syndrome;thrombotic microangiopathy；CTD:MAHA,2026-09-22,
GIMAP5,Q96F15,55340.0,(pending manual export),(pending API key),,inferred:16.14,0.054,3.0,,yes,,atypical hemolytic-uremic syndrome;hemolytic-uremic syndrome;thrombotic microangiopathy；CTD:MAHA;CTD:TMA;CTD:TTP,2026-09-22,
GIPC3,Q8TF64,126326.0,(pending manual export),(pending API key),,inferred:8.67,0.055,3.0,,yes,,atypical hemolytic-uremic syndrome;hemolytic-uremic syndrome;thrombotic microangiopathy；CTD:MAHA;CTD:TMA,2026-09-22,
GLIS2,Q9BZE0,84662.0,(pending manual export),(pending API key),,inferred:24.57,0.075,4.0,,yes,,aHUS with complement gene abnormality;atypical hemolytic-uremic syndrome;hemolytic-uremic syndrome;thrombotic microangio；CTD:MAHA;CTD:TMA;CTD:TTP,2026-09-22,
GNA11,P29992,2767.0,(pending manual export),(pending API key),,inferred:20.06,0.053,1.0,,no (wide set),,thrombotic microangiopathy；CTD:MAHA;CTD:TMA;CTD:TTP,2026-09-22,
GNB1L,Q9BYB4,54584.0,(pending manual export),(pending API key),,inferred:18.53,0.061,4.0,,yes,,aHUS with complement gene abnormality;atypical hemolytic-uremic syndrome;hemolytic-uremic syndrome;thrombotic microangio；CTD:MAHA;CTD:TMA;CTD:TTP,2026-09-22,
GNE,Q9Y223,10020.0,39.41,(pending API key),,inferred:25.62,0.082,4.0,,yes,,aHUS with complement gene abnormality;atypical hemolytic-uremic syndrome;hemolytic-uremic syndrome;thrombotic microangio；GC:thrombotic t；CTD:MAHA;CTD:TMA;CTD:TTP,2026-09-22,
GOLT1A,Q6ZVE7,127845.0,(pending manual export),(pending API key),,inferred:7.47,0.053,4.0,,yes,,aHUS with complement gene abnormality;atypical hemolytic-uremic syndrome;hemolytic-uremic syndrome;thrombotic microangio；CTD:MAHA;CTD:TMA;CTD:TTP,2026-09-22,
GP1BA,P07359,2811.0,580.57,(pending API key),,inferred:6.91,0.109,2.0,,yes,Axis1,thrombotic microangiopathy;thrombotic thrombocytopenic purpura；GC:atypical hem/microangiopa/thrombotic m/thrombotic t；CTD:MAHA;CTD:TMA,2026-09-22,promoted to core set by four-axis prior
GP1BB,P13224,2812.0,471.31,(pending API key),,inferred:21.05,0.088,1.0,,yes,,thrombotic microangiopathy；GC:atypical hem/microangiopa/thrombotic m/thrombotic t；CTD:MAHA;CTD:TMA;CTD:TTP,2026-09-22,promoted to core set by reaching GeneCards main threshold
GP5,P40197,2814.0,24.67,(pending API key),,inferred:2.59,0.057,1.0,,no (wide set),,thrombotic microangiopathy；GC:thrombotic t；CTD:MAHA;CTD:TMA,2026-09-22,
GPI,P06744,2821.0,(pending manual export),(pending API key),,direct:marker/mechanism,0.06,4.0,,yes,,aHUS with complement gene abnormality;atypical hemolytic-uremic syndrome;hemolytic-uremic syndrome;thrombotic microangio；CTD:MAHA;CTD:TMA;CTD:TTP,2026-09-22,
GPR146,Q96CH1,115330.0,(pending manual export),(pending API key),,inferred:26.88,0.051,3.0,,yes,,atypical hemolytic-uremic syndrome;hemolytic-uremic syndrome;thrombotic microangiopathy；CTD:MAHA;CTD:TMA;CTD:TTP,2026-09-22,
GPR4,P46093,2828.0,(pending manual export),(pending API key),,inferred:10.99,0.059,4.0,,yes,,aHUS with complement gene abnormality;atypical hemolytic-uremic syndrome;hemolytic-uremic syndrome;thrombotic microangio；CTD:MAHA;CTD:TMA,2026-09-22,
GPR68,Q15743,8111.0,(pending manual export),(pending API key),,inferred:17.05,0.05,3.0,,yes,,atypical hemolytic-uremic syndrome;hemolytic-uremic syndrome;thrombotic microangiopathy；CTD:MAHA;CTD:TMA;CTD:TTP,2026-09-22,
GRAMD1C,Q8IYS0,54762.0,(pending manual export),(pending API key),,inferred:16.38,0.054,4.0,,yes,,aHUS with complement gene abnormality;atypical hemolytic-uremic syndrome;hemolytic-uremic syndrome;thrombotic microangio；CTD:MAHA;CTD:TMA;CTD:TTP,2026-09-22,
GRHPR,Q9UBQ7,9380.0,188.62,(pending API key),,inferred:15.45,0.063,4.0,,yes,,aHUS with complement gene abnormality;atypical hemolytic-uremic syndrome;hemolytic-uremic syndrome;thrombotic microangio；GC:atypical hem/microangiopa/thrombotic m；CTD:MAHA;CTD:TMA;CTD:TTP,2026-09-22,
GRIN1,Q05586,2902.0,(pending manual export),(pending API key),,inferred:28.29,0.051,1.0,,no (wide set),,thrombotic microangiopathy；CTD:MAHA;CTD:TMA;CTD:TTP,2026-09-22,
GRM1,Q13255,2911.0,(pending manual export),(pending API key),,inferred:18.51,0.057,3.0,,yes,,atypical hemolytic-uremic syndrome;hemolytic-uremic syndrome;thrombotic microangiopathy；CTD:MAHA;CTD:TMA;CTD:TTP,2026-09-22,
GRN,P28799,2896.0,(pending manual export),(pending API key),,inferred:41.65,0.067,4.0,,yes,,aHUS with complement gene abnormality;atypical hemolytic-uremic syndrome;hemolytic-uremic syndrome;thrombotic microangio；CTD:MAHA;CTD:TMA;CTD:TTP,2026-09-22,
GSK3B,P49841,2932.0,98.38,(pending API key),,inferred:86.09,0.066,1.0,,no (wide set),,thrombotic microangiopathy；GC:atypical hem/thrombotic t；CTD:MAHA;CTD:TMA;CTD:TTP;CTD:aHUS,2026-09-22,
GSTM1,P09488,2944.0,81.33,(pending API key),,inferred:91.53,0.061,2.0,,no (wide set),,thrombotic microangiopathy;thrombotic thrombocytopenic purpura；GC:atypical hem/microangiopa；CTD:MAHA;CTD:TMA;CTD:TTP,2026-09-22,
GSTZ1,O43708,2954.0,(pending manual export),(pending API key),,inferred:22.90,0.055,3.0,,yes,,atypical hemolytic-uremic syndrome;hemolytic-uremic syndrome;thrombotic microangiopathy；CTD:MAHA;CTD:TMA;CTD:TTP,2026-09-22,
GUCA2B,Q16661,2981.0,(pending manual export),(pending API key),,inferred:17.03,0.074,4.0,,yes,,aHUS with complement gene abnormality;atypical hemolytic-uremic syndrome;hemolytic-uremic syndrome;thrombotic microangio；CTD:MAHA;CTD:TMA;CTD:TTP,2026-09-22,
HAVCR2,Q8TDQ0,84868.0,69.48,(pending API key),,inferred:7.04,0.067,1.0,,no (wide set),,thrombotic microangiopathy；GC:atypical hem；CTD:MAHA;CTD:TMA;CTD:TTP,2026-09-22,
HBA1,P69905,3039.0,376.10,(pending API key),,inferred:38.02,0.06,1.0,,yes,,thrombotic microangiopathy；GC:atypical hem/microangiopa/thrombotic m/thrombotic t；CTD:MAHA;CTD:TMA;CTD:TTP,2026-09-22,promoted to core set by reaching GeneCards main threshold
HBA2,P69905,3040.0,395.89,(pending API key),,inferred:19.56,0.06,1.0,,yes,,thrombotic microangiopathy；GC:atypical hem/microangiopa/thrombotic m；CTD:MAHA,2026-09-22,promoted to core set by reaching GeneCards main threshold
HBB,P68871,3043.0,525.58,0.60,,inferred:50.41,0.269,3.0,,yes,,atypical hemolytic-uremic syndrome;hemolytic-uremic syndrome;thrombotic microangiopathy；GC:atypical hem/microangiopa/thrombotic m/thrombotic t；CTD:MAHA;CTD:TMA;CTD:TTP,2026-09-22,
HDDC2,Q7Z4H3,51020.0,(pending manual export),(pending API key),,inferred:17.99,0.05,4.0,,yes,,aHUS with complement gene abnormality;atypical hemolytic-uremic syndrome;hemolytic-uremic syndrome;thrombotic microangio；CTD:MAHA;CTD:TMA;CTD:TTP,2026-09-22,
HERC6,Q8IVU3,55008.0,(pending manual export),(pending API key),,inferred:29.65,0.056,1.0,,no (wide set),,thrombotic microangiopathy；CTD:MAHA;CTD:TMA;CTD:TTP,2026-09-22,
HIPK3,Q9H422,10114.0,(pending manual export),(pending API key),,inferred:16.77,0.056,3.0,,yes,,atypical hemolytic-uremic syndrome;hemolytic-uremic syndrome;thrombotic microangiopathy；CTD:MAHA;CTD:TMA;CTD:TTP,2026-09-22,
HK1,P19367,3098.0,(pending manual export),(pending API key),,inferred:33.68,0.06,4.0,,yes,,aHUS with complement gene abnormality;atypical hemolytic-uremic syndrome;hemolytic-uremic syndrome;thrombotic microangio；CTD:MAHA;CTD:TMA;CTD:TTP,2026-09-22,
HLA-DQB1,P01920,3119.0,98.35,0.55,,inferred:42.24,0.061,3.0,,yes,,atypical hemolytic-uremic syndrome;hemolytic-uremic syndrome;thrombotic microangiopathy；GC:thrombotic m/thrombotic t；CTD:MAHA;CTD:TMA;CTD:TTP,2026-09-22,
HLA-DQB2,P05538,3120.0,(pending manual export),(pending API key),,(pending manual export),0.057,3.0,,yes,,atypical hemolytic-uremic syndrome;hemolytic-uremic syndrome;thrombotic microangiopathy,2026-09-22,
HLA-DRB1,P01911,3123.0,138.35,(pending API key),,inferred:32.11,0.051,1.0,,yes,,thrombotic microangiopathy；GC:thrombotic t；CTD:MAHA;CTD:TMA;CTD:TTP,2026-09-22,promoted to core set by reaching GeneCards main threshold
HLA-DRB5,Q30154,3127.0,(pending manual export),(pending API key),,inferred:5.44,0.08,1.0,,no (wide set),,thrombotic microangiopathy；CTD:MAHA;CTD:TMA;CTD:TTP,2026-09-22,
HLA-G,P17693,3135.0,41.06,(pending API key),,inferred:60.21,0.075,1.0,,no (wide set),,thrombotic microangiopathy；GC:microangiopa；CTD:MAHA;CTD:TMA;CTD:TTP,2026-09-22,
HMGCR,P04035,3156.0,6.38,(pending API key),,inferred:56.37,0.201,1.0,,no (wide set),,thrombotic microangiopathy；GC:snakebite en；CTD:MAHA;CTD:TMA;CTD:TTP;CTD:aHUS,2026-09-22,
HMOX1,P09601,3162.0,340.77,(pending API key),,direct:marker/mechanism,0.093,3.0,,yes,Axis4,atypical hemolytic-uremic syndrome;hemolytic-uremic syndrome;thrombotic microangiopathy；GC:atypical hem/microangiopa/thrombotic m；CTD:MAHA;CTD:TMA;CTD:TTP;CTD:aHUS,2026-09-22,
HNF1A,P20823,6927.0,66.50,(pending API key),,inferred:28.23,0.063,5.0,,yes,,aHUS with complement gene abnormality;atypical hemolytic-uremic syndrome;hemolytic-uremic syndrome;thrombotic microangio；GC:microangiopa；CTD:MAHA;CTD:TMA;CTD:TTP,2026-09-22,
HP,P00738,3240.0,166.46,(pending API key),,inferred:42.27,0.077,4.0,,yes,,aHUS with complement gene abnormality;atypical hemolytic-uremic syndrome;hemolytic-uremic syndrome;thrombotic microangio；GC:atypical hem/microangiopa/thrombotic m/thrombotic t；CTD:MAHA;CTD:TMA;CTD:TTP,2026-09-22,
HPR,P00739,3250.0,(pending manual export),(pending API key),,inferred:23.16,0.07,4.0,,yes,,aHUS with complement gene abnormality;atypical hemolytic-uremic syndrome;hemolytic-uremic syndrome;thrombotic microangio；CTD:MAHA;CTD:TMA;CTD:TTP,2026-09-22,
HPRT1,P00492,3251.0,(pending manual export),(pending API key),,inferred:43.73,0.072,3.0,,yes,,atypical hemolytic-uremic syndrome;hemolytic-uremic syndrome;thrombotic microangiopathy；CTD:MAHA;CTD:TMA;CTD:TTP,2026-09-22,
HPS1,Q92902,3257.0,(pending manual export),(pending API key),,inferred:40.56,0.061,4.0,,yes,,aHUS with complement gene abnormality;atypical hemolytic-uremic syndrome;hemolytic-uremic syndrome;thrombotic microangio；CTD:MAHA;CTD:TMA;CTD:TTP,2026-09-22,
HPSE2,Q8WWQ2,60495.0,(pending manual export),(pending API key),,inferred:5.15,0.052,3.0,,yes,,atypical hemolytic-uremic syndrome;hemolytic-uremic syndrome;thrombotic microangiopathy；CTD:MAHA;CTD:TMA;CTD:TTP,2026-09-22,
HPX,P02790,3263.0,84.04,(pending API key),,inferred:35.72,0.079,4.0,,yes,,aHUS with complement gene abnormality;atypical hemolytic-uremic syndrome;hemolytic-uremic syndrome;thrombotic microangio；GC:atypical hem/microangiopa/thrombotic m；CTD:MAHA;CTD:TMA;CTD:TTP,2026-09-22,
HS3ST3A1,Q9Y663,9955.0,(pending manual export),(pending API key),,inferred:14.11,0.05,1.0,,no (wide set),,thrombotic microangiopathy；CTD:MAHA;CTD:TMA;CTD:TTP,2026-09-22,
HSPA4L,O95757,22824.0,(pending manual export),(pending API key),,inferred:47.15,0.056,4.0,,yes,,aHUS with complement gene abnormality;atypical hemolytic-uremic syndrome;hemolytic-uremic syndrome;thrombotic microangio；CTD:MAHA;CTD:TMA;CTD:TTP,2026-09-22,
HSPA8,P11142,3312.0,(pending manual export),(pending API key),,inferred:79.25,0.079,1.0,,no (wide set),,thrombotic microangiopathy；CTD:MAHA;CTD:TMA;CTD:TTP,2026-09-22,
HTR3A,P46098,3359.0,(pending manual export),(pending API key),,inferred:25.23,0.066,4.0,,yes,,aHUS with complement gene abnormality;atypical hemolytic-uremic syndrome;hemolytic-uremic syndrome;thrombotic microangio；CTD:MAHA;CTD:TMA;CTD:TTP,2026-09-22,
HUWE1,Q7Z6Z7,10075.0,35.15,(pending API key),,inferred:9.14,0.074,1.0,,no (wide set),,thrombotic microangiopathy；GC:thrombotic t；CTD:MAHA;CTD:TMA;CTD:TTP,2026-09-22,
HYAL2,Q12891,8692.0,(pending manual export),(pending API key),,inferred:28.92,0.052,3.0,,yes,,atypical hemolytic-uremic syndrome;hemolytic-uremic syndrome;thrombotic microangiopathy；CTD:MAHA;CTD:TMA;CTD:TTP,2026-09-22,
IDO1,P14902,3620.0,74.46,(pending API key),,inferred:16.82,0.079,1.0,,no (wide set),,thrombotic microangiopathy；GC:atypical hem/thrombotic t；CTD:MAHA;CTD:TMA;CTD:TTP,2026-09-22,
IFNG,P01579,3458.0,209.04,(pending API key),,inferred:148.63,0.121,4.0,,yes,,aHUS with complement gene abnormality;atypical hemolytic-uremic syndrome;hemolytic-uremic syndrome;thrombotic microangio；GC:atypical hem/microangiopa/thrombotic m/thrombotic t；CTD:MAHA;CTD:TMA;CTD:TTP;CTD:aHUS,2026-09-22,
IGF1R,P08069,3480.0,81.34,(pending API key),,inferred:63.18,0.074,1.0,,no (wide set),,thrombotic microangiopathy；GC:atypical hem/thrombotic t；CTD:MAHA;CTD:TMA;CTD:TTP;CTD:aHUS,2026-09-22,
IGF2,P01344,3481.0,(pending manual export),(pending API key),,inferred:58.11,0.073,1.0,,no (wide set),,thrombotic microangiopathy；CTD:MAHA;CTD:TMA;CTD:TTP,2026-09-22,
IGF2BP1,Q9NZI8,10642.0,(pending manual export),(pending API key),,inferred:19.20,0.076,1.0,,no (wide set),,thrombotic microangiopathy；CTD:MAHA;CTD:TMA;CTD:TTP,2026-09-22,
IGFBP2,P18065,3485.0,77.58,(pending API key),,inferred:61.23,0.074,1.0,,no (wide set),,hemolytic-uremic syndrome；GC:atypical hem；CTD:MAHA;CTD:TMA;CTD:TTP,2026-09-22,
IKZF3,Q9UKT9,22806.0,(pending manual export),(pending API key),,inferred:10.36,0.073,3.0,,yes,,atypical hemolytic-uremic syndrome;hemolytic-uremic syndrome;thrombotic microangiopathy；CTD:MAHA;CTD:TMA;CTD:TTP,2026-09-22,
IL10,P22301,3586.0,235.99,(pending API key),,inferred:132.98,0.107,2.0,,yes,,hemolytic-uremic syndrome;thrombotic microangiopathy；GC:atypical hem/microangiopa/snakebite en/thrombotic m/thrombotic t；CTD:MAHA;CTD:TMA;CTD:TTP;CTD:aHUS;CTD:snakebite,2026-09-22,promoted to core set by reaching GeneCards main threshold
IL16,Q14005,3603.0,26.83,(pending API key),,inferred:41.31,0.077,1.0,,no (wide set),,thrombotic microangiopathy；GC:atypical hem；CTD:MAHA;CTD:TMA;CTD:TTP;CTD:aHUS,2026-09-22,
IL17A,Q16552,3605.0,163.56,(pending API key),,inferred:70.66,0.105,1.0,,yes,,thrombotic microangiopathy；GC:atypical hem/microangiopa/thrombotic m/thrombotic t；CTD:MAHA;CTD:TMA;CTD:TTP,2026-09-22,promoted to core set by reaching GeneCards main threshold
IL18,Q14116,3606.0,134.91,(pending API key),,inferred:95.35,0.092,1.0,,yes,,thrombotic microangiopathy；GC:atypical hem/microangiopa/thrombotic m/thrombotic t/venom-induce；CTD:MAHA;CTD:TMA;CTD:TTP;CTD:aHUS,2026-09-22,promoted to core set by reaching GeneCards main threshold
IL18BP,O95998,10068.0,(pending manual export),(pending API key),,inferred:37.95,0.078,1.0,,no (wide set),,thrombotic microangiopathy；CTD:MAHA;CTD:TMA;CTD:TTP,2026-09-22,
IL1A,P01583,3552.0,156.43,0.40,,direct:marker/mechanism,0.074,1.0,,yes,,thrombotic microangiopathy；GC:atypical hem/microangiopa/thrombotic m/thrombotic t；CTD:MAHA;CTD:TMA;CTD:TTP;CTD:aHUS,2026-09-22,promoted to core set by reaching GeneCards main threshold
IL1B,P01584,3553.0,248.30,0.65,,direct:marker/mechanism,0.107,1.0,,yes,,thrombotic microangiopathy；GC:atypical hem/microangiopa/thrombotic m/thrombotic t/venom-induce；CTD:MAHA;CTD:TMA;CTD:TTP;CTD:aHUS;CTD:snakebite,2026-09-22,promoted to core set by reaching GeneCards main threshold
IL1R1,P14778,3554.0,68.30,(pending API key),,inferred:46.94,0.073,4.0,,yes,,aHUS with complement gene abnormality;atypical hemolytic-uremic syndrome;hemolytic-uremic syndrome;thrombotic microangio；GC:atypical hem/microangiopa；CTD:MAHA;CTD:TMA;CTD:TTP,2026-09-22,
IL2,P60568,3558.0,166.43,(pending API key),,inferred:121.49,0.064,4.0,,yes,,aHUS with complement gene abnormality;atypical hemolytic-uremic syndrome;hemolytic-uremic syndrome;thrombotic microangio；GC:atypical hem/microangiopa/thrombotic m/thrombotic t；CTD:MAHA;CTD:TMA;CTD:TTP,2026-09-22,
IL21,Q9HBE4,59067.0,(pending manual export),(pending API key),,inferred:11.25,0.092,1.0,,no (wide set),,thrombotic microangiopathy；CTD:MAHA;CTD:TMA;CTD:TTP,2026-09-22,
IL22,Q9GZX6,50616.0,54.98,(pending API key),,inferred:9.11,0.092,1.0,,no (wide set),,thrombotic microangiopathy；GC:atypical hem/thrombotic t；CTD:MAHA;CTD:TMA;CTD:TTP,2026-09-22,
IL23A,Q9NPF7,51561.0,39.40,(pending API key),,inferred:56.86,0.091,1.0,,no (wide set),,thrombotic microangiopathy；GC:thrombotic t；CTD:MAHA;CTD:TMA;CTD:TTP,2026-09-22,
IL27,Q8NEV9,246778.0,(pending manual export),(pending API key),,inferred:4.43,0.085,1.0,,no (wide set),,thrombotic microangiopathy；CTD:MAHA;CTD:TMA,2026-09-22,
IL2RA,P01589,3559.0,218.15,(pending API key),,inferred:31.25,0.084,1.0,,yes,,thrombotic microangiopathy；GC:atypical hem/thrombotic t；CTD:MAHA;CTD:TMA;CTD:TTP,2026-09-22,promoted to core set by reaching GeneCards main threshold
IL2RB,P14784,3560.0,(pending manual export),(pending API key),,inferred:17.83,0.082,1.0,,no (wide set),,thrombotic microangiopathy；CTD:MAHA;CTD:TMA,2026-09-22,
IL2RG,P31785,3561.0,339.87,(pending API key),,inferred:28.96,0.074,1.0,,yes,,thrombotic microangiopathy；GC:atypical hem/microangiopa/thrombotic m；CTD:MAHA;CTD:TMA;CTD:TTP,2026-09-22,promoted to core set by reaching GeneCards main threshold
IL37,Q9NZH6,27178.0,28.49,(pending API key),,inferred:13.07,0.096,1.0,,no (wide set),,thrombotic microangiopathy；GC:thrombotic t；CTD:MAHA;CTD:TMA,2026-09-22,
IL4,P05112,3565.0,112.63,(pending API key),,inferred:100.67,0.093,1.0,,yes,,thrombotic microangiopathy；GC:thrombotic t；CTD:MAHA;CTD:TMA;CTD:TTP;CTD:aHUS,2026-09-22,promoted to core set by reaching GeneCards main threshold
IL6,P05231,3569.0,207.33,0.60,,direct:marker/mechanism,0.093,1.0,,yes,Axis4,thrombotic microangiopathy；GC:atypical hem/microangiopa/snakebite en/thrombotic m/thrombotic t；CTD:MAHA;CTD:TMA;CTD:TTP;CTD:aHUS;CTD:snakebite,2026-09-22,promoted to core set by four-axis prior
IMPDH1,P20839,3614.0,(pending manual export),(pending API key),,inferred:28.15,0.352,1.0,,yes,,thrombotic microangiopathy；CTD:MAHA;CTD:TMA;CTD:TTP,2026-09-22,
IMPDH2,P12268,3615.0,(pending manual export),(pending API key),,inferred:33.94,0.352,1.0,,yes,,thrombotic microangiopathy；CTD:MAHA;CTD:TMA;CTD:TTP,2026-09-22,
INPP5D,Q92835,3635.0,(pending manual export),(pending API key),,inferred:26.28,0.05,1.0,,no (wide set),,thrombotic microangiopathy；CTD:MAHA;CTD:TMA;CTD:TTP,2026-09-22,
INS,P01308,3630.0,105.58,(pending API key),,inferred:57.11,0.079,4.0,,yes,,aHUS with complement gene abnormality;atypical hemolytic-uremic syndrome;hemolytic-uremic syndrome;thrombotic microangio；GC:atypical hem；CTD:MAHA;CTD:TMA;CTD:TTP;CTD:aHUS,2026-09-22,
INSR,P06213,3643.0,(pending manual export),(pending API key),,inferred:47.13,0.061,4.0,,yes,,aHUS with complement gene abnormality;atypical hemolytic-uremic syndrome;hemolytic-uremic syndrome;thrombotic microangio；CTD:MAHA;CTD:TMA;CTD:TTP,2026-09-22,
IRF4,Q15306,3662.0,(pending manual export),(pending API key),,inferred:29.65,0.058,1.0,,no (wide set),,thrombotic microangiopathy；CTD:MAHA;CTD:TMA;CTD:TTP,2026-09-22,
IRF8,Q02556,3394.0,(pending manual export),(pending API key),,inferred:23.92,0.056,4.0,,yes,,aHUS with complement gene abnormality;atypical hemolytic-uremic syndrome;hemolytic-uremic syndrome;thrombotic microangio；CTD:MAHA;CTD:TMA;CTD:TTP,2026-09-22,
IRGM,A1A4Y4,345611.0,(pending manual export),(pending API key),,inferred:21.32,0.05,1.0,,no (wide set),,hemolytic-uremic syndrome；CTD:MAHA;CTD:TMA;CTD:TTP,2026-09-22,
ITCH,Q96J02,83737.0,(pending manual export),(pending API key),,inferred:17.99,0.054,3.0,,yes,,atypical hemolytic-uremic syndrome;hemolytic-uremic syndrome;thrombotic microangiopathy；CTD:MAHA;CTD:TMA;CTD:TTP,2026-09-22,
ITGA1,P56199,3672.0,(pending manual export),(pending API key),,inferred:23.48,0.071,4.0,,yes,,aHUS with complement gene abnormality;atypical hemolytic-uremic syndrome;hemolytic-uremic syndrome;thrombotic microangio；CTD:MAHA;CTD:TMA;CTD:TTP,2026-09-22,
ITGA2B,P08514,3674.0,544.85,(pending API key),,inferred:20.94,0.125,1.0,,yes,Axis1,thrombotic microangiopathy；GC:atypical hem/microangiopa/thrombotic m/thrombotic t；CTD:MAHA;CTD:TMA;CTD:TTP,2026-09-22,promoted to core set by four-axis prior
ITGAL,P20701,3683.0,46.29,(pending API key),,inferred:23.43,0.076,1.0,,no (wide set),,thrombotic microangiopathy；GC:atypical hem/thrombotic t；CTD:MAHA;CTD:TMA;CTD:TTP,2026-09-22,
ITGB2,P05107,3689.0,409.03,(pending API key),,inferred:48.51,0.051,1.0,,yes,,thrombotic microangiopathy；GC:atypical hem/microangiopa/thrombotic m/thrombotic t；CTD:MAHA;CTD:TMA;CTD:TTP,2026-09-22,promoted to core set by reaching GeneCards main threshold
ITGB3,P05106,3690.0,648.67,(pending API key),,inferred:36.62,0.062,1.0,,yes,Axis1,thrombotic microangiopathy；GC:atypical hem/microangiopa/thrombotic m/thrombotic t；CTD:MAHA;CTD:TMA;CTD:TTP,2026-09-22,promoted to core set by four-axis prior
JAK1,P23458,3716.0,80.93,(pending API key),,inferred:57.44,0.117,2.0,,yes,,hemolytic-uremic syndrome;thrombotic microangiopathy；GC:thrombotic m/thrombotic t；CTD:MAHA;CTD:TMA;CTD:TTP,2026-09-22,promoted to core set by reaching GeneCards main threshold
JAK2,O60674,3717.0,204.03,(pending API key),,inferred:41.88,0.128,1.0,,yes,,thrombotic microangiopathy；GC:atypical hem/thrombotic m/thrombotic t；CTD:MAHA;CTD:TMA;CTD:TTP;CTD:snakebite,2026-09-22,promoted to core set by reaching GeneCards main threshold
JAK3,P52333,3718.0,352.13,(pending API key),,inferred:10.98,0.076,1.0,,yes,,thrombotic microangiopathy；GC:atypical hem/microangiopa/thrombotic m/thrombotic t；CTD:MAHA;CTD:TMA,2026-09-22,promoted to core set by reaching GeneCards main threshold
KCNE2,Q9Y6J6,9992.0,(pending manual export),(pending API key),,inferred:21.41,0.055,4.0,,yes,,aHUS with complement gene abnormality;atypical hemolytic-uremic syndrome;hemolytic-uremic syndrome;thrombotic microangio；CTD:MAHA;CTD:TMA,2026-09-22,
KCNIP4,Q6PIL6,80333.0,(pending manual export),(pending API key),,inferred:13.78,0.068,1.0,,no (wide set),,thrombotic microangiopathy；CTD:MAHA;CTD:TMA;CTD:TTP,2026-09-22,
KCNJ1,P48048,3758.0,(pending manual export),(pending API key),,inferred:11.14,0.06,4.0,,yes,,aHUS with complement gene abnormality;atypical hemolytic-uremic syndrome;hemolytic-uremic syndrome;thrombotic microangio；CTD:MAHA;CTD:TMA,2026-09-22,
KCNJ10,P78508,3766.0,(pending manual export),(pending API key),,inferred:13.86,0.054,3.0,,yes,,atypical hemolytic-uremic syndrome;hemolytic-uremic syndrome;thrombotic microangiopathy；CTD:MAHA;CTD:TMA;CTD:TTP,2026-09-22,
KCNK1,O00180,3775.0,(pending manual export),(pending API key),,inferred:31.99,0.058,4.0,,yes,,aHUS with complement gene abnormality;atypical hemolytic-uremic syndrome;hemolytic-uremic syndrome;thrombotic microangio；CTD:MAHA;CTD:TMA;CTD:TTP,2026-09-22,
KCNK5,O95279,8645.0,(pending manual export),(pending API key),,inferred:15.60,0.058,4.0,,yes,,aHUS with complement gene abnormality;atypical hemolytic-uremic syndrome;hemolytic-uremic syndrome;thrombotic microangio；CTD:MAHA;CTD:TMA;CTD:TTP,2026-09-22,
KCNMA1,Q12791,3778.0,(pending manual export),(pending API key),,inferred:22.30,0.062,3.0,,yes,,atypical hemolytic-uremic syndrome;hemolytic-uremic syndrome;thrombotic microangiopathy；CTD:MAHA;CTD:TMA;CTD:TTP,2026-09-22,
KCNN4,O15554,3783.0,(pending manual export),(pending API key),,inferred:23.36,0.052,1.0,,no (wide set),,thrombotic microangiopathy；CTD:MAHA;CTD:TMA;CTD:TTP,2026-09-22,
KCNV2,Q8TDN2,169522.0,(pending manual export),(pending API key),,inferred:5.58,0.135,1.0,,no (wide set),,thrombotic microangiopathy；CTD:MAHA,2026-09-22,
KCTD1,Q719H9,284252.0,(pending manual export),(pending API key),,inferred:6.73,0.072,7.0,,yes,,aHUS with C3 anomaly;aHUS with complement gene abnormality;atypical hemolytic-uremic syndrome;congenital TTP;hemolytic-u；CTD:MAHA;CTD:TMA;CTD:TTP,2026-09-22,
KCTD2,Q14681,23510.0,(pending manual export),(pending API key),,inferred:19.33,0.068,1.0,,no (wide set),,thrombotic microangiopathy；CTD:MAHA;CTD:TMA,2026-09-22,
KIRREL1,Q96J84,55243.0,(pending manual export),(pending API key),,inferred:10.15,0.07,3.0,,yes,,atypical hemolytic-uremic syndrome;hemolytic-uremic syndrome;thrombotic microangiopathy；CTD:MAHA;CTD:TMA,2026-09-22,
KIT,P10721,3815.0,81.23,(pending API key),,inferred:41.87,0.062,4.0,,yes,,aHUS with complement gene abnormality;atypical hemolytic-uremic syndrome;hemolytic-uremic syndrome;thrombotic microangio；GC:thrombotic t/venom-induce；CTD:MAHA;CTD:TMA;CTD:TTP,2026-09-22,
KLF1,Q13351,10661.0,165.21,(pending API key),,inferred:35.73,0.057,3.0,,yes,,atypical hemolytic-uremic syndrome;hemolytic-uremic syndrome;thrombotic microangiopathy；GC:atypical hem；CTD:MAHA;CTD:TMA;CTD:TTP,2026-09-22,
KLHL2,O95198,11275.0,(pending manual export),(pending API key),,inferred:17.44,0.058,3.0,,yes,,atypical hemolytic-uremic syndrome;hemolytic-uremic syndrome;thrombotic microangiopathy；CTD:MAHA;CTD:TMA;CTD:TTP,2026-09-22,
KLHL3,Q9UH77,26249.0,(pending manual export),(pending API key),,inferred:10.96,0.052,4.0,,yes,,aHUS with complement gene abnormality;atypical hemolytic-uremic syndrome;hemolytic-uremic syndrome;thrombotic microangio；CTD:MAHA;CTD:TMA,2026-09-22,
KNSTRN,Q9Y448,90417.0,(pending manual export),(pending API key),,inferred:19.47,0.055,1.0,,no (wide set),,thrombotic microangiopathy；CTD:MAHA;CTD:TMA;CTD:TTP,2026-09-22,
LACTB,P83111,114294.0,(pending manual export),(pending API key),,inferred:27.44,0.056,3.0,,yes,,atypical hemolytic-uremic syndrome;hemolytic-uremic syndrome;thrombotic microangiopathy；CTD:MAHA;CTD:TMA;CTD:TTP,2026-09-22,
LAIR1,Q6GTX8,3903.0,(pending manual export),(pending API key),,inferred:7.39,0.071,1.0,,no (wide set),,thrombotic microangiopathy；CTD:MAHA;CTD:TMA;CTD:TTP,2026-09-22,
LAMA4,Q16363,3910.0,(pending manual export),(pending API key),,inferred:17.66,0.053,2.0,,no (wide set),,thrombotic microangiopathy;thrombotic thrombocytopenic purpura；CTD:MAHA;CTD:TMA;CTD:TTP,2026-09-22,
LAMA5,O15230,3911.0,(pending manual export),(pending API key),,inferred:29.22,0.086,5.0,,yes,,aHUS with C3 anomaly;aHUS with complement gene abnormality;atypical hemolytic-uremic syndrome;hemolytic-uremic syndrome；CTD:MAHA;CTD:TMA;CTD:TTP,2026-09-22,
LAMB2,P55268,3913.0,181.87,(pending API key),,inferred:31.65,0.073,4.0,,yes,,aHUS with complement gene abnormality;atypical hemolytic-uremic syndrome;hemolytic-uremic syndrome;thrombotic microangio；GC:atypical hem/thrombotic t；CTD:MAHA;CTD:TMA;CTD:TTP,2026-09-22,
LAMC3,Q9Y6N6,10319.0,(pending manual export),(pending API key),,inferred:13.02,0.051,1.0,,no (wide set),,thrombotic microangiopathy；CTD:MAHA;CTD:TMA;CTD:TTP,2026-09-22,
LAT,O43561,27040.0,24.80,(pending API key),,inferred:27.44,0.058,3.0,,yes,,atypical hemolytic-uremic syndrome;hemolytic-uremic syndrome;thrombotic microangiopathy；GC:thrombotic t；CTD:MAHA;CTD:TMA;CTD:TTP,2026-09-22,
LCA5L,O95447,150082.0,(pending manual export),(pending API key),,inferred:13.70,0.05,2.0,,no (wide set),,hemolytic-uremic syndrome;thrombotic microangiopathy；CTD:MAHA;CTD:TMA,2026-09-22,
LCAT,P04180,3931.0,208.18,(pending API key),,inferred:39.66,0.074,4.0,,yes,,aHUS with complement gene abnormality;atypical hemolytic-uremic syndrome;hemolytic-uremic syndrome;thrombotic microangio；GC:atypical hem；CTD:MAHA;CTD:TMA;CTD:TTP,2026-09-22,
LCN2,P80188,3934.0,115.11,(pending API key),,inferred:71.82,0.06,3.0,,yes,,atypical hemolytic-uremic syndrome;hemolytic-uremic syndrome;thrombotic microangiopathy；GC:atypical hem/snakebite en/thrombotic m/thrombotic t；CTD:MAHA;CTD:TMA;CTD:TTP,2026-09-22,
LCP1,P13796,3936.0,(pending manual export),(pending API key),,inferred:22.24,0.05,1.0,,no (wide set),,thrombotic microangiopathy；CTD:MAHA;CTD:TMA;CTD:TTP,2026-09-22,
LDHA,P00338,3939.0,(pending manual export),(pending API key),,inferred:48.80,0.059,4.0,,yes,,aHUS with complement gene abnormality;atypical hemolytic-uremic syndrome;hemolytic-uremic syndrome;thrombotic microangio；CTD:MAHA;CTD:TMA;CTD:TTP,2026-09-22,
LEP,P41159,3952.0,122.99,(pending API key),,inferred:60.34,0.081,4.0,,yes,,aHUS with complement gene abnormality;atypical hemolytic-uremic syndrome;hemolytic-uremic syndrome;thrombotic microangio；GC:atypical hem/thrombotic t；CTD:MAHA;CTD:TMA;CTD:TTP;CTD:aHUS,2026-09-22,
LEPR,P48357,3953.0,(pending manual export),(pending API key),,inferred:32.54,0.075,4.0,,yes,,aHUS with complement gene abnormality;atypical hemolytic-uremic syndrome;hemolytic-uremic syndrome;thrombotic microangio；CTD:MAHA;CTD:TMA;CTD:TTP,2026-09-22,
LGMN,Q99538,5641.0,(pending manual export),(pending API key),,inferred:40.42,0.069,4.0,,yes,,aHUS with complement gene abnormality;atypical hemolytic-uremic syndrome;hemolytic-uremic syndrome;thrombotic microangio；CTD:MAHA;CTD:TMA;CTD:TTP,2026-09-22,
LIF,P15018,3976.0,11.31,(pending API key),,inferred:40.73,0.067,5.0,,yes,,aHUS with complement gene abnormality;atypical hemolytic-uremic syndrome;hemolytic-uremic syndrome;thrombotic microangio；GC:thrombotic t；CTD:MAHA;CTD:TMA;CTD:TTP,2026-09-22,
LIN7C,Q9NUP9,55327.0,(pending manual export),(pending API key),,inferred:21.51,0.074,4.0,,yes,,aHUS with complement gene abnormality;atypical hemolytic-uremic syndrome;hemolytic-uremic syndrome;thrombotic microangio；CTD:MAHA;CTD:TMA;CTD:TTP,2026-09-22,
LMX1B,O60663,4010.0,0.31,(pending API key),,inferred:7.90,0.064,3.0,,yes,,atypical hemolytic-uremic syndrome;hemolytic-uremic syndrome;thrombotic microangiopathy；GC:thrombotic m；CTD:MAHA;CTD:TMA;CTD:TTP,2026-09-22,
LRRC55,Q6ZSA7,219527.0,(pending manual export),(pending API key),,inferred:8.41,0.058,3.0,,yes,,atypical hemolytic-uremic syndrome;hemolytic-uremic syndrome;thrombotic microangiopathy；CTD:MAHA,2026-09-22,
LTB4R,Q15722,1241.0,(pending manual export),(pending API key),,inferred:11.13,0.323,1.0,,yes,,thrombotic microangiopathy；CTD:MAHA;CTD:TMA;CTD:TTP,2026-09-22,
LTB4R2,Q9NPC1,56413.0,(pending manual export),(pending API key),,inferred:8.08,0.323,1.0,,yes,,thrombotic microangiopathy；CTD:MAHA;CTD:TMA;CTD:TTP,2026-09-22,
LY6G6D,O95868,58530.0,(pending manual export),(pending API key),,inferred:13.74,0.052,1.0,,no (wide set),,thrombotic microangiopathy；CTD:MAHA;CTD:TMA,2026-09-22,
LYL1,P12980,4066.0,(pending manual export),(pending API key),,inferred:10.31,0.062,1.0,,no (wide set),,thrombotic microangiopathy；CTD:MAHA;CTD:TMA;CTD:TTP,2026-09-22,
LYN,P07948,4067.0,131.72,(pending API key),,inferred:42.86,0.067,5.0,,yes,,aHUS with C3 anomaly;aHUS with complement gene abnormality;atypical hemolytic-uremic syndrome;hemolytic-uremic syndrome;；GC:thrombotic t；CTD:MAHA;CTD:TMA;CTD:TTP,2026-09-22,
LYPD2,Q6UXB3,137797.0,(pending manual export),(pending API key),,inferred:13.33,0.057,1.0,,no (wide set),,thrombotic microangiopathy；CTD:MAHA,2026-09-22,
MAFB,Q9Y5Q3,9935.0,(pending manual export),(pending API key),,inferred:38.34,0.071,4.0,,yes,,aHUS with complement gene abnormality;atypical hemolytic-uremic syndrome;hemolytic-uremic syndrome;thrombotic microangio；CTD:MAHA;CTD:TMA;CTD:TTP,2026-09-22,
MAGI2,Q86UL8,9863.0,(pending manual export),(pending API key),,inferred:12.13,0.084,5.0,,yes,,aHUS with C3 anomaly;aHUS with complement gene abnormality;atypical hemolytic-uremic syndrome;hemolytic-uremic syndrome；CTD:MAHA;CTD:TMA;CTD:TTP,2026-09-22,
MAN2A1,Q16706,4124.0,(pending manual export),(pending API key),,inferred:21.83,0.069,5.0,,yes,,aHUS with complement gene abnormality;atypical hemolytic-uremic syndrome;hemolytic-uremic syndrome;thrombotic microangio；CTD:MAHA;CTD:TMA;CTD:TTP,2026-09-22,
MAP3K15,Q6ZN16,389840.0,(pending manual export),(pending API key),,inferred:5.30,0.059,4.0,,yes,,aHUS with complement gene abnormality;atypical hemolytic-uremic syndrome;hemolytic-uremic syndrome;thrombotic microangio；CTD:MAHA;CTD:TMA;CTD:TTP,2026-09-22,
MAPDA,Q6DHV7,161823.0,(pending manual export),(pending API key),,inferred:31.74,0.051,1.0,,no (wide set),,thrombotic microangiopathy；CTD:MAHA;CTD:TMA;CTD:TTP,2026-09-22,
MAS1,P04201,4142.0,(pending manual export),(pending API key),,inferred:20.54,0.078,4.0,,yes,,aHUS with complement gene abnormality;atypical hemolytic-uremic syndrome;hemolytic-uremic syndrome;thrombotic microangio；CTD:MAHA;CTD:TMA;CTD:TTP,2026-09-22,
MASP2,O00187,10747.0,364.98,(pending API key),,inferred:23.41,0.349,3.0,,yes,,atypical hemolytic-uremic syndrome;hemolytic-uremic syndrome;thrombotic microangiopathy；GC:atypical hem/microangiopa/thrombotic m/thrombotic t；CTD:MAHA;CTD:TMA,2026-09-22,
MECOM,Q03112,2122.0,153.93,(pending API key),,inferred:28.39,0.075,1.0,,yes,,thrombotic microangiopathy；GC:atypical hem/thrombotic t；CTD:MAHA;CTD:TMA;CTD:TTP,2026-09-22,promoted to core set by reaching GeneCards main threshold
MEG3,,55384.0,126.80,(pending API key),,inferred:21.96,0.065,1.0,,yes,,thrombotic microangiopathy；GC:atypical hem/thrombotic t；CTD:MAHA;CTD:TMA;CTD:TTP,2026-09-22,promoted to core set by reaching GeneCards main threshold
MEP1B,Q16820,4225.0,(pending manual export),(pending API key),,inferred:38.57,0.07,4.0,,yes,,aHUS with complement gene abnormality;atypical hemolytic-uremic syndrome;hemolytic-uremic syndrome;thrombotic microangio；CTD:MAHA;CTD:TMA;CTD:TTP,2026-09-22,
METTL5,Q9NRN9,29081.0,(pending manual export),(pending API key),,inferred:22.32,0.053,4.0,,yes,,aHUS with complement gene abnormality;atypical hemolytic-uremic syndrome;hemolytic-uremic syndrome;thrombotic microangio；CTD:MAHA;CTD:TMA;CTD:TTP,2026-09-22,
MFSD2B,A6NFX1,388931.0,(pending manual export),(pending API key),,inferred:7.42,0.056,3.0,,yes,,atypical hemolytic-uremic syndrome;hemolytic-uremic syndrome;thrombotic microangiopathy；CTD:MAHA;CTD:TMA;CTD:TTP,2026-09-22,
MIF,P14174,4282.0,92.61,(pending API key),,inferred:55.15,0.11,1.0,,no (wide set),,thrombotic microangiopathy；GC:atypical hem/thrombotic t；CTD:MAHA;CTD:TMA;CTD:TTP,2026-09-22,
MIR142,,406934.0,64.40,(pending API key),,inferred:15.13,0.057,1.0,,no (wide set),,thrombotic microangiopathy；GC:atypical hem；CTD:MAHA;CTD:TMA;CTD:TTP,2026-09-22,
MIR204,,406987.0,(pending manual export),(pending API key),,inferred:15.89,0.062,4.0,,yes,,aHUS with complement gene abnormality;atypical hemolytic-uremic syndrome;hemolytic-uremic syndrome;thrombotic microangio；CTD:MAHA;CTD:TMA;CTD:TTP,2026-09-22,
MLKL,Q8NB16,197259.0,(pending manual export),(pending API key),,inferred:20.76,0.074,1.0,,no (wide set),,thrombotic microangiopathy；CTD:MAHA;CTD:TMA;CTD:TTP,2026-09-22,
MMACHC,Q9Y4U1,25974.0,665.99,0.40,yes,inferred:17.12,0.335,3.0,,yes,,atypical hemolytic-uremic syndrome;hemolytic-uremic syndrome;thrombotic microangiopathy；GC:atypical hem/microangiopa/thrombotic m/thrombotic t；CTD:MAHA;CTD:TMA;CTD:TTP；OMIM,2026-09-22,
MMUT,P22033,4594.0,169.30,(pending API key),,inferred:33.77,0.063,4.0,,yes,,aHUS with complement gene abnormality;atypical hemolytic-uremic syndrome;hemolytic-uremic syndrome;thrombotic microangio；GC:atypical hem/microangiopa/thrombotic m；CTD:MAHA;CTD:TMA;CTD:TTP,2026-09-22,
MNDA,P41218,4332.0,(pending manual export),(pending API key),,inferred:15.29,0.051,1.0,,no (wide set),,thrombotic microangiopathy；CTD:MAHA;CTD:TMA;CTD:TTP,2026-09-22,
MOCOS,Q96EN8,55034.0,(pending manual export),(pending API key),,inferred:29.39,0.066,4.0,,yes,,aHUS with complement gene abnormality;atypical hemolytic-uremic syndrome;hemolytic-uremic syndrome;thrombotic microangio；CTD:MAHA;CTD:TMA;CTD:TTP,2026-09-22,
MOCS2,O96007,4338.0,(pending manual export),(pending API key),,inferred:24.77,0.059,5.0,,yes,,aHUS with complement gene abnormality;atypical hemolytic-uremic syndrome;hemolytic-uremic syndrome;thrombotic microangio；CTD:MAHA;CTD:TMA;CTD:TTP,2026-09-22,
MPL,P40238,4352.0,676.38,(pending API key),,inferred:3.08,0.633,4.0,,yes,,aHUS with complement gene abnormality;atypical hemolytic-uremic syndrome;hemolytic-uremic syndrome;thrombotic microangio；GC:atypical hem/microangiopa/thrombotic m/thrombotic t；CTD:MAHA;CTD:TMA;CTD:TTP,2026-09-22,
MPV17,P39210,4358.0,(pending manual export),(pending API key),,inferred:14.31,0.059,4.0,,yes,,aHUS with complement gene abnormality;atypical hemolytic-uremic syndrome;hemolytic-uremic syndrome;thrombotic microangio；CTD:MAHA;CTD:TMA;CTD:TTP,2026-09-22,
MS4A1,P11836,931.0,(pending manual export),(pending API key),,inferred:20.46,0.413,3.0,,yes,,hemolytic-uremic syndrome;thrombotic microangiopathy;thrombotic thrombocytopenic purpura；CTD:MAHA;CTD:TMA;CTD:TTP,2026-09-22,
MSN,P26038,4478.0,70.72,(pending API key),,inferred:39.99,0.053,1.0,,no (wide set),,thrombotic microangiopathy；GC:atypical hem；CTD:MAHA;CTD:TMA;CTD:TTP,2026-09-22,
MTOR,P42345,2475.0,215.10,(pending API key),,inferred:59.03,0.065,1.0,,yes,,thrombotic microangiopathy；GC:atypical hem/microangiopa/thrombotic m/thrombotic t/venom-induce；CTD:MAHA;CTD:TMA;CTD:TTP;CTD:aHUS,2026-09-22,promoted to core set by reaching GeneCards main threshold
MTSS1,O43312,9788.0,(pending manual export),(pending API key),,inferred:30.33,0.06,3.0,,yes,,atypical hemolytic-uremic syndrome;hemolytic-uremic syndrome;thrombotic microangiopathy；CTD:MAHA;CTD:TMA;CTD:TTP,2026-09-22,
MTUS1,Q9ULD2,57509.0,(pending manual export),(pending API key),,inferred:30.62,0.054,3.0,,yes,,atypical hemolytic-uremic syndrome;hemolytic-uremic syndrome;thrombotic microangiopathy；CTD:MAHA;CTD:TMA;CTD:TTP,2026-09-22,
MUC2,Q02817,4583.0,(pending manual export),(pending API key),,inferred:24.59,0.051,1.0,,no (wide set),,thrombotic microangiopathy；CTD:MAHA;CTD:TMA;CTD:TTP,2026-09-22,
MYB,P10242,4602.0,(pending manual export),(pending API key),,inferred:28.52,0.056,1.0,,no (wide set),,thrombotic microangiopathy；CTD:MAHA;CTD:TMA;CTD:TTP;CTD:aHUS,2026-09-22,
MYBBP1A,Q9BQG0,10514.0,(pending manual export),(pending API key),,inferred:20.19,0.053,4.0,,yes,,aHUS with complement gene abnormality;atypical hemolytic-uremic syndrome;hemolytic-uremic syndrome;thrombotic microangio；CTD:MAHA;CTD:TMA;CTD:TTP,2026-09-22,
MYD88,Q99836,4615.0,(pending manual export),(pending API key),,inferred:54.03,0.061,2.0,,no (wide set),,hemolytic-uremic syndrome;thrombotic microangiopathy；CTD:MAHA;CTD:TMA;CTD:TTP;CTD:snakebite,2026-09-22,
MYH9,P35579,4627.0,542.66,(pending API key),,inferred:19.04,0.09,5.0,,yes,,aHUS with C3 anomaly;aHUS with complement gene abnormality;atypical hemolytic-uremic syndrome;hemolytic-uremic syndrome;；GC:atypical hem/microangiopa/thrombotic m/thrombotic t；CTD:MAHA;CTD:TMA;CTD:TTP,2026-09-22,
MYL12A,P19105,10627.0,(pending manual export),(pending API key),,inferred:30.80,0.054,4.0,,yes,,aHUS with complement gene abnormality;atypical hemolytic-uremic syndrome;hemolytic-uremic syndrome;thrombotic microangio；CTD:MAHA;CTD:TMA;CTD:TTP,2026-09-22,
MYL12B,O14950,103910.0,(pending manual export),(pending API key),,inferred:28.36,0.054,4.0,,yes,,aHUS with complement gene abnormality;atypical hemolytic-uremic syndrome;hemolytic-uremic syndrome;thrombotic microangio；CTD:MAHA;CTD:TMA;CTD:TTP,2026-09-22,
MYO1E,Q12965,4643.0,(pending manual export),(pending API key),,inferred:32.79,0.082,5.0,,yes,,aHUS with complement gene abnormality;atypical hemolytic-uremic syndrome;hemolytic-uremic syndrome;thrombotic microangio；CTD:MAHA;CTD:TMA;CTD:TTP,2026-09-22,
MYO9A,B2RTY4,4649.0,(pending manual export),(pending API key),,inferred:16.84,0.064,3.0,,yes,,atypical hemolytic-uremic syndrome;hemolytic-uremic syndrome;thrombotic microangiopathy；CTD:MAHA;CTD:TMA;CTD:TTP,2026-09-22,
NAV2,Q8IVL1,89797.0,(pending manual export),(pending API key),,inferred:34.68,0.305,1.0,,yes,,thrombotic microangiopathy；CTD:MAHA;CTD:TMA;CTD:TTP,2026-09-22,
NBEAL2,Q6ZNJ1,23218.0,55.74,(pending API key),,inferred:13.44,0.083,1.0,,yes,,thrombotic microangiopathy；GC:thrombotic t；CTD:MAHA;CTD:TMA;CTD:TTP,2026-09-22,promoted to core set by reaching GeneCards main threshold
NCKAP1L,P55160,3071.0,(pending manual export),(pending API key),,inferred:16.71,0.053,3.0,,yes,,atypical hemolytic-uremic syndrome;hemolytic-uremic syndrome;thrombotic microangiopathy；CTD:MAHA;CTD:TMA;CTD:TTP,2026-09-22,
NEDD4L,Q96PU5,23327.0,(pending manual export),(pending API key),,inferred:43.12,0.057,4.0,,yes,,aHUS with complement gene abnormality;atypical hemolytic-uremic syndrome;hemolytic-uremic syndrome;thrombotic microangio；CTD:MAHA;CTD:TMA;CTD:TTP,2026-09-22,
NEK8,Q86SG6,284086.0,(pending manual export),(pending API key),,inferred:15.53,0.051,3.0,,yes,,atypical hemolytic-uremic syndrome;hemolytic-uremic syndrome;thrombotic microangiopathy；CTD:MAHA,2026-09-22,
NFAT5,O94916,10725.0,84.85,(pending API key),,inferred:40.42,0.057,3.0,,yes,,atypical hemolytic-uremic syndrome;hemolytic-uremic syndrome;thrombotic microangiopathy；GC:atypical hem；CTD:MAHA;CTD:TMA;CTD:TTP,2026-09-22,
NFE2L2,Q16236,4780.0,144.99,(pending API key),,inferred:150.17,0.067,5.0,,yes,,aHUS with complement gene abnormality;atypical hemolytic-uremic syndrome;hemolytic-uremic syndrome;thrombotic microangio；GC:atypical hem/thrombotic m；CTD:MAHA;CTD:TMA;CTD:TTP;CTD:aHUS,2026-09-22,
NFKB1,P19838,4790.0,344.92,(pending API key),,inferred:106.04,0.091,1.0,,yes,,thrombotic microangiopathy；GC:atypical hem/microangiopa/snakebite en/thrombotic m/thrombotic t/venom-induce；CTD:MAHA;CTD:TMA;CTD:TTP;CTD:snakebite,2026-09-22,promoted to core set by reaching GeneCards main threshold
NFYA,P23511,4800.0,(pending manual export),(pending API key),,inferred:34.61,0.052,4.0,,yes,,aHUS with complement gene abnormality;atypical hemolytic-uremic syndrome;hemolytic-uremic syndrome;thrombotic microangio；CTD:MAHA;CTD:TMA;CTD:TTP,2026-09-22,
NKD1,Q969G9,85407.0,(pending manual export),(pending API key),,inferred:29.56,0.187,1.0,,no (wide set),,thrombotic microangiopathy；CTD:MAHA;CTD:TMA;CTD:TTP,2026-09-22,
NKG7,Q16617,4818.0,(pending manual export),(pending API key),,inferred:22.00,0.074,1.0,,no (wide set),,thrombotic microangiopathy；CTD:MAHA;CTD:TMA;CTD:TTP,2026-09-22,
NLRP3,Q96P20,114548.0,316.66,(pending API key),,inferred:69.62,0.089,2.0,,yes,,hemolytic-uremic syndrome;thrombotic microangiopathy；GC:atypical hem/microangiopa/thrombotic m/thrombotic t；CTD:MAHA;CTD:TMA;CTD:TTP;CTD:aHUS;CTD:snakebite,2026-09-22,promoted to core set by reaching GeneCards main threshold
NMNAT3,Q96T66,349565.0,(pending manual export),(pending API key),,inferred:14.69,0.055,4.0,,yes,,aHUS with complement gene abnormality;atypical hemolytic-uremic syndrome;hemolytic-uremic syndrome;thrombotic microangio；CTD:MAHA;CTD:TMA;CTD:TTP,2026-09-22,
NNT,Q13423,23530.0,(pending manual export),(pending API key),,inferred:30.11,0.416,3.0,,yes,,atypical hemolytic-uremic syndrome;hemolytic-uremic syndrome;thrombotic microangiopathy；CTD:MAHA;CTD:TMA;CTD:TTP,2026-09-22,
NOS3,P29474,4846.0,112.47,(pending API key),,inferred:70.15,0.058,2.0,,yes,Axis4,hemolytic-uremic syndrome;thrombotic microangiopathy；GC:atypical hem/microangiopa/thrombotic m；CTD:MAHA;CTD:TMA;CTD:TTP,2026-09-22,promoted to core set by four-axis prior
NPHP1,O15259,4867.0,134.57,(pending API key),,inferred:16.85,0.056,3.0,,yes,,atypical hemolytic-uremic syndrome;hemolytic-uremic syndrome;thrombotic microangiopathy；GC:atypical hem/thrombotic m；CTD:MAHA;CTD:TMA;CTD:TTP,2026-09-22,
NPHP3,Q7Z494,27031.0,164.93,0.40,,inferred:11.59,0.135,5.0,,yes,,aHUS with C3 anomaly;aHUS with complement gene abnormality;atypical hemolytic-uremic syndrome;hemolytic-uremic syndrome;；GC:atypical hem；CTD:MAHA;CTD:TMA;CTD:TTP,2026-09-22,
NPHP3-ACAD11,,100532724.0,107.30,0.40,,inferred:3.82,0.067,5.0,,yes,,aHUS with C3 anomaly;aHUS with complement gene abnormality;atypical hemolytic-uremic syndrome;hemolytic-uremic syndrome;；GC:atypical hem；CTD:MAHA;CTD:TMA;CTD:TTP,2026-09-22,
NPHS1,O60500,4868.0,275.30,(pending API key),,inferred:26.09,0.077,3.0,,yes,,atypical hemolytic-uremic syndrome;hemolytic-uremic syndrome;thrombotic microangiopathy；GC:atypical hem/microangiopa/thrombotic m/thrombotic t；CTD:MAHA;CTD:TMA;CTD:TTP,2026-09-22,
NPHS2,Q9NP85,7827.0,196.01,(pending API key),,inferred:23.66,0.088,6.0,,yes,,aHUS with C3 anomaly;aHUS with complement gene abnormality;atypical hemolytic-uremic syndrome;hemolytic-uremic syndrome;；GC:atypical hem/microangiopa/thrombotic m/thrombotic t；CTD:MAHA;CTD:TMA;CTD:TTP,2026-09-22,
NPPA,P01160,4878.0,60.01,(pending API key),,inferred:58.88,0.064,4.0,,yes,,aHUS with complement gene abnormality;atypical hemolytic-uremic syndrome;hemolytic-uremic syndrome;thrombotic microangio；GC:atypical hem；CTD:MAHA;CTD:TMA;CTD:TTP,2026-09-22,
NPR3,P17342,4883.0,(pending manual export),(pending API key),,inferred:29.02,0.066,4.0,,yes,,aHUS with complement gene abnormality;atypical hemolytic-uremic syndrome;hemolytic-uremic syndrome;thrombotic microangio；CTD:MAHA;CTD:TMA;CTD:TTP,2026-09-22,
NR3C1,P04150,2908.0,138.35,(pending API key),,inferred:79.83,0.616,2.0,,yes,,thrombotic microangiopathy;thrombotic thrombocytopenic purpura；GC:atypical hem；CTD:MAHA;CTD:TMA;CTD:TTP,2026-09-22,
NR3C2,P08235,4306.0,(pending manual export),(pending API key),,inferred:29.78,0.068,4.0,,yes,,aHUS with complement gene abnormality;atypical hemolytic-uremic syndrome;hemolytic-uremic syndrome;thrombotic microangio；CTD:MAHA;CTD:TMA;CTD:TTP,2026-09-22,
NRP1,O14786,8829.0,18.27,(pending API key),,inferred:71.15,0.081,1.0,,no (wide set),,thrombotic microangiopathy；GC:snakebite en/thrombotic m/thrombotic t/venom-induce；CTD:MAHA;CTD:TMA;CTD:TTP;CTD:aHUS,2026-09-22,
NSUN5,Q96P11,55695.0,(pending manual export),(pending API key),,inferred:18.17,0.066,4.0,,yes,,aHUS with complement gene abnormality;atypical hemolytic-uremic syndrome;hemolytic-uremic syndrome;thrombotic microangio；CTD:MAHA;CTD:TMA;CTD:TTP,2026-09-22,
NSUN5P2,,,(pending manual export),(pending API key),,(pending manual export),0.066,4.0,,yes,,aHUS with complement gene abnormality;atypical hemolytic-uremic syndrome;hemolytic-uremic syndrome;thrombotic microangio,2026-09-22,
NT5E,P21589,4907.0,78.07,(pending API key),,inferred:39.98,0.059,4.0,,yes,,aHUS with complement gene abnormality;atypical hemolytic-uremic syndrome;hemolytic-uremic syndrome;thrombotic microangio；GC:atypical hem；CTD:MAHA;CTD:TMA;CTD:TTP,2026-09-22,
NTN4,Q9HB63,59277.0,(pending manual export),(pending API key),,inferred:28.47,0.058,1.0,,no (wide set),,thrombotic microangiopathy；CTD:MAHA;CTD:TMA;CTD:TTP,2026-09-22,
NUDT15,Q9NV35,55270.0,(pending manual export),(pending API key),,inferred:22.64,0.056,1.0,,no (wide set),,thrombotic microangiopathy；CTD:MAHA;CTD:TMA;CTD:TTP,2026-09-22,
OIT3,Q8WWZ8,170392.0,(pending manual export),(pending API key),,inferred:26.31,0.051,4.0,,yes,,aHUS with complement gene abnormality;atypical hemolytic-uremic syndrome;hemolytic-uremic syndrome;thrombotic microangio；CTD:MAHA;CTD:TMA;CTD:TTP,2026-09-22,
OSMR,Q99650,9180.0,(pending manual export),(pending API key),,inferred:20.14,0.05,1.0,,no (wide set),,hemolytic-uremic syndrome；CTD:MAHA;CTD:TMA;CTD:TTP,2026-09-22,
OXR1,Q8N573,55074.0,(pending manual export),(pending API key),,inferred:22.92,0.051,1.0,,no (wide set),,thrombotic microangiopathy；CTD:MAHA;CTD:TMA;CTD:TTP,2026-09-22,
PACSIN2,Q9UNF0,11252.0,(pending manual export),(pending API key),,inferred:26.70,0.065,5.0,,yes,,aHUS with complement gene abnormality;atypical hemolytic-uremic syndrome;hemolytic-uremic syndrome;thrombotic microangio；CTD:MAHA;CTD:TMA;CTD:TTP,2026-09-22,
PARP1,P09874,142.0,77.69,(pending API key),,inferred:96.98,0.059,4.0,,yes,,aHUS with complement gene abnormality;atypical hemolytic-uremic syndrome;hemolytic-uremic syndrome;thrombotic microangio；GC:atypical hem；CTD:MAHA;CTD:TMA;CTD:TTP;CTD:aHUS,2026-09-22,
PAX2,Q02962,5076.0,0.43,(pending API key),,inferred:10.86,0.059,3.0,,yes,,atypical hemolytic-uremic syndrome;hemolytic-uremic syndrome;thrombotic microangiopathy；GC:thrombotic m；CTD:MAHA;CTD:TMA;CTD:TTP,2026-09-22,
PDC,P20941,5132.0,(pending manual export),(pending API key),,inferred:6.92,0.056,3.0,,yes,,atypical hemolytic-uremic syndrome;hemolytic-uremic syndrome;thrombotic microangiopathy；CTD:MAHA,2026-09-22,
PDCD1,Q15116,5133.0,120.37,(pending API key),,inferred:25.18,0.112,1.0,,yes,,thrombotic microangiopathy；GC:atypical hem/thrombotic t；CTD:MAHA;CTD:TMA,2026-09-22,promoted to core set by reaching GeneCards main threshold
PDE1A,P54750,5136.0,(pending manual export),(pending API key),,inferred:18.33,0.058,4.0,,yes,,aHUS with complement gene abnormality;atypical hemolytic-uremic syndrome;hemolytic-uremic syndrome;thrombotic microangio；CTD:MAHA;CTD:TMA;CTD:TTP,2026-09-22,
PDGFB,P01127,5155.0,18.32,(pending API key),,inferred:39.67,0.053,1.0,,no (wide set),,thrombotic microangiopathy；GC:thrombotic t；CTD:MAHA;CTD:TMA;CTD:TTP,2026-09-22,
PDGFC,Q9NRA1,56034.0,(pending manual export),(pending API key),,inferred:28.96,0.056,4.0,,yes,,aHUS with complement gene abnormality;atypical hemolytic-uremic syndrome;hemolytic-uremic syndrome;thrombotic microangio；CTD:MAHA;CTD:TMA;CTD:TTP,2026-09-22,
PDGFRB,P09619,5159.0,442.52,(pending API key),,inferred:43.11,0.073,6.0,,yes,,aHUS with C3 anomaly;aHUS with complement gene abnormality;atypical hemolytic-uremic syndrome;hemolytic-uremic syndrome;；GC:atypical hem/microangiopa/thrombotic m/thrombotic t；CTD:MAHA;CTD:TMA;CTD:TTP,2026-09-22,
PDSS2,Q86YH6,57107.0,(pending manual export),(pending API key),,inferred:30.28,0.056,3.0,,yes,,atypical hemolytic-uremic syndrome;hemolytic-uremic syndrome;thrombotic microangiopathy；CTD:MAHA;CTD:TMA;CTD:TTP,2026-09-22,
PF4,P02776,5196.0,187.80,(pending API key),,inferred:37.63,0.06,1.0,,yes,,thrombotic microangiopathy；GC:atypical hem/microangiopa/thrombotic m/thrombotic t；CTD:MAHA;CTD:TMA;CTD:TTP,2026-09-22,promoted to core set by reaching GeneCards main threshold
PF4V1,P10720,5197.0,87.11,(pending API key),,inferred:15.81,0.053,1.0,,no (wide set),,thrombotic microangiopathy；GC:atypical hem/microangiopa/thrombotic m；CTD:MAHA;CTD:TMA;CTD:TTP,2026-09-22,
PGM3,O95394,5238.0,(pending manual export),(pending API key),,inferred:17.50,0.054,3.0,,yes,,atypical hemolytic-uremic syndrome;hemolytic-uremic syndrome;thrombotic microangiopathy；CTD:MAHA;CTD:TMA;CTD:TTP,2026-09-22,
PGR,P06401,5241.0,(pending manual export),(pending API key),,inferred:33.29,0.124,2.0,,no (wide set),,thrombotic microangiopathy;thrombotic thrombocytopenic purpura；CTD:MAHA;CTD:TMA;CTD:TTP;CTD:aHUS,2026-09-22,
PHEX,P78562,5251.0,(pending manual export),(pending API key),,inferred:15.45,0.065,4.0,,yes,,aHUS with complement gene abnormality;atypical hemolytic-uremic syndrome;hemolytic-uremic syndrome;thrombotic microangio；CTD:MAHA;CTD:TMA;CTD:TTP,2026-09-22,
PIEZO1,Q92508,9780.0,267.92,(pending API key),,inferred:19.14,0.056,4.0,,yes,,aHUS with complement gene abnormality;atypical hemolytic-uremic syndrome;hemolytic-uremic syndrome;thrombotic microangio；GC:atypical hem；CTD:MAHA;CTD:TMA;CTD:TTP,2026-09-22,
PIK3C2A,O00443,5286.0,(pending manual export),(pending API key),,inferred:24.45,0.068,4.0,,yes,,aHUS with complement gene abnormality;atypical hemolytic-uremic syndrome;hemolytic-uremic syndrome;thrombotic microangio；CTD:MAHA;CTD:TMA,2026-09-22,
PILRA,Q9UKJ1,29992.0,(pending manual export),(pending API key),,inferred:43.21,0.061,4.0,,yes,,aHUS with complement gene abnormality;atypical hemolytic-uremic syndrome;hemolytic-uremic syndrome;thrombotic microangio；CTD:MAHA;CTD:TMA;CTD:TTP,2026-09-22,
PILRB,Q9UKJ0,29990.0,(pending manual export),(pending API key),,inferred:13.46,0.061,4.0,,yes,,aHUS with complement gene abnormality;atypical hemolytic-uremic syndrome;hemolytic-uremic syndrome;thrombotic microangio；CTD:MAHA;CTD:TMA;CTD:TTP,2026-09-22,
PIP4K2C,Q8TBX8,79837.0,(pending manual export),(pending API key),,inferred:22.32,0.058,4.0,,yes,,aHUS with complement gene abnormality;atypical hemolytic-uremic syndrome;hemolytic-uremic syndrome;thrombotic microangio；CTD:MAHA;CTD:TMA;CTD:TTP,2026-09-22,
PKD1,P98161,5310.0,90.87,(pending API key),,inferred:20.54,0.06,4.0,,yes,,aHUS with complement gene abnormality;atypical hemolytic-uremic syndrome;hemolytic-uremic syndrome;thrombotic microangio；GC:atypical hem/thrombotic m；CTD:MAHA;CTD:TMA,2026-09-22,
PKD2,Q13563,5311.0,(pending manual export),(pending API key),,inferred:26.61,0.058,4.0,,yes,,aHUS with complement gene abnormality;atypical hemolytic-uremic syndrome;hemolytic-uremic syndrome;thrombotic microangio；CTD:MAHA;CTD:TMA;CTD:TTP,2026-09-22,
PKHD1,P08F94,5314.0,79.60,(pending API key),,inferred:19.44,0.059,3.0,,yes,,atypical hemolytic-uremic syndrome;hemolytic-uremic syndrome;thrombotic microangiopathy；GC:atypical hem；CTD:MAHA;CTD:TMA;CTD:TTP,2026-09-22,
PKLR,P30613,5313.0,(pending manual export),(pending API key),,inferred:63.95,0.06,4.0,,yes,,aHUS with complement gene abnormality;atypical hemolytic-uremic syndrome;hemolytic-uremic syndrome;thrombotic microangio；CTD:MAHA;CTD:TMA;CTD:TTP,2026-09-22,
PLA2G6,O60733,8398.0,(pending manual export),(pending API key),,inferred:14.74,0.062,4.0,,yes,,aHUS with complement gene abnormality;atypical hemolytic-uremic syndrome;hemolytic-uremic syndrome;thrombotic microangio；CTD:MAHA;CTD:TMA;CTD:TTP,2026-09-22,
PLAT,P00750,5327.0,149.23,(pending API key),,inferred:69.93,0.064,1.0,,yes,,hemolytic-uremic syndrome；GC:atypical hem/microangiopa/thrombotic m/thrombotic t；CTD:MAHA;CTD:TMA;CTD:TTP,2026-09-22,promoted to core set by reaching GeneCards main threshold
PLCG2,P16885,5336.0,(pending manual export),(pending API key),,inferred:19.98,0.054,3.0,,yes,,atypical hemolytic-uremic syndrome;hemolytic-uremic syndrome;thrombotic microangiopathy；CTD:MAHA;CTD:TMA;CTD:TTP,2026-09-22,
PLD3,Q8IV08,23646.0,100.78,(pending API key),,inferred:44.76,0.059,1.0,,yes,,thrombotic microangiopathy；GC:atypical hem/microangiopa/thrombotic m；CTD:MAHA;CTD:TMA;CTD:TTP,2026-09-22,promoted to core set by reaching GeneCards main threshold
PLD4,Q96BZ4,122618.0,95.65,(pending API key),,inferred:16.85,0.053,3.0,,yes,,atypical hemolytic-uremic syndrome;hemolytic-uremic syndrome;thrombotic microangiopathy；GC:atypical hem/microangiopa/thrombotic m；CTD:MAHA;CTD:TMA;CTD:TTP,2026-09-22,
PLEK,P08567,5341.0,(pending manual export),(pending API key),,inferred:17.71,0.062,1.0,,no (wide set),,thrombotic microangiopathy；CTD:MAHA;CTD:TMA;CTD:TTP,2026-09-22,
PLG,P00747,5340.0,527.96,0.60,,inferred:38.49,0.124,4.0,,yes,Axis2,atypical hemolytic-uremic syndrome;hemolytic-uremic syndrome;thrombotic microangiopathy;thrombotic thrombocytopenic purp；GC:atypical hem/microangiopa/thrombotic m/thrombotic t；CTD:MAHA;CTD:TMA;CTD:TTP,2026-09-22,
POLA1,P09884,5422.0,(pending manual export),(pending API key),,inferred:44.94,0.074,1.0,,no (wide set),,thrombotic microangiopathy；CTD:MAHA;CTD:TMA;CTD:TTP,2026-09-22,
POLA2,Q14181,23649.0,(pending manual export),(pending API key),,inferred:20.94,0.074,1.0,,no (wide set),,thrombotic microangiopathy；CTD:MAHA;CTD:TMA;CTD:TTP,2026-09-22,
POLD1,P28340,5424.0,(pending manual export),(pending API key),,inferred:23.48,0.074,1.0,,no (wide set),,thrombotic microangiopathy；CTD:MAHA;CTD:TMA;CTD:TTP,2026-09-22,
POLD2,P49005,5425.0,(pending manual export),(pending API key),,inferred:10.05,0.074,1.0,,no (wide set),,thrombotic microangiopathy；CTD:MAHA;CTD:TMA;CTD:TTP,2026-09-22,
POLD3,Q15054,10714.0,(pending manual export),(pending API key),,inferred:34.50,0.074,1.0,,no (wide set),,thrombotic microangiopathy；CTD:MAHA;CTD:TMA;CTD:TTP,2026-09-22,
POLD4,Q9HCU8,57804.0,(pending manual export),(pending API key),,inferred:26.61,0.074,1.0,,no (wide set),,thrombotic microangiopathy；CTD:MAHA;CTD:TMA;CTD:TTP,2026-09-22,
POLE,Q07864,5426.0,332.50,(pending API key),,inferred:17.25,0.074,1.0,,yes,,thrombotic microangiopathy；GC:atypical hem/microangiopa/thrombotic m；CTD:MAHA;CTD:TMA;CTD:TTP,2026-09-22,promoted to core set by reaching GeneCards main threshold
POLE2,P56282,5427.0,(pending manual export),(pending API key),,inferred:34.10,0.074,1.0,,no (wide set),,thrombotic microangiopathy；CTD:MAHA;CTD:TMA;CTD:TTP,2026-09-22,
POLE3,Q9NRF9,54107.0,(pending manual export),(pending API key),,inferred:35.90,0.074,1.0,,no (wide set),,thrombotic microangiopathy；CTD:MAHA;CTD:TMA;CTD:TTP,2026-09-22,
POU3F3,P20264,5455.0,(pending manual export),(pending API key),,inferred:24.59,0.073,5.0,,yes,,aHUS with C3 anomaly;aHUS with complement gene abnormality;atypical hemolytic-uremic syndrome;hemolytic-uremic syndrome；CTD:MAHA;CTD:TMA;CTD:TTP,2026-09-22,
PPBP,P02775,5473.0,37.05,(pending API key),,inferred:22.54,0.054,1.0,,no (wide set),,thrombotic microangiopathy；GC:thrombotic t；CTD:MAHA;CTD:TMA;CTD:TTP,2026-09-22,
PPIA,P62937,5478.0,(pending manual export),(pending API key),,inferred:43.73,0.34,2.0,,yes,,thrombotic microangiopathy;thrombotic thrombocytopenic purpura；CTD:MAHA;CTD:TMA;CTD:TTP,2026-09-22,
PPP1R15A,O75807,23645.0,30.31,(pending API key),,inferred:77.03,0.055,4.0,,yes,,aHUS with complement gene abnormality;atypical hemolytic-uremic syndrome;hemolytic-uremic syndrome;thrombotic microangio；GC:atypical hem；CTD:MAHA;CTD:TMA;CTD:TTP;CTD:aHUS;CTD:snakebite,2026-09-22,
PPP2R2B,Q00005,5521.0,(pending manual export),(pending API key),,inferred:20.76,0.055,1.0,,no (wide set),,thrombotic microangiopathy；CTD:MAHA;CTD:TMA;CTD:TTP,2026-09-22,
PRF1,P14222,5551.0,83.22,(pending API key),,inferred:15.09,0.06,3.0,,yes,,atypical hemolytic-uremic syndrome;hemolytic-uremic syndrome;thrombotic microangiopathy；GC:thrombotic t；CTD:MAHA;CTD:TMA,2026-09-22,
PRIM1,P49642,5557.0,(pending manual export),(pending API key),,inferred:23.24,0.074,1.0,,no (wide set),,thrombotic microangiopathy；CTD:MAHA;CTD:TMA;CTD:TTP,2026-09-22,
PRIM2,P49643,5558.0,(pending manual export),(pending API key),,inferred:32.52,0.074,1.0,,no (wide set),,thrombotic microangiopathy；CTD:MAHA;CTD:TMA;CTD:TTP,2026-09-22,
PRKAB1,Q9Y478,5564.0,(pending manual export),(pending API key),,inferred:21.56,0.062,5.0,,yes,,aHUS with complement gene abnormality;atypical hemolytic-uremic syndrome;hemolytic-uremic syndrome;thrombotic microangio；CTD:MAHA;CTD:TMA;CTD:TTP,2026-09-22,
PRKAG1,P54619,5571.0,(pending manual export),(pending API key),,inferred:16.84,0.059,4.0,,yes,,aHUS with complement gene abnormality;atypical hemolytic-uremic syndrome;hemolytic-uremic syndrome;thrombotic microangio；CTD:MAHA;CTD:TMA;CTD:TTP,2026-09-22,
PRKAG2,Q9UGJ0,51422.0,(pending manual export),(pending API key),,inferred:31.74,0.055,4.0,,yes,,aHUS with complement gene abnormality;atypical hemolytic-uremic syndrome;hemolytic-uremic syndrome;thrombotic microangio；CTD:MAHA;CTD:TMA;CTD:TTP,2026-09-22,
PRKDC,P78527,5591.0,314.92,(pending API key),,inferred:30.94,0.057,3.0,,yes,,atypical hemolytic-uremic syndrome;hemolytic-uremic syndrome;thrombotic microangiopathy；GC:atypical hem/microangiopa/thrombotic m；CTD:MAHA;CTD:TMA;CTD:TTP,2026-09-22,
PROCR,Q9UNN8,10544.0,1.40,(pending API key),,inferred:44.94,0.068,1.0,,yes,,thrombotic microangiopathy；GC:thrombotic m；CTD:MAHA;CTD:TMA;CTD:TTP,2026-09-22,promoted to core set by reaching GeneCards main threshold
PROS1,P07225,5627.0,175.60,(pending API key),,inferred:51.29,0.055,1.0,,yes,,thrombotic microangiopathy；GC:thrombotic t；CTD:MAHA;CTD:TMA;CTD:TTP,2026-09-22,promoted to core set by reaching GeneCards main threshold
PSMA1,P25786,5682.0,(pending manual export),(pending API key),,inferred:38.62,0.293,1.0,,no (wide set),,thrombotic microangiopathy；CTD:MAHA;CTD:TMA;CTD:TTP,2026-09-22,
PSMA2,P25787,5683.0,(pending manual export),(pending API key),,inferred:46.59,0.293,1.0,,no (wide set),,thrombotic microangiopathy；CTD:MAHA;CTD:TMA;CTD:TTP,2026-09-22,
PSMA3,P25788,5684.0,97.60,(pending API key),,inferred:31.49,0.293,1.0,,yes,,thrombotic microangiopathy；GC:thrombotic t；CTD:MAHA;CTD:TMA;CTD:TTP,2026-09-22,promoted to core set by reaching GeneCards main threshold
PSMA4,P25789,5685.0,(pending manual export),(pending API key),,inferred:27.85,0.293,1.0,,no (wide set),,thrombotic microangiopathy；CTD:MAHA;CTD:TMA,2026-09-22,
PSMA5,P28066,5686.0,(pending manual export),(pending API key),,inferred:34.02,0.293,1.0,,no (wide set),,thrombotic microangiopathy；CTD:MAHA;CTD:TMA;CTD:TTP,2026-09-22,
PSMA6,P60900,5687.0,(pending manual export),(pending API key),,inferred:36.83,0.295,1.0,,no (wide set),,thrombotic microangiopathy；CTD:MAHA;CTD:TMA;CTD:TTP,2026-09-22,
PSMA7,O14818,5688.0,(pending manual export),(pending API key),,inferred:24.94,0.293,1.0,,no (wide set),,thrombotic microangiopathy；CTD:MAHA;CTD:TMA;CTD:TTP,2026-09-22,
PSMA8,Q8TAA3,143471.0,(pending manual export),(pending API key),,inferred:5.43,0.293,1.0,,no (wide set),,thrombotic microangiopathy；CTD:MAHA,2026-09-22,
PSMB1,P20618,5689.0,(pending manual export),(pending API key),,inferred:38.07,0.293,1.0,,no (wide set),,thrombotic microangiopathy；CTD:MAHA;CTD:TMA;CTD:TTP,2026-09-22,
PSMB10,P40306,5699.0,(pending manual export),(pending API key),,inferred:30.33,0.293,1.0,,no (wide set),,thrombotic microangiopathy；CTD:MAHA;CTD:TMA;CTD:TTP,2026-09-22,
PSMB11,A5LHX3,122706.0,(pending manual export),(pending API key),,inferred:6.18,0.293,1.0,,no (wide set),,thrombotic microangiopathy；CTD:MAHA;CTD:TMA,2026-09-22,
PSMB2,P49721,5690.0,(pending manual export),(pending API key),,inferred:39.90,0.293,1.0,,no (wide set),,thrombotic microangiopathy；CTD:MAHA;CTD:TMA;CTD:TTP,2026-09-22,
PSMB3,P49720,5691.0,(pending manual export),(pending API key),,inferred:38.81,0.293,1.0,,no (wide set),,thrombotic microangiopathy；CTD:MAHA;CTD:TMA;CTD:TTP,2026-09-22,
PSMB4,P28070,5692.0,(pending manual export),(pending API key),,inferred:37.72,0.293,1.0,,no (wide set),,thrombotic microangiopathy；CTD:MAHA;CTD:TMA;CTD:TTP,2026-09-22,
PSMB5,P28074,5693.0,(pending manual export),(pending API key),,inferred:30.33,0.294,1.0,,no (wide set),,thrombotic microangiopathy；CTD:MAHA;CTD:TMA,2026-09-22,
PSMB6,P28072,5694.0,(pending manual export),(pending API key),,inferred:28.31,0.293,1.0,,no (wide set),,thrombotic microangiopathy；CTD:MAHA;CTD:TMA;CTD:TTP,2026-09-22,
PSMB7,Q99436,5695.0,(pending manual export),(pending API key),,inferred:21.18,0.293,1.0,,no (wide set),,thrombotic microangiopathy；CTD:MAHA;CTD:TMA;CTD:TTP,2026-09-22,
PSMB8,P28062,5696.0,(pending manual export),(pending API key),,inferred:21.64,0.3,1.0,,yes,,thrombotic microangiopathy；CTD:MAHA;CTD:TMA;CTD:TTP,2026-09-22,
PSMB9,P28065,5698.0,(pending manual export),(pending API key),,inferred:32.59,0.307,1.0,,yes,,thrombotic microangiopathy；CTD:MAHA;CTD:TMA;CTD:TTP,2026-09-22,
PSMC1,P62191,5700.0,(pending manual export),(pending API key),,inferred:25.78,0.293,1.0,,no (wide set),,thrombotic microangiopathy；CTD:MAHA;CTD:TMA,2026-09-22,
PSMC2,P35998,5701.0,(pending manual export),(pending API key),,inferred:38.62,0.293,1.0,,no (wide set),,thrombotic microangiopathy；CTD:MAHA;CTD:TMA;CTD:TTP,2026-09-22,
PSMC3,P17980,5702.0,(pending manual export),(pending API key),,inferred:28.39,0.293,1.0,,no (wide set),,thrombotic microangiopathy；CTD:MAHA;CTD:TMA;CTD:TTP,2026-09-22,
PSMC4,P43686,5704.0,(pending manual export),(pending API key),,inferred:25.85,0.293,1.0,,no (wide set),,thrombotic microangiopathy；CTD:MAHA;CTD:TMA;CTD:TTP,2026-09-22,
PSMC5,P62195,5705.0,(pending manual export),(pending API key),,inferred:34.26,0.293,1.0,,no (wide set),,thrombotic microangiopathy；CTD:MAHA;CTD:TMA;CTD:TTP,2026-09-22,
PSMC6,P62333,5706.0,(pending manual export),(pending API key),,inferred:25.16,0.293,1.0,,no (wide set),,thrombotic microangiopathy；CTD:MAHA;CTD:TMA;CTD:TTP,2026-09-22,
PSMD1,Q99460,5707.0,(pending manual export),(pending API key),,inferred:24.18,0.293,1.0,,no (wide set),,thrombotic microangiopathy；CTD:MAHA;CTD:TMA,2026-09-22,
PSMD11,O00231,5717.0,(pending manual export),(pending API key),,inferred:25.23,0.293,1.0,,no (wide set),,thrombotic microangiopathy；CTD:MAHA;CTD:TMA;CTD:TTP,2026-09-22,
PSMD12,O00232,5718.0,(pending manual export),(pending API key),,inferred:27.56,0.293,1.0,,no (wide set),,thrombotic microangiopathy；CTD:MAHA;CTD:TMA;CTD:TTP,2026-09-22,
PSMD13,Q9UNM6,5719.0,(pending manual export),(pending API key),,inferred:34.84,0.293,1.0,,no (wide set),,thrombotic microangiopathy；CTD:MAHA;CTD:TMA;CTD:TTP,2026-09-22,
PSMD14,O00487,10213.0,(pending manual export),(pending API key),,inferred:17.93,0.293,1.0,,no (wide set),,thrombotic microangiopathy；CTD:MAHA;CTD:TMA;CTD:TTP,2026-09-22,
PSMD2,Q13200,5708.0,(pending manual export),(pending API key),,inferred:18.69,0.293,1.0,,no (wide set),,thrombotic microangiopathy；CTD:MAHA;CTD:TMA;CTD:TTP,2026-09-22,
PSMD3,O43242,5709.0,(pending manual export),(pending API key),,inferred:15.77,0.293,1.0,,no (wide set),,thrombotic microangiopathy；CTD:MAHA;CTD:TMA;CTD:TTP,2026-09-22,
PSMD4,P55036,5710.0,(pending manual export),(pending API key),,inferred:37.69,0.293,1.0,,no (wide set),,thrombotic microangiopathy；CTD:MAHA;CTD:TMA;CTD:TTP,2026-09-22,
PSMD6,Q15008,9861.0,(pending manual export),(pending API key),,inferred:12.68,0.293,1.0,,no (wide set),,thrombotic microangiopathy；CTD:MAHA;CTD:TMA,2026-09-22,
PSMD7,P51665,5713.0,(pending manual export),(pending API key),,inferred:18.33,0.293,1.0,,no (wide set),,thrombotic microangiopathy；CTD:MAHA;CTD:TMA;CTD:TTP,2026-09-22,
PSMD8,P48556,5714.0,(pending manual export),(pending API key),,inferred:18.39,0.293,1.0,,no (wide set),,thrombotic microangiopathy；CTD:MAHA;CTD:TMA;CTD:TTP,2026-09-22,
PTEN,P60484,5728.0,77.31,(pending API key),,inferred:58.02,0.071,1.0,,yes,,thrombotic microangiopathy；GC:thrombotic t/venom-induce；CTD:MAHA;CTD:TMA;CTD:TTP;CTD:aHUS,2026-09-22,promoted to core set by reaching GeneCards main threshold
PTGER3,P43115,5733.0,(pending manual export),(pending API key),,inferred:30.47,0.056,3.0,,yes,,atypical hemolytic-uremic syndrome;hemolytic-uremic syndrome;thrombotic microangiopathy；CTD:MAHA;CTD:TMA;CTD:TTP,2026-09-22,
PTGS1,P23219,5742.0,76.75,(pending API key),,inferred:61.05,0.063,2.0,,yes,,hemolytic-uremic syndrome;thrombotic microangiopathy；GC:atypical hem/snakebite en/thrombotic t/venom-induce；CTD:MAHA;CTD:TMA;CTD:TTP;CTD:aHUS,2026-09-22,promoted to core set by reaching GeneCards main threshold
PTGS2,P35354,5743.0,146.69,(pending API key),,inferred:131.29,0.131,6.0,,yes,,aHUS with C3 anomaly;aHUS with complement gene abnormality;atypical hemolytic-uremic syndrome;hemolytic-uremic syndrome;；GC:atypical hem/microangiopa/snakebite en/thrombotic m/thrombotic t；CTD:MAHA;CTD:TMA;CTD:TTP;CTD:aHUS;CTD:snakebite,2026-09-22,
PTPN22,Q9Y2R2,26191.0,91.90,(pending API key),,inferred:12.94,0.068,1.0,,yes,,thrombotic microangiopathy；GC:thrombotic t；CTD:MAHA;CTD:TMA;CTD:TTP,2026-09-22,promoted to core set by reaching GeneCards main threshold
PTPRC,P08575,5788.0,361.77,(pending API key),,inferred:29.35,0.053,2.0,,yes,,hemolytic-uremic syndrome;thrombotic microangiopathy；GC:atypical hem/microangiopa/thrombotic m/thrombotic t；CTD:MAHA;CTD:TMA;CTD:TTP,2026-09-22,promoted to core set by reaching GeneCards main threshold
PTPRO,Q16827,5800.0,(pending manual export),(pending API key),,inferred:24.87,0.062,3.0,,yes,,atypical hemolytic-uremic syndrome;hemolytic-uremic syndrome;thrombotic microangiopathy；CTD:MAHA;CTD:TMA;CTD:TTP,2026-09-22,
PYHIN1,Q6K0P9,149628.0,(pending manual export),(pending API key),,inferred:11.99,0.051,1.0,,no (wide set),,thrombotic microangiopathy；CTD:MAHA;CTD:TMA,2026-09-22,
RARA,P10276,5914.0,(pending manual export),(pending API key),,inferred:44.83,0.355,1.0,,yes,,thrombotic microangiopathy；CTD:MAHA;CTD:TMA;CTD:TTP,2026-09-22,
RARB,P10826,5915.0,(pending manual export),(pending API key),,inferred:28.68,0.355,1.0,,yes,,thrombotic microangiopathy；CTD:MAHA;CTD:TMA;CTD:TTP,2026-09-22,
RARG,P13631,5916.0,(pending manual export),(pending API key),,inferred:23.92,0.355,1.0,,yes,,thrombotic microangiopathy；CTD:MAHA;CTD:TMA;CTD:TTP,2026-09-22,
RASA3,Q14644,22821.0,18.47,(pending API key),,inferred:15.07,0.091,5.0,,yes,,aHUS with complement gene abnormality;atypical hemolytic-uremic syndrome;hemolytic-uremic syndrome;thrombotic microangio；GC:thrombotic t；CTD:MAHA;CTD:TMA;CTD:TTP,2026-09-22,
RBX1,P62877,9978.0,(pending manual export),(pending API key),,inferred:30.40,0.074,1.0,,no (wide set),,thrombotic microangiopathy；CTD:MAHA;CTD:TMA;CTD:TTP,2026-09-22,
RC3H1,Q5TC82,149041.0,(pending manual export),(pending API key),,inferred:30.55,0.068,4.0,,yes,,aHUS with complement gene abnormality;atypical hemolytic-uremic syndrome;hemolytic-uremic syndrome;thrombotic microangio；CTD:MAHA;CTD:TMA;CTD:TTP,2026-09-22,
RDH16,O75452,8608.0,(pending manual export),(pending API key),,inferred:12.99,0.057,1.0,,no (wide set),,thrombotic microangiopathy；CTD:MAHA;CTD:TMA;CTD:TTP,2026-09-22,
REN,P00797,5972.0,125.18,(pending API key),,inferred:56.51,0.073,5.0,,yes,,aHUS with C3 anomaly;aHUS with complement gene abnormality;atypical hemolytic-uremic syndrome;hemolytic-uremic syndrome;；GC:atypical hem/microangiopa/thrombotic m；CTD:MAHA;CTD:TMA;CTD:TTP,2026-09-22,
RET,P07949,5979.0,49.93,(pending API key),,inferred:24.77,0.056,3.0,,yes,,atypical hemolytic-uremic syndrome;hemolytic-uremic syndrome;thrombotic microangiopathy；GC:thrombotic t；CTD:MAHA;CTD:TMA;CTD:TTP,2026-09-22,
RHBDL2,Q9NX52,54933.0,(pending manual export),(pending API key),,inferred:10.75,0.06,4.0,,yes,,aHUS with complement gene abnormality;atypical hemolytic-uremic syndrome;hemolytic-uremic syndrome;thrombotic microangio；CTD:MAHA;CTD:TMA;CTD:TTP,2026-09-22,
RHD,Q02161,6007.0,(pending manual export),(pending API key),,inferred:28.25,0.08,1.0,,no (wide set),,thrombotic microangiopathy；CTD:MAHA;CTD:TMA;CTD:TTP,2026-09-22,
RHOF,Q9HBH0,54509.0,(pending manual export),(pending API key),,inferred:24.20,0.068,1.0,,no (wide set),,thrombotic microangiopathy；CTD:MAHA;CTD:TMA;CTD:TTP,2026-09-22,
RHPN1,Q8TCX5,114822.0,(pending manual export),(pending API key),,inferred:19.66,0.055,3.0,,yes,,atypical hemolytic-uremic syndrome;hemolytic-uremic syndrome;thrombotic microangiopathy；CTD:MAHA;CTD:TMA;CTD:TTP,2026-09-22,
RIPK3,Q9Y572,11035.0,16.74,(pending API key),,inferred:33.49,0.07,1.0,,no (wide set),,thrombotic microangiopathy；GC:thrombotic t；CTD:MAHA;CTD:TMA;CTD:TTP,2026-09-22,
RMI2,Q96E14,116028.0,(pending manual export),(pending API key),,inferred:19.99,0.259,1.0,,no (wide set),,thrombotic microangiopathy；CTD:MAHA;CTD:TMA;CTD:TTP,2026-09-22,
RPL17,P18621,6139.0,(pending manual export),(pending API key),,inferred:27.71,0.055,1.0,,no (wide set),,thrombotic microangiopathy；CTD:MAHA;CTD:TMA,2026-09-22,
RRAGC,Q9HB90,64121.0,(pending manual export),(pending API key),,inferred:30.50,0.059,4.0,,yes,,aHUS with complement gene abnormality;atypical hemolytic-uremic syndrome;hemolytic-uremic syndrome;thrombotic microangio；CTD:MAHA;CTD:TMA;CTD:TTP,2026-09-22,
RRM1,P23921,6240.0,(pending manual export),(pending API key),,inferred:48.53,0.074,1.0,,no (wide set),,thrombotic microangiopathy；CTD:MAHA;CTD:TMA;CTD:TTP;CTD:aHUS,2026-09-22,
RRM2,P31350,6241.0,(pending manual export),(pending API key),,inferred:68.52,0.074,1.0,,no (wide set),,thrombotic microangiopathy；CTD:MAHA;CTD:TMA;CTD:TTP;CTD:aHUS,2026-09-22,
RRM2B,Q7LG56,50484.0,(pending manual export),(pending API key),,inferred:48.21,0.094,5.0,,yes,,aHUS with complement gene abnormality;atypical hemolytic-uremic syndrome;hemolytic-uremic syndrome;thrombotic microangio；CTD:MAHA;CTD:TMA;CTD:TTP,2026-09-22,
RSAD2,Q8WXG1,91543.0,(pending manual export),(pending API key),,inferred:49.49,0.065,1.0,,no (wide set),,thrombotic microangiopathy；CTD:MAHA;CTD:TMA;CTD:TTP,2026-09-22,
RTN3,O95197,10313.0,(pending manual export),(pending API key),,inferred:16.38,0.066,4.0,,yes,,aHUS with complement gene abnormality;atypical hemolytic-uremic syndrome;hemolytic-uremic syndrome;thrombotic microangio；CTD:MAHA;CTD:TMA;CTD:TTP,2026-09-22,
RUNX1,Q01196,861.0,303.47,(pending API key),,inferred:57.06,0.076,4.0,,yes,,aHUS with complement gene abnormality;atypical hemolytic-uremic syndrome;hemolytic-uremic syndrome;thrombotic microangio；GC:thrombotic t；CTD:MAHA;CTD:TMA;CTD:TTP,2026-09-22,
RXFP4,Q8TDU9,339403.0,(pending manual export),(pending API key),,inferred:6.22,0.071,4.0,,yes,,aHUS with complement gene abnormality;atypical hemolytic-uremic syndrome;hemolytic-uremic syndrome;thrombotic microangio；CTD:MAHA;CTD:TMA;CTD:TTP,2026-09-22,
S100A8,P05109,6279.0,56.52,(pending API key),,inferred:76.25,0.056,1.0,,yes,,thrombotic microangiopathy；GC:thrombotic t；CTD:MAHA;CTD:TMA;CTD:TTP,2026-09-22,promoted to core set by reaching GeneCards main threshold
SCARB2,Q14108,950.0,(pending manual export),(pending API key),,inferred:26.60,0.053,4.0,,yes,,aHUS with complement gene abnormality;atypical hemolytic-uremic syndrome;hemolytic-uremic syndrome;thrombotic microangio；CTD:MAHA;CTD:TMA;CTD:TTP,2026-09-22,
SCARF1,Q14162,8578.0,(pending manual export),(pending API key),,inferred:11.25,0.062,4.0,,yes,,aHUS with complement gene abnormality;atypical hemolytic-uremic syndrome;hemolytic-uremic syndrome;thrombotic microangio；CTD:MAHA;CTD:TMA;CTD:TTP,2026-09-22,
SCTR,P47872,6344.0,(pending manual export),(pending API key),,inferred:14.38,0.065,4.0,,yes,,aHUS with complement gene abnormality;atypical hemolytic-uremic syndrome;hemolytic-uremic syndrome;thrombotic microangio；CTD:MAHA;CTD:TMA;CTD:TTP,2026-09-22,
SELP,P16109,6403.0,181.37,(pending API key),,inferred:26.87,0.099,1.0,,yes,,thrombotic microangiopathy；GC:atypical hem/microangiopa/thrombotic m/thrombotic t；CTD:MAHA;CTD:TMA;CTD:TTP,2026-09-22,promoted to core set by reaching GeneCards main threshold
SEM1,Q6ZVN7,7979.0,(pending manual export),(pending API key),,inferred:21.70,0.293,1.0,,no (wide set),,thrombotic microangiopathy；CTD:MAHA;CTD:TMA;CTD:TTP,2026-09-22,
SEMA3A,Q14563,10371.0,(pending manual export),(pending API key),,inferred:25.09,0.074,1.0,,no (wide set),,thrombotic microangiopathy；CTD:MAHA;CTD:TMA;CTD:TTP,2026-09-22,
SERPINA3,P01011,12.0,(pending manual export),(pending API key),,inferred:32.16,0.055,4.0,,yes,,aHUS with complement gene abnormality;atypical hemolytic-uremic syndrome;hemolytic-uremic syndrome;thrombotic microangio；CTD:MAHA;CTD:TMA;CTD:TTP,2026-09-22,
SERPINB2,P05120,5055.0,(pending manual export),(pending API key),,inferred:44.67,0.069,1.0,,no (wide set),,thrombotic microangiopathy；CTD:MAHA;CTD:TMA;CTD:TTP,2026-09-22,
SERPINE1,P05121,5054.0,600.79,(pending API key),,inferred:83.93,0.07,4.0,,yes,Axis2,aHUS with complement gene abnormality;atypical hemolytic-uremic syndrome;hemolytic-uremic syndrome;thrombotic microangio；GC:atypical hem/microangiopa/thrombotic m/thrombotic t；CTD:MAHA;CTD:TMA;CTD:TTP,2026-09-22,
SGK1,O00141,6446.0,(pending manual export),(pending API key),,inferred:61.56,0.067,4.0,,yes,,aHUS with complement gene abnormality;atypical hemolytic-uremic syndrome;hemolytic-uremic syndrome;thrombotic microangio；CTD:MAHA;CTD:TMA;CTD:TTP,2026-09-22,
SGPL1,O95470,8879.0,(pending manual export),(pending API key),,inferred:15.77,0.059,4.0,,yes,,atypical hemolytic-uremic syndrome;hemolytic-uremic syndrome;thrombotic microangiopathy;thrombotic thrombocytopenic purp；CTD:MAHA;CTD:TMA,2026-09-22,
SH3TC1,Q8TE82,54436.0,(pending manual export),(pending API key),,inferred:20.96,0.05,1.0,,no (wide set),,thrombotic microangiopathy；CTD:MAHA;CTD:TMA;CTD:TTP,2026-09-22,
SIRPA,P78324,140885.0,(pending manual export),(pending API key),,inferred:14.63,0.066,1.0,,no (wide set),,thrombotic microangiopathy；CTD:MAHA;CTD:TMA;CTD:TTP,2026-09-22,
SIRPB1,Q5TFQ8,10326.0,(pending manual export),(pending API key),,inferred:12.39,0.058,1.0,,no (wide set),,thrombotic microangiopathy；CTD:MAHA;CTD:TMA;CTD:TTP,2026-09-22,
SIRPG,Q9P1W8,55423.0,(pending manual export),(pending API key),,inferred:2.45,0.058,1.0,,no (wide set),,thrombotic microangiopathy；CTD:MAHA,2026-09-22,
SIRT7,Q9NRC8,51547.0,(pending manual export),(pending API key),,inferred:25.29,0.065,1.0,,no (wide set),,thrombotic microangiopathy；CTD:MAHA;CTD:TMA;CTD:TTP,2026-09-22,
SLC12A1,Q13621,6557.0,(pending manual export),(pending API key),,inferred:32.34,0.078,6.0,,yes,,aHUS with C3 anomaly;aHUS with complement gene abnormality;atypical hemolytic-uremic syndrome;hemolytic-uremic syndrome；CTD:MAHA;CTD:TMA;CTD:TTP,2026-09-22,
SLC12A3,P55017,6559.0,197.71,(pending API key),,inferred:51.17,0.063,4.0,,yes,,aHUS with complement gene abnormality;atypical hemolytic-uremic syndrome;hemolytic-uremic syndrome;thrombotic microangio；GC:atypical hem；CTD:MAHA;CTD:TMA;CTD:TTP,2026-09-22,
SLC13A1,Q9BZW2,6561.0,(pending manual export),(pending API key),,inferred:12.29,0.058,4.0,,yes,,aHUS with complement gene abnormality;atypical hemolytic-uremic syndrome;hemolytic-uremic syndrome;thrombotic microangio；CTD:MAHA,2026-09-22,
SLC14A1,Q13336,6563.0,102.65,(pending API key),,inferred:26.44,0.067,4.0,,yes,,aHUS with complement gene abnormality;atypical hemolytic-uremic syndrome;hemolytic-uremic syndrome;thrombotic microangio；GC:atypical hem；CTD:MAHA;CTD:TMA;CTD:TTP,2026-09-22,
SLC14A2,Q15849,8170.0,(pending manual export),(pending API key),,inferred:37.51,0.07,5.0,,yes,,aHUS with C3 anomaly;aHUS with complement gene abnormality;atypical hemolytic-uremic syndrome;hemolytic-uremic syndrome；CTD:MAHA;CTD:TMA;CTD:TTP,2026-09-22,
SLC15A2,Q16348,6565.0,(pending manual export),(pending API key),,inferred:14.79,0.06,3.0,,yes,,atypical hemolytic-uremic syndrome;hemolytic-uremic syndrome;thrombotic microangiopathy；CTD:MAHA;CTD:TMA;CTD:TTP,2026-09-22,
SLC16A10,Q8TF71,117247.0,(pending manual export),(pending API key),,inferred:39.20,0.056,4.0,,yes,,aHUS with complement gene abnormality;atypical hemolytic-uremic syndrome;hemolytic-uremic syndrome;thrombotic microangio；CTD:MAHA;CTD:TMA;CTD:TTP,2026-09-22,
SLC22A12,Q96S37,116085.0,75.04,(pending API key),,inferred:26.61,0.069,4.0,,yes,,aHUS with complement gene abnormality;atypical hemolytic-uremic syndrome;hemolytic-uremic syndrome;thrombotic microangio；GC:atypical hem；CTD:MAHA,2026-09-22,
SLC22A5,O76082,6584.0,143.72,(pending API key),,inferred:59.17,0.054,3.0,,yes,,atypical hemolytic-uremic syndrome;hemolytic-uremic syndrome;thrombotic microangiopathy；GC:atypical hem；CTD:MAHA;CTD:TMA;CTD:TTP,2026-09-22,
SLC26A1,Q9H2B4,10861.0,(pending manual export),(pending API key),,inferred:13.19,0.059,4.0,,yes,,aHUS with complement gene abnormality;atypical hemolytic-uremic syndrome;hemolytic-uremic syndrome;thrombotic microangio；CTD:MAHA;CTD:TMA;CTD:TTP,2026-09-22,
SLC26A4,O43511,5172.0,(pending manual export),(pending API key),,inferred:26.44,0.053,4.0,,yes,,aHUS with complement gene abnormality;atypical hemolytic-uremic syndrome;hemolytic-uremic syndrome;thrombotic microangio；CTD:MAHA;CTD:TMA;CTD:TTP,2026-09-22,
SLC26A7,Q8TE54,115111.0,(pending manual export),(pending API key),,inferred:3.14,0.053,1.0,,no (wide set),,hemolytic-uremic syndrome；CTD:MAHA;CTD:TMA;CTD:TTP,2026-09-22,
SLC28A1,O00337,9154.0,(pending manual export),(pending API key),,inferred:14.28,0.064,4.0,,yes,,aHUS with complement gene abnormality;atypical hemolytic-uremic syndrome;hemolytic-uremic syndrome;thrombotic microangio；CTD:MAHA;CTD:TMA;CTD:TTP;CTD:aHUS,2026-09-22,
SLC29A3,Q9BZD2,55315.0,(pending manual export),(pending API key),,inferred:23.24,0.059,4.0,,yes,,aHUS with complement gene abnormality;atypical hemolytic-uremic syndrome;hemolytic-uremic syndrome;thrombotic microangio；CTD:MAHA;CTD:TMA;CTD:TTP;CTD:aHUS,2026-09-22,
SLC2A9,Q9NRM0,56606.0,(pending manual export),(pending API key),,inferred:30.40,0.076,5.0,,yes,,aHUS with C3 anomaly;aHUS with complement gene abnormality;atypical hemolytic-uremic syndrome;hemolytic-uremic syndrome；CTD:MAHA;CTD:TMA;CTD:TTP,2026-09-22,
SLC3A1,Q07837,6519.0,(pending manual export),(pending API key),,inferred:29.93,0.074,5.0,,yes,,aHUS with C3 anomaly;aHUS with complement gene abnormality;atypical hemolytic-uremic syndrome;hemolytic-uremic syndrome；CTD:MAHA;CTD:TMA;CTD:TTP,2026-09-22,
SLC46A1,Q96NT5,113235.0,87.74,(pending API key),,inferred:37.04,0.051,4.0,,yes,,aHUS with complement gene abnormality;atypical hemolytic-uremic syndrome;hemolytic-uremic syndrome;thrombotic microangio；GC:atypical hem；CTD:MAHA;CTD:TMA;CTD:TTP,2026-09-22,
SLC4A1,P02730,6521.0,(pending manual export),(pending API key),,direct:marker/mechanism,0.062,5.0,,yes,,aHUS with complement gene abnormality;atypical hemolytic-uremic syndrome;hemolytic-uremic syndrome;thrombotic microangio；CTD:MAHA;CTD:TMA;CTD:TTP,2026-09-22,
SLC4A4,Q9Y6R1,8671.0,(pending manual export),(pending API key),,inferred:37.38,0.058,3.0,,yes,,atypical hemolytic-uremic syndrome;hemolytic-uremic syndrome;thrombotic microangiopathy；CTD:MAHA;CTD:TMA;CTD:TTP,2026-09-22,
SLC4A5,Q9BY07,57835.0,(pending manual export),(pending API key),,inferred:4.53,0.063,4.0,,yes,,aHUS with complement gene abnormality;atypical hemolytic-uremic syndrome;hemolytic-uremic syndrome;thrombotic microangio；CTD:MAHA,2026-09-22,
SLC5A10,A0PJK1,125206.0,(pending manual export),(pending API key),,inferred:4.76,0.061,4.0,,yes,,aHUS with complement gene abnormality;atypical hemolytic-uremic syndrome;hemolytic-uremic syndrome;thrombotic microangio；CTD:MAHA;CTD:TMA;CTD:TTP,2026-09-22,
SLC5A2,P31639,6524.0,59.95,(pending API key),,inferred:10.69,0.063,4.0,,yes,,aHUS with complement gene abnormality;atypical hemolytic-uremic syndrome;hemolytic-uremic syndrome;thrombotic microangio；GC:atypical hem/microangiopa；CTD:MAHA;CTD:TMA;CTD:TTP,2026-09-22,
SLC6A18,Q96N87,348932.0,(pending manual export),(pending API key),,inferred:31.43,0.071,4.0,,yes,,aHUS with complement gene abnormality;atypical hemolytic-uremic syndrome;hemolytic-uremic syndrome;thrombotic microangio；CTD:MAHA;CTD:TMA;CTD:TTP,2026-09-22,
SLC6A19,Q695T7,340024.0,(pending manual export),(pending API key),,inferred:7.86,0.057,4.0,,yes,,aHUS with complement gene abnormality;atypical hemolytic-uremic syndrome;hemolytic-uremic syndrome;thrombotic microangio；CTD:MAHA;CTD:TMA,2026-09-22,
SLC6A6,P31641,6533.0,(pending manual export),(pending API key),,inferred:41.42,0.054,4.0,,yes,,aHUS with complement gene abnormality;atypical hemolytic-uremic syndrome;hemolytic-uremic syndrome;thrombotic microangio；CTD:MAHA;CTD:TMA;CTD:TTP,2026-09-22,
SLC7A9,P82251,11136.0,(pending manual export),(pending API key),,inferred:18.08,0.077,5.0,,yes,,aHUS with C3 anomaly;aHUS with complement gene abnormality;atypical hemolytic-uremic syndrome;hemolytic-uremic syndrome；CTD:MAHA;CTD:TMA;CTD:TTP,2026-09-22,
SLCO1B1,Q9Y6L6,10599.0,194.18,(pending API key),,inferred:44.36,0.051,4.0,,yes,,aHUS with complement gene abnormality;atypical hemolytic-uremic syndrome;hemolytic-uremic syndrome;thrombotic microangio；GC:atypical hem/thrombotic t；CTD:MAHA;CTD:TMA;CTD:TTP,2026-09-22,
SLCO1B3,F5H094,28234.0,153.77,(pending API key),,inferred:41.68,0.051,4.0,,yes,,aHUS with complement gene abnormality;atypical hemolytic-uremic syndrome;hemolytic-uremic syndrome;thrombotic microangio；GC:atypical hem；CTD:MAHA;CTD:TMA;CTD:TTP,2026-09-22,
SLCO1B3-SLCO1B7,,115072896.0,(pending manual export),(pending API key),,(pending manual export),0.05,4.0,,yes,,aHUS with complement gene abnormality;atypical hemolytic-uremic syndrome;hemolytic-uremic syndrome;thrombotic microangio,2026-09-22,
SLCO1B7,,338821.0,(pending manual export),(pending API key),,inferred:4.15,0.05,4.0,,yes,,aHUS with complement gene abnormality;atypical hemolytic-uremic syndrome;hemolytic-uremic syndrome;thrombotic microangio；CTD:MAHA;CTD:TMA;CTD:TTP,2026-09-22,
SLFN14,P0C7P3,342618.0,(pending manual export),(pending API key),,inferred:3.93,0.051,3.0,,yes,,atypical hemolytic-uremic syndrome;hemolytic-uremic syndrome;thrombotic microangiopathy；CTD:MAHA;CTD:TMA;CTD:TTP,2026-09-22,
SMAD3,P84022,4088.0,125.02,(pending API key),,inferred:41.17,0.068,5.0,,yes,,aHUS with C3 anomaly;aHUS with complement gene abnormality;atypical hemolytic-uremic syndrome;hemolytic-uremic syndrome;；GC:atypical hem；CTD:MAHA;CTD:TMA;CTD:TTP,2026-09-22,
SMARCAL1,Q9NZC9,50485.0,450.74,0.40,,inferred:27.08,0.288,3.0,,yes,,atypical hemolytic-uremic syndrome;hemolytic-uremic syndrome;thrombotic microangiopathy；GC:atypical hem/microangiopa/thrombotic m/thrombotic t；CTD:MAHA;CTD:TMA;CTD:TTP,2026-09-22,
SMC5,Q8IY18,23137.0,(pending manual export),(pending API key),,inferred:24.67,0.057,4.0,,yes,,aHUS with complement gene abnormality;atypical hemolytic-uremic syndrome;hemolytic-uremic syndrome;thrombotic microangio；CTD:MAHA;CTD:TMA;CTD:TTP,2026-09-22,
SNCA,P37840,6622.0,(pending manual export),(pending API key),,inferred:67.25,0.056,4.0,,yes,,aHUS with complement gene abnormality;atypical hemolytic-uremic syndrome;hemolytic-uremic syndrome;thrombotic microangio；CTD:MAHA;CTD:TMA;CTD:TTP,2026-09-22,
SOCS1,O15524,8651.0,206.64,(pending API key),,inferred:32.17,0.278,1.0,,yes,,thrombotic microangiopathy；GC:atypical hem；CTD:MAHA;CTD:TMA;CTD:TTP,2026-09-22,promoted to core set by reaching GeneCards main threshold
SPHK1,Q9NYA1,8877.0,(pending manual export),(pending API key),,inferred:41.81,0.068,1.0,,no (wide set),,hemolytic-uremic syndrome；CTD:MAHA;CTD:TMA;CTD:TTP,2026-09-22,
SPHK2,Q9NRA0,56848.0,(pending manual export),(pending API key),,inferred:16.26,0.074,1.0,,no (wide set),,hemolytic-uremic syndrome；CTD:MAHA;CTD:TMA;CTD:TTP,2026-09-22,
SPNS2,Q8IVW8,124976.0,(pending manual export),(pending API key),,inferred:16.32,0.052,1.0,,no (wide set),,thrombotic microangiopathy；CTD:MAHA;CTD:TMA;CTD:TTP,2026-09-22,
SPSB2,Q99619,84727.0,(pending manual export),(pending API key),,inferred:22.88,0.066,1.0,,no (wide set),,thrombotic microangiopathy；CTD:MAHA;CTD:TMA;CTD:TTP,2026-09-22,
SPTA1,P02549,6708.0,(pending manual export),(pending API key),,inferred:13.32,0.068,8.0,,yes,,aHUS with C3 anomaly;aHUS with complement gene abnormality;acquired TTP;atypical hemolytic-uremic syndrome;congenital TT；CTD:MAHA;CTD:TMA;CTD:TTP,2026-09-22,
SPTB,P11277,6710.0,(pending manual export),(pending API key),,direct:marker/mechanism,0.063,6.0,,yes,,aHUS with complement gene abnormality;atypical hemolytic-uremic syndrome;congenital TTP;hemolytic-uremic syndrome;thromb；CTD:MAHA;CTD:TMA;CTD:TTP,2026-09-22,
SRCAP,Q6ZRS2,10847.0,(pending manual export),(pending API key),,inferred:7.42,0.051,1.0,,no (wide set),,thrombotic microangiopathy；CTD:MAHA;CTD:TMA;CTD:TTP,2026-09-22,
SRSF9,Q13242,8683.0,(pending manual export),(pending API key),,inferred:17.66,0.068,1.0,,no (wide set),,thrombotic microangiopathy；CTD:MAHA;CTD:TMA;CTD:TTP,2026-09-22,
ST3GAL4,Q11206,6484.0,(pending manual export),(pending API key),,inferred:27.54,0.081,1.0,,no (wide set),,thrombotic microangiopathy；CTD:MAHA;CTD:TMA;CTD:TTP,2026-09-22,
STAT3,P40763,6774.0,214.72,(pending API key),,inferred:96.36,0.08,1.0,,yes,,thrombotic microangiopathy；GC:atypical hem/thrombotic t；CTD:MAHA;CTD:TMA;CTD:TTP;CTD:aHUS;CTD:snakebite,2026-09-22,promoted to core set by reaching GeneCards main threshold
STAT4,Q14765,6775.0,102.78,(pending API key),,inferred:47.84,0.064,4.0,,yes,,aHUS with complement gene abnormality;atypical hemolytic-uremic syndrome;hemolytic-uremic syndrome;thrombotic microangio；GC:microangiopa；CTD:MAHA;CTD:TMA;CTD:TTP,2026-09-22,
STEAP3,Q658P3,55240.0,(pending manual export),(pending API key),,inferred:24.94,0.06,4.0,,yes,,aHUS with complement gene abnormality;atypical hemolytic-uremic syndrome;hemolytic-uremic syndrome;thrombotic microangio；CTD:MAHA;CTD:TMA;CTD:TTP,2026-09-22,
STK24,Q9Y6E0,8428.0,17.77,(pending API key),,inferred:17.82,0.055,4.0,,yes,,aHUS with complement gene abnormality;atypical hemolytic-uremic syndrome;hemolytic-uremic syndrome;thrombotic microangio；GC:thrombotic t；CTD:MAHA;CTD:TMA;CTD:TTP,2026-09-22,
STK39,Q9UEW8,27347.0,(pending manual export),(pending API key),,inferred:36.73,0.06,5.0,,yes,,aHUS with C3 anomaly;aHUS with complement gene abnormality;atypical hemolytic-uremic syndrome;hemolytic-uremic syndrome；CTD:MAHA;CTD:TMA;CTD:TTP,2026-09-22,
STUB1,Q9UNE7,10273.0,(pending manual export),(pending API key),,inferred:16.39,0.062,4.0,,yes,,aHUS with complement gene abnormality;atypical hemolytic-uremic syndrome;hemolytic-uremic syndrome;thrombotic microangio；CTD:MAHA;CTD:TMA;CTD:TTP,2026-09-22,
STX1A,Q16623,6804.0,149.36,(pending API key),,inferred:30.12,0.056,1.0,,yes,,hemolytic-uremic syndrome；GC:atypical hem/microangiopa；CTD:MAHA;CTD:TMA;CTD:TTP,2026-09-22,promoted to core set by reaching GeneCards main threshold
STX2,P32856,2054.0,87.29,(pending API key),,inferred:24.67,0.11,1.0,,no (wide set),,hemolytic-uremic syndrome；GC:atypical hem/microangiopa/thrombotic m；CTD:MAHA;CTD:TMA;CTD:TTP,2026-09-22,
SUCNR1,Q9BXA5,56670.0,(pending manual export),(pending API key),,inferred:25.62,0.065,4.0,,yes,,aHUS with complement gene abnormality;atypical hemolytic-uremic syndrome;hemolytic-uremic syndrome;thrombotic microangio；CTD:MAHA;CTD:TMA;CTD:TTP,2026-09-22,
SUGCT,Q9HAC7,79783.0,(pending manual export),(pending API key),,inferred:12.81,0.056,3.0,,yes,,atypical hemolytic-uremic syndrome;hemolytic-uremic syndrome;thrombotic microangiopathy；CTD:MAHA;CTD:TMA;CTD:TTP,2026-09-22,
SUSD6,Q92537,9766.0,(pending manual export),(pending API key),,inferred:18.16,0.061,4.0,,yes,,aHUS with complement gene abnormality;atypical hemolytic-uremic syndrome;hemolytic-uremic syndrome;thrombotic microangio；CTD:MAHA;CTD:TMA;CTD:TTP,2026-09-22,
SYK,P43405,6850.0,193.77,(pending API key),,inferred:32.59,0.573,4.0,,yes,,aHUS with complement gene abnormality;atypical hemolytic-uremic syndrome;hemolytic-uremic syndrome;thrombotic microangio；GC:thrombotic t；CTD:MAHA;CTD:TMA;CTD:TTP,2026-09-22,
TAL1,P17542,6886.0,(pending manual export),(pending API key),,inferred:14.49,0.061,4.0,,yes,,aHUS with complement gene abnormality;atypical hemolytic-uremic syndrome;hemolytic-uremic syndrome;thrombotic microangio；CTD:MAHA;CTD:TMA;CTD:TTP,2026-09-22,
TBC1D22A,Q8WUA7,25771.0,(pending manual export),(pending API key),,inferred:7.55,0.058,4.0,,yes,,aHUS with complement gene abnormality;atypical hemolytic-uremic syndrome;hemolytic-uremic syndrome;thrombotic microangio；CTD:MAHA;CTD:TMA;CTD:TTP,2026-09-22,
TBX21,Q9UL17,30009.0,45.90,(pending API key),,inferred:36.73,0.057,1.0,,no (wide set),,thrombotic microangiopathy；GC:thrombotic t；CTD:MAHA;CTD:TMA;CTD:TTP,2026-09-22,
TET2,Q6N021,54790.0,457.07,(pending API key),,inferred:17.99,0.151,3.0,,yes,,atypical hemolytic-uremic syndrome;hemolytic-uremic syndrome;thrombotic microangiopathy；GC:atypical hem/microangiopa/thrombotic m/thrombotic t；CTD:MAHA;CTD:TMA;CTD:TTP,2026-09-22,
TFAP2B,Q92481,7021.0,(pending manual export),(pending API key),,inferred:7.11,0.057,4.0,,yes,,aHUS with complement gene abnormality;atypical hemolytic-uremic syndrome;hemolytic-uremic syndrome;thrombotic microangio；CTD:MAHA;CTD:TMA;CTD:TTP,2026-09-22,
TGFB1,P01137,7040.0,236.98,(pending API key),,inferred:109.25,0.116,4.0,,yes,,aHUS with complement gene abnormality;atypical hemolytic-uremic syndrome;hemolytic-uremic syndrome;thrombotic microangio；GC:atypical hem/microangiopa/thrombotic m/thrombotic t；CTD:MAHA;CTD:TMA;CTD:TTP;CTD:aHUS,2026-09-22,
THBD,P07204,7056.0,680.27,1.15,yes,direct:marker/mechanism,0.751,4.0,yes,yes,,aHUS with complement gene abnormality;atypical hemolytic-uremic syndrome;hemolytic-uremic syndrome;thrombotic microangio；GC:atypical hem/microangiopa/thrombotic m/thrombotic t；CTD:MAHA;CTD:TMA;CTD:TTP;CTD:aHUS；OMIM,2026-09-22,"Atypical hemolytic-uremic syndrome(MedlinePlus,z=CURATED); hemolytic-uremic syndrome(UniProtKB-KW,z=CURATED)"
THPO,P40225,7066.0,315.35,(pending API key),,inferred:16.45,0.096,1.0,,yes,,thrombotic microangiopathy；GC:thrombotic t；CTD:MAHA;CTD:TMA;CTD:TTP;CTD:aHUS,2026-09-22,promoted to core set by reaching GeneCards main threshold
THUMPD3-AS1,,440944.0,(pending manual export),(pending API key),,inferred:10.61,0.062,3.0,,yes,,atypical hemolytic-uremic syndrome;hemolytic-uremic syndrome;thrombotic microangiopathy；CTD:MAHA;CTD:TMA;CTD:TTP,2026-09-22,
TIPARP,Q7Z3E1,25976.0,(pending manual export),(pending API key),,inferred:40.39,0.057,2.0,,no (wide set),,hemolytic-uremic syndrome;thrombotic microangiopathy；CTD:MAHA;CTD:TMA;CTD:TTP,2026-09-22,
TLK1,Q9UKI8,9874.0,(pending manual export),(pending API key),,inferred:28.25,0.051,4.0,,yes,,aHUS with complement gene abnormality;atypical hemolytic-uremic syndrome;hemolytic-uremic syndrome;thrombotic microangio；CTD:MAHA;CTD:TMA;CTD:TTP,2026-09-22,
TLR2,O60603,7097.0,81.03,(pending API key),,inferred:75.04,0.051,1.0,,yes,,thrombotic microangiopathy；GC:atypical hem/thrombotic t；CTD:MAHA;CTD:TMA;CTD:TTP,2026-09-22,promoted to core set by reaching GeneCards main threshold
TLR4,O00206,7099.0,257.65,(pending API key),,inferred:79.01,0.056,2.0,,yes,,hemolytic-uremic syndrome;thrombotic microangiopathy；GC:atypical hem/microangiopa/snakebite en/thrombotic m/thrombotic t/venom-induce；CTD:MAHA;CTD:TMA;CTD:TTP;CTD:snakebite,2026-09-22,promoted to core set by reaching GeneCards main threshold
TLR7,Q9NYK1,51284.0,71.96,(pending API key),,inferred:21.50,0.1,3.0,,yes,,atypical hemolytic-uremic syndrome;hemolytic-uremic syndrome;thrombotic microangiopathy；GC:thrombotic t；CTD:MAHA;CTD:TMA,2026-09-22,
TMEM127,O75204,55654.0,(pending manual export),(pending API key),,inferred:33.89,0.054,3.0,,yes,,atypical hemolytic-uremic syndrome;hemolytic-uremic syndrome;thrombotic microangiopathy；CTD:MAHA;CTD:TMA;CTD:TTP,2026-09-22,
TMEM174,Q8WUU8,134288.0,(pending manual export),(pending API key),,inferred:6.19,0.052,3.0,,yes,,atypical hemolytic-uremic syndrome;hemolytic-uremic syndrome;thrombotic microangiopathy；CTD:MAHA,2026-09-22,
TMEM218,A2RU14,219854.0,(pending manual export),(pending API key),,inferred:14.39,0.052,4.0,,yes,,aHUS with complement gene abnormality;atypical hemolytic-uremic syndrome;hemolytic-uremic syndrome;thrombotic microangio；CTD:MAHA;CTD:TMA;CTD:TTP,2026-09-22,
TMEM67,Q5HYA8,91147.0,164.53,0.40,,inferred:13.98,0.118,3.0,,yes,,atypical hemolytic-uremic syndrome;hemolytic-uremic syndrome;thrombotic microangiopathy；GC:atypical hem；CTD:MAHA;CTD:TMA;CTD:TTP,2026-09-22,
TNF,P01375,7124.0,279.85,0.60,,direct:marker/mechanism,0.09,1.0,,yes,Axis4,thrombotic microangiopathy；GC:atypical hem/microangiopa/snakebite en/thrombotic m/thrombotic t；CTD:MAHA;CTD:TMA;CTD:TTP;CTD:aHUS;CTD:snakebite,2026-09-22,promoted to core set by four-axis prior
TNFAIP2,Q03169,7127.0,(pending manual export),(pending API key),,inferred:32.38,0.077,4.0,,yes,,aHUS with complement gene abnormality;atypical hemolytic-uremic syndrome;hemolytic-uremic syndrome;thrombotic microangio；CTD:MAHA;CTD:TMA;CTD:TTP,2026-09-22,
TNFAIP3,P21580,7128.0,153.44,(pending API key),,inferred:48.12,0.064,1.0,,yes,,thrombotic microangiopathy；GC:atypical hem/thrombotic m/thrombotic t；CTD:MAHA;CTD:TMA;CTD:TTP;CTD:aHUS,2026-09-22,promoted to core set by reaching GeneCards main threshold
TNFRSF13C,Q96RJ3,115650.0,22.91,(pending API key),,inferred:3.17,0.352,1.0,,yes,,thrombotic microangiopathy；GC:thrombotic m/thrombotic t；CTD:MAHA;CTD:TMA;CTD:TTP,2026-09-22,
TNFRSF4,P43489,7293.0,321.84,(pending API key),,inferred:7.74,0.076,1.0,,yes,,thrombotic microangiopathy；GC:atypical hem/microangiopa/thrombotic m/thrombotic t；CTD:MAHA;CTD:TMA;CTD:TTP,2026-09-22,promoted to core set by reaching GeneCards main threshold
TNFRSF8,P28908,943.0,(pending manual export),(pending API key),,inferred:12.48,0.05,1.0,,no (wide set),,thrombotic microangiopathy；CTD:MAHA;CTD:TMA;CTD:TTP,2026-09-22,
TNFSF13B,Q9Y275,10673.0,159.82,(pending API key),,inferred:16.01,0.345,1.0,,yes,,thrombotic microangiopathy；GC:atypical hem/microangiopa/thrombotic m/thrombotic t；CTD:MAHA;CTD:TMA;CTD:TTP,2026-09-22,
TNFSF4,P23510,7292.0,(pending manual export),(pending API key),,inferred:18.51,0.075,1.0,,no (wide set),,thrombotic microangiopathy；CTD:MAHA;CTD:TMA;CTD:TTP,2026-09-22,
TNIP1,Q15025,10318.0,(pending manual export),(pending API key),,inferred:21.00,0.06,4.0,,yes,,aHUS with complement gene abnormality;atypical hemolytic-uremic syndrome;hemolytic-uremic syndrome;thrombotic microangio；CTD:MAHA;CTD:TMA;CTD:TTP,2026-09-22,
TNS1,Q9HBL0,7145.0,(pending manual export),(pending API key),,inferred:26.47,0.064,3.0,,yes,,atypical hemolytic-uremic syndrome;hemolytic-uremic syndrome;thrombotic microangiopathy；CTD:MAHA;CTD:TMA;CTD:TTP,2026-09-22,
TNS2,Q63HR2,23371.0,(pending manual export),(pending API key),,inferred:27.35,0.062,4.0,,yes,,aHUS with complement gene abnormality;atypical hemolytic-uremic syndrome;hemolytic-uremic syndrome;thrombotic microangio；CTD:MAHA;CTD:TMA;CTD:TTP,2026-09-22,
TOP2A,P11388,7153.0,(pending manual export),(pending API key),,inferred:55.50,0.074,1.0,,no (wide set),,thrombotic microangiopathy；CTD:MAHA;CTD:TMA;CTD:TTP,2026-09-22,
TP53,P04637,7157.0,312.88,(pending API key),,inferred:141.21,0.091,1.0,,yes,,thrombotic microangiopathy；GC:atypical hem/thrombotic t；CTD:MAHA;CTD:TMA;CTD:TTP;CTD:aHUS,2026-09-22,promoted to core set by reaching GeneCards main threshold
TP73,O15350,7161.0,(pending manual export),(pending API key),,inferred:20.99,0.06,4.0,,yes,,aHUS with complement gene abnormality;atypical hemolytic-uremic syndrome;hemolytic-uremic syndrome;thrombotic microangio；CTD:MAHA;CTD:TMA;CTD:TTP,2026-09-22,
TPH1,P17752,7166.0,(pending manual export),(pending API key),,inferred:13.23,0.054,1.0,,no (wide set),,thrombotic microangiopathy；CTD:MAHA;CTD:TMA;CTD:TTP,2026-09-22,
TPI1,P60174,7167.0,(pending manual export),(pending API key),,direct:marker/mechanism,0.065,4.0,,yes,,aHUS with complement gene abnormality;atypical hemolytic-uremic syndrome;hemolytic-uremic syndrome;thrombotic microangio；CTD:MAHA;CTD:TMA;CTD:TTP,2026-09-22,
TPM4,P67936,7171.0,(pending manual export),(pending API key),,inferred:31.07,0.093,1.0,,no (wide set),,thrombotic microangiopathy；CTD:MAHA;CTD:TMA;CTD:TTP,2026-09-22,
TPO,P07202,7173.0,(pending manual export),(pending API key),,inferred:19.93,0.114,1.0,,no (wide set),,thrombotic microangiopathy；CTD:MAHA;CTD:TMA;CTD:TTP,2026-09-22,
TRAF3IP2,O43734,10758.0,(pending manual export),(pending API key),,inferred:24.29,0.11,1.0,,no (wide set),,thrombotic microangiopathy；CTD:MAHA;CTD:TMA;CTD:TTP,2026-09-22,
TREML1,Q86YW5,340205.0,(pending manual export),(pending API key),,inferred:8.76,0.056,3.0,,yes,,atypical hemolytic-uremic syndrome;hemolytic-uremic syndrome;thrombotic microangiopathy；CTD:MAHA;CTD:TMA,2026-09-22,
TREX1,Q9NSU2,11277.0,249.04,0.50,,inferred:28.47,0.272,2.0,,yes,,hemolytic-uremic syndrome;thrombotic microangiopathy；GC:atypical hem/microangiopa/thrombotic m/thrombotic t；CTD:MAHA;CTD:TMA;CTD:TTP,2026-09-22,promoted to core set by reaching GeneCards main threshold
TRPV5,Q9NQA5,56302.0,(pending manual export),(pending API key),,inferred:15.14,0.073,5.0,,yes,,aHUS with C3 anomaly;aHUS with complement gene abnormality;atypical hemolytic-uremic syndrome;hemolytic-uremic syndrome；CTD:MAHA;CTD:TMA;CTD:TTP,2026-09-22,
TSEN2,Q8NCE0,80746.0,465.17,0.40,,inferred:17.14,0.335,1.0,,yes,,hemolytic-uremic syndrome；GC:atypical hem/microangiopa/thrombotic m；CTD:MAHA;CTD:TMA;CTD:TTP,2026-09-22,
TSPAN32,Q96QS1,10077.0,(pending manual export),(pending API key),,inferred:15.08,0.056,4.0,,yes,,aHUS with complement gene abnormality;atypical hemolytic-uremic syndrome;hemolytic-uremic syndrome;thrombotic microangio；CTD:MAHA;CTD:TMA;CTD:TTP,2026-09-22,
TSPAN33,Q86UF1,340348.0,(pending manual export),(pending API key),,inferred:27.84,0.052,3.0,,yes,,atypical hemolytic-uremic syndrome;hemolytic-uremic syndrome;thrombotic microangiopathy；CTD:MAHA;CTD:TMA;CTD:TTP,2026-09-22,
TTC7A,Q9ULT0,57217.0,345.16,(pending API key),,inferred:19.23,0.054,2.0,,yes,,hemolytic-uremic syndrome;thrombotic microangiopathy；GC:atypical hem/microangiopa/thrombotic m；CTD:MAHA;CTD:TMA,2026-09-22,promoted to core set by reaching GeneCards main threshold
TUBA1A,Q71U36,7846.0,(pending manual export),(pending API key),,inferred:60.60,0.187,1.0,,no (wide set),,thrombotic microangiopathy；CTD:MAHA;CTD:TMA;CTD:TTP,2026-09-22,
TUBA1B,P68363,10376.0,(pending manual export),(pending API key),,inferred:21.59,0.185,1.0,,no (wide set),,thrombotic microangiopathy；CTD:MAHA;CTD:TMA;CTD:TTP,2026-09-22,
TUBA1C,Q9BQE3,84790.0,(pending manual export),(pending API key),,inferred:46.79,0.185,1.0,,no (wide set),,thrombotic microangiopathy；CTD:MAHA;CTD:TMA;CTD:TTP,2026-09-22,
TUBA3C,P0DPH7,7278.0,(pending manual export),(pending API key),,inferred:17.32,0.185,1.0,,no (wide set),,thrombotic microangiopathy；CTD:MAHA;CTD:TMA,2026-09-22,
TUBA3E,Q6PEY2,112714.0,(pending manual export),(pending API key),,inferred:6.51,0.185,1.0,,no (wide set),,thrombotic microangiopathy；CTD:MAHA,2026-09-22,
TUBA4A,P68366,7277.0,(pending manual export),(pending API key),,inferred:37.49,0.199,1.0,,no (wide set),,thrombotic microangiopathy；CTD:MAHA;CTD:TMA;CTD:TTP,2026-09-22,
TUBB,P07437,203068.0,35.04,(pending API key),,inferred:26.67,0.185,1.0,,no (wide set),,thrombotic microangiopathy；GC:thrombotic t；CTD:MAHA;CTD:TMA;CTD:TTP,2026-09-22,
TUBB1,Q9H4B7,81027.0,31.98,(pending API key),,inferred:34.47,0.201,1.0,,no (wide set),,thrombotic microangiopathy；GC:thrombotic t；CTD:MAHA;CTD:TMA;CTD:TTP,2026-09-22,
TUBB2A,Q13885,7280.0,(pending manual export),(pending API key),,inferred:41.27,0.185,1.0,,no (wide set),,thrombotic microangiopathy；CTD:MAHA;CTD:TMA;CTD:TTP,2026-09-22,
TUBB2B,Q9BVA1,347733.0,(pending manual export),(pending API key),,inferred:33.09,0.185,1.0,,no (wide set),,thrombotic microangiopathy；CTD:MAHA;CTD:TMA;CTD:TTP,2026-09-22,
TUBB3,Q13509,10381.0,(pending manual export),(pending API key),,inferred:32.54,0.185,1.0,,no (wide set),,thrombotic microangiopathy；CTD:MAHA;CTD:TMA;CTD:TTP,2026-09-22,
TUBB4A,P04350,10382.0,(pending manual export),(pending API key),,inferred:19.14,0.185,1.0,,no (wide set),,thrombotic microangiopathy；CTD:MAHA;CTD:TMA;CTD:TTP,2026-09-22,
TUBB4B,P68371,10383.0,(pending manual export),(pending API key),,inferred:46.16,0.185,1.0,,no (wide set),,thrombotic microangiopathy；CTD:MAHA;CTD:TMA;CTD:TTP,2026-09-22,
TUBB6,Q9BUF5,84617.0,(pending manual export),(pending API key),,inferred:45.82,0.185,1.0,,no (wide set),,thrombotic microangiopathy；CTD:MAHA;CTD:TMA;CTD:TTP,2026-09-22,
TUBB8,Q3ZCM7,347688.0,(pending manual export),(pending API key),,inferred:5.68,0.185,1.0,,no (wide set),,thrombotic microangiopathy；CTD:MAHA,2026-09-22,
TULP3,O75386,7289.0,(pending manual export),(pending API key),,inferred:22.32,0.052,4.0,,yes,,aHUS with complement gene abnormality;atypical hemolytic-uremic syndrome;hemolytic-uremic syndrome;thrombotic microangio；CTD:MAHA;CTD:TMA;CTD:TTP,2026-09-22,
TXNIP,Q9H3M7,10628.0,(pending manual export),(pending API key),,inferred:59.00,0.051,4.0,,yes,,aHUS with complement gene abnormality;atypical hemolytic-uremic syndrome;hemolytic-uremic syndrome;thrombotic microangio；CTD:MAHA;CTD:TMA;CTD:TTP,2026-09-22,
TYK2,P29597,7297.0,28.68,(pending API key),,inferred:34.50,0.082,1.0,,no (wide set),,thrombotic microangiopathy；GC:thrombotic t；CTD:MAHA;CTD:TMA;CTD:TTP,2026-09-22,
UMOD,P07911,7369.0,164.71,(pending API key),,inferred:27.08,0.082,7.0,,yes,,aHUS with C3 anomaly;aHUS with complement gene abnormality;atypical hemolytic-uremic syndrome;congenital TTP;hemolytic-u；GC:atypical hem/microangiopa/thrombotic m；CTD:MAHA;CTD:TMA;CTD:TTP,2026-09-22,
UNC93B1,Q9H1C4,81622.0,(pending manual export),(pending API key),,inferred:19.14,0.061,4.0,,yes,,aHUS with complement gene abnormality;atypical hemolytic-uremic syndrome;hemolytic-uremic syndrome;thrombotic microangio；CTD:MAHA;CTD:TMA;CTD:TTP,2026-09-22,
UOX,,391051.0,(pending manual export),(pending API key),,inferred:12.50,0.072,5.0,,yes,,aHUS with C3 anomaly;aHUS with complement gene abnormality;atypical hemolytic-uremic syndrome;hemolytic-uremic syndrome；CTD:MAHA;CTD:TMA;CTD:TTP,2026-09-22,
UPK2,O00526,7379.0,(pending manual export),(pending API key),,inferred:5.95,0.064,4.0,,yes,,aHUS with complement gene abnormality;atypical hemolytic-uremic syndrome;hemolytic-uremic syndrome;thrombotic microangio；CTD:MAHA;CTD:TMA,2026-09-22,
UPK3A,O75631,7380.0,(pending manual export),(pending API key),,inferred:20.81,0.069,4.0,,yes,,aHUS with complement gene abnormality;atypical hemolytic-uremic syndrome;hemolytic-uremic syndrome;thrombotic microangio；CTD:MAHA;CTD:TMA;CTD:TTP,2026-09-22,
URAHP,,,(pending manual export),(pending API key),,(pending manual export),0.055,4.0,,yes,,aHUS with complement gene abnormality;atypical hemolytic-uremic syndrome;hemolytic-uremic syndrome;thrombotic microangio,2026-09-22,
UROS,P10746,7390.0,(pending manual export),(pending API key),,inferred:22.00,0.058,4.0,,yes,,aHUS with complement gene abnormality;atypical hemolytic-uremic syndrome;hemolytic-uremic syndrome;thrombotic microangio；CTD:MAHA;CTD:TMA;CTD:TTP,2026-09-22,
USP18,Q9UMW8,11274.0,24.30,(pending API key),,inferred:43.55,0.062,3.0,,yes,,atypical hemolytic-uremic syndrome;hemolytic-uremic syndrome;thrombotic microangiopathy；GC:microangiopa；CTD:MAHA;CTD:TMA;CTD:TTP,2026-09-22,
USP32,Q8NFA0,84669.0,(pending manual export),(pending API key),,inferred:22.10,0.056,3.0,,yes,,atypical hemolytic-uremic syndrome;hemolytic-uremic syndrome;thrombotic microangiopathy；CTD:MAHA;CTD:TMA;CTD:TTP,2026-09-22,
USP33,Q8TEY7,23032.0,(pending manual export),(pending API key),,inferred:26.44,0.052,4.0,,yes,,aHUS with complement gene abnormality;atypical hemolytic-uremic syndrome;hemolytic-uremic syndrome;thrombotic microangio；CTD:MAHA;CTD:TMA;CTD:TTP,2026-09-22,
USP41P,,373856.0,(pending manual export),(pending API key),,inferred:7.35,0.062,3.0,,yes,,atypical hemolytic-uremic syndrome;hemolytic-uremic syndrome;thrombotic microangiopathy；CTD:MAHA;CTD:TMA;CTD:TTP,2026-09-22,
USP6,P35125,9098.0,(pending manual export),(pending API key),,inferred:14.51,0.056,3.0,,yes,,atypical hemolytic-uremic syndrome;hemolytic-uremic syndrome;thrombotic microangiopathy；CTD:MAHA,2026-09-22,
VAV2,P52735,7410.0,(pending manual export),(pending API key),,inferred:26.70,0.058,4.0,,yes,,aHUS with complement gene abnormality;atypical hemolytic-uremic syndrome;hemolytic-uremic syndrome;thrombotic microangio；CTD:MAHA;CTD:TMA,2026-09-22,
VAV3,Q9UKW4,10451.0,(pending manual export),(pending API key),,inferred:27.14,0.057,5.0,,yes,,aHUS with complement gene abnormality;atypical hemolytic-uremic syndrome;hemolytic-uremic syndrome;thrombotic microangio；CTD:MAHA;CTD:TMA;CTD:TTP,2026-09-22,
VEGFA,P15692,7422.0,172.10,0.75,,direct:marker/mechanism,0.063,3.0,,yes,,hemolytic-uremic syndrome;thrombotic microangiopathy;thrombotic thrombocytopenic purpura；GC:atypical hem/microangiopa/thrombotic m/thrombotic t；CTD:MAHA;CTD:TMA;CTD:TTP;CTD:aHUS,2026-09-22,
VLDLR,P98155,7436.0,(pending manual export),(pending API key),,inferred:70.61,0.051,1.0,,no (wide set),,thrombotic microangiopathy；CTD:MAHA;CTD:TMA;CTD:TTP;CTD:aHUS,2026-09-22,
VSIG4,Q9Y279,11326.0,300.04,(pending API key),,inferred:10.90,0.054,4.0,,yes,,aHUS with complement gene abnormality;atypical hemolytic-uremic syndrome;hemolytic-uremic syndrome;thrombotic microangio；GC:atypical hem/microangiopa/thrombotic m；CTD:MAHA;CTD:TMA;CTD:TTP,2026-09-22,
VWF,P04275,7450.0,715.53,(pending API key),,inferred:48.61,0.587,5.0,,yes,Axis1,acquired TTP;atypical hemolytic-uremic syndrome;hemolytic-uremic syndrome;thrombotic microangiopathy;thrombotic thromboc；GC:atypical hem/microangiopa/thrombotic m/thrombotic t；CTD:MAHA;CTD:TMA;CTD:TTP;CTD:aHUS,2026-09-22,
WAS,P42768,7454.0,270.73,(pending API key),,inferred:20.96,0.08,3.0,,yes,,atypical hemolytic-uremic syndrome;hemolytic-uremic syndrome;thrombotic microangiopathy；GC:atypical hem/thrombotic t；CTD:MAHA;CTD:TMA;CTD:TTP,2026-09-22,
WDR1,O75083,9948.0,90.34,(pending API key),,inferred:32.43,0.061,3.0,,yes,,atypical hemolytic-uremic syndrome;hemolytic-uremic syndrome;thrombotic microangiopathy；GC:atypical hem；CTD:MAHA;CTD:TMA;CTD:TTP,2026-09-22,
WDR53,Q7Z5U6,348793.0,(pending manual export),(pending API key),,inferred:22.38,0.052,4.0,,yes,,aHUS with complement gene abnormality;atypical hemolytic-uremic syndrome;hemolytic-uremic syndrome;thrombotic microangio；CTD:MAHA;CTD:TMA;CTD:TTP,2026-09-22,
WDR83,Q9BRX9,84292.0,(pending manual export),(pending API key),,inferred:8.36,0.071,4.0,,yes,,aHUS with complement gene abnormality;atypical hemolytic-uremic syndrome;hemolytic-uremic syndrome;thrombotic microangio；CTD:MAHA,2026-09-22,
WHAMM,Q8TF30,123720.0,(pending manual export),(pending API key),,inferred:21.51,0.074,4.0,,yes,,aHUS with complement gene abnormality;atypical hemolytic-uremic syndrome;hemolytic-uremic syndrome;thrombotic microangio；CTD:MAHA;CTD:TMA;CTD:TTP,2026-09-22,
WNK4,Q96J92,65266.0,(pending manual export),(pending API key),,inferred:23.83,0.064,5.0,,yes,,aHUS with C3 anomaly;aHUS with complement gene abnormality;atypical hemolytic-uremic syndrome;hemolytic-uremic syndrome；CTD:MAHA;CTD:TMA;CTD:TTP,2026-09-22,
WNT4,P56705,54361.0,(pending manual export),(pending API key),,inferred:35.07,0.052,3.0,,yes,,atypical hemolytic-uremic syndrome;hemolytic-uremic syndrome;thrombotic microangiopathy；CTD:MAHA;CTD:TMA;CTD:TTP,2026-09-22,
WT1,P19544,7490.0,547.27,(pending API key),,inferred:28.77,0.089,3.0,,yes,,atypical hemolytic-uremic syndrome;hemolytic-uremic syndrome;thrombotic microangiopathy；GC:atypical hem/microangiopa/thrombotic m/thrombotic t；CTD:MAHA;CTD:TMA;CTD:TTP,2026-09-22,
WWTR1,Q9GZV5,25937.0,(pending manual export),(pending API key),,inferred:27.85,0.059,3.0,,yes,,atypical hemolytic-uremic syndrome;hemolytic-uremic syndrome;thrombotic microangiopathy；CTD:MAHA;CTD:TMA;CTD:TTP,2026-09-22,
XDH,P47989,7498.0,76.21,(pending API key),,inferred:55.77,0.063,4.0,,yes,,aHUS with complement gene abnormality;atypical hemolytic-uremic syndrome;hemolytic-uremic syndrome;thrombotic microangio；GC:atypical hem；CTD:MAHA;CTD:TMA;CTD:TTP;CTD:snakebite,2026-09-22,
ZFP36L2,P47974,678.0,(pending manual export),(pending API key),,inferred:42.07,0.06,4.0,,yes,,aHUS with complement gene abnormality;atypical hemolytic-uremic syndrome;hemolytic-uremic syndrome;thrombotic microangio；CTD:MAHA;CTD:TMA;CTD:TTP,2026-09-22,
ZFPM1,Q8IX07,161882.0,(pending manual export),(pending API key),,inferred:20.54,0.078,3.0,,yes,,atypical hemolytic-uremic syndrome;hemolytic-uremic syndrome;thrombotic microangiopathy；CTD:MAHA;CTD:TMA;CTD:TTP,2026-09-22,
ZNF219,Q9P2Y4,51222.0,(pending manual export),(pending API key),,inferred:15.43,0.065,1.0,,no (wide set),,thrombotic microangiopathy；CTD:MAHA;CTD:TMA;CTD:TTP,2026-09-22,
ZNF34,Q8IZ26,80778.0,(pending manual export),(pending API key),,inferred:10.24,0.057,4.0,,yes,,aHUS with complement gene abnormality;atypical hemolytic-uremic syndrome;hemolytic-uremic syndrome;thrombotic microangio；CTD:MAHA;CTD:TMA;CTD:TTP,2026-09-22,
ZNF496,Q96IT1,84838.0,(pending manual export),(pending API key),,inferred:21.71,0.051,1.0,,no (wide set),,thrombotic microangiopathy；CTD:MAHA;CTD:TMA;CTD:TTP,2026-09-22,
ZNF574,Q6ZN55,64763.0,(pending manual export),(pending API key),,inferred:9.21,0.062,3.0,,yes,,atypical hemolytic-uremic syndrome;hemolytic-uremic syndrome;thrombotic microangiopathy；CTD:MAHA;CTD:TMA;CTD:TTP,2026-09-22,
ZNF880,Q6PDB4,400713.0,(pending manual export),(pending API key),,inferred:2.24,0.062,5.0,,yes,,aHUS with complement gene abnormality;atypical hemolytic-uremic syndrome;hemolytic-uremic syndrome;thrombotic microangio；CTD:MAHA,2026-09-22,
ZSCAN10,Q96SZ4,84891.0,(pending manual export),(pending API key),,inferred:9.37,0.057,3.0,,yes,,hemolytic-uremic syndrome;thrombotic microangiopathy;thrombotic thrombocytopenic purpura；CTD:MAHA,2026-09-22,
F2,P00734,2147.0,587.87,(pending API key),,inferred:58.97,,,,yes,Axis2,four-axis prior (protocol Table 1)；GC:atypical hem/microangiopa/snakebite en/thrombotic m/thrombotic t；CTD:MAHA;CTD:TMA;CTD:TTP,2026-09-22,not catalogued in databases; forcibly included by pathology-axis prior
F5,P12259,2153.0,527.86,(pending API key),,inferred:21.16,,,,yes,Axis2,four-axis prior (protocol Table 1)；GC:atypical hem/microangiopa/thrombotic m/thrombotic t；CTD:MAHA;CTD:TMA;CTD:TTP,2026-09-22,not catalogued in databases; forcibly included by pathology-axis prior
F10,P00742,2159.0,499.81,(pending API key),,inferred:39.02,,,,yes,Axis2,four-axis prior (protocol Table 1)；GC:atypical hem/microangiopa/snakebite en/thrombotic m/thrombotic t；CTD:MAHA;CTD:TMA;CTD:TTP;CTD:snakebite,2026-09-22,not catalogued in databases; forcibly included by pathology-axis prior
FGG,P02679,2266.0,109.32,(pending API key),,inferred:25.28,,,,yes,Axis2,four-axis prior (protocol Table 1)；GC:atypical hem/thrombotic m/thrombotic t；CTD:MAHA;CTD:TMA;CTD:TTP;CTD:aHUS,2026-09-22,not catalogued in databases; forcibly included by pathology-axis prior
PROC,P04070,5624.0,303.78,(pending API key),,inferred:41.87,,,,yes,Axis2,four-axis prior (protocol Table 1)；GC:thrombotic m/thrombotic t；CTD:MAHA;CTD:TMA;CTD:TTP,2026-09-22,not catalogued in databases; forcibly included by pathology-axis prior
VCAM1,P19320,7412.0,147.54,(pending API key),,inferred:82.92,,,,yes,Axis4,four-axis prior (protocol Table 1)；GC:atypical hem/microangiopa/thrombotic m；CTD:MAHA;CTD:TMA;CTD:TTP;CTD:aHUS,2026-09-22,not catalogued in databases; forcibly included by pathology-axis prior
ICAM1,P05362,3383.0,158.76,(pending API key),,inferred:87.48,,,,yes,Axis4,four-axis prior (protocol Table 1)；GC:atypical hem/microangiopa/thrombotic m/thrombotic t；CTD:MAHA;CTD:TMA;CTD:TTP;CTD:aHUS,2026-09-22,not catalogued in databases; forcibly included by pathology-axis prior
SELE,P16581,6401.0,140.73,(pending API key),,inferred:42.46,,,,yes,Axis4,four-axis prior (protocol Table 1)；GC:atypical hem/microangiopa/thrombotic m/thrombotic t；CTD:MAHA;CTD:TMA;CTD:TTP,2026-09-22,not catalogued in databases; forcibly included by pathology-axis prior
HAVCR1,Q96D42,26762.0,118.39,(pending API key),,inferred:44.67,,,,yes,Axis4,four-axis prior (protocol Table 1)；GC:atypical hem/microangiopa/snakebite en/thrombotic m/thrombotic t；CTD:MAHA;CTD:TMA;CTD:TTP,2026-09-22,not catalogued in databases; forcibly included by pathology-axis prior
CFHR4,Q92496,10877.0,620.87,(pending API key),,(pending manual export),,,,yes,,GC:atypical hemolytic uremic syndrome/microangiopathic hemolytic anemia/thrombotic microangiopathy/thro,2026-09-22,
ATRIP-TREX1,,111822955.0,233.05,0.40,,(pending manual export),,,,yes,,GC:atypical hemolytic uremic syndrome/microangiopathic hemolytic anemia/thrombotic microangiopathy/thro,2026-09-22,
SERPINC1,P01008,462.0,540.92,(pending API key),,inferred:37.21,,,,yes,,GC:atypical hemolytic uremic syndrome/microangiopathic hemolytic anemia/thrombotic microangiopathy/thro；CTD:MAHA;CTD:TMA;CTD:TTP,2026-09-22,
F8,P00451,2157.0,582.77,(pending API key),,inferred:45.88,,,,yes,,GC:atypical hemolytic uremic syndrome/microangiopathic hemolytic anemia/thrombotic microangiopathy/thro；CTD:MAHA;CTD:TMA;CTD:TTP,2026-09-22,
F12,P00748,2161.0,462.15,(pending API key),,inferred:23.00,,,,yes,,GC:atypical hemolytic uremic syndrome/microangiopathic hemolytic anemia/thrombotic microangiopathy/thro；CTD:MAHA;CTD:TMA;CTD:TTP,2026-09-22,
LOC130002910,,130002910.0,549.91,0.40,,(pending manual export),,,,yes,,GC:microangiopathic hemolytic anemia/thrombotic microangiopathy/thrombotic thrombocytopenic purpura,2026-09-22,
F11,P03951,2160.0,487.18,(pending API key),,inferred:16.38,,,,yes,,GC:atypical hemolytic uremic syndrome/microangiopathic hemolytic anemia/thrombotic microangiopathy/thro；CTD:MAHA;CTD:TMA;CTD:TTP,2026-09-22,
VHL,P40337,7428.0,387.79,(pending API key),,inferred:12.12,,,,yes,,GC:atypical hemolytic uremic syndrome/microangiopathic hemolytic anemia/thrombotic microangiopathy/thro；CTD:MAHA;CTD:TMA,2026-09-22,
AP3B1,O00203,8546.0,407.75,(pending API key),,inferred:18.53,,,,yes,,GC:atypical hemolytic uremic syndrome/microangiopathic hemolytic anemia/thrombotic microangiopathy/thro；CTD:MAHA;CTD:TMA,2026-09-22,
F13A1,P00488,2162.0,456.19,(pending API key),,inferred:20.53,,,,yes,,GC:atypical hemolytic uremic syndrome/microangiopathic hemolytic anemia/thrombotic microangiopathy/thro；CTD:MAHA;CTD:TMA;CTD:TTP,2026-09-22,
GATA1,P15976,2623.0,447.79,(pending API key),,inferred:17.06,,,,yes,,GC:atypical hemolytic uremic syndrome/microangiopathic hemolytic anemia/thrombotic microangiopathy/thro；CTD:MAHA;CTD:TMA;CTD:TTP,2026-09-22,
DSG1,Q02413,1828.0,404.37,(pending API key),,(pending manual export),,,,yes,,GC:atypical hemolytic uremic syndrome/microangiopathic hemolytic anemia/thrombotic microangiopathy/thro,2026-09-22,
RBM8A,Q9Y5S9,9939.0,436.68,(pending API key),,inferred:19.91,,,,yes,,GC:atypical hemolytic uremic syndrome/microangiopathic hemolytic anemia/thrombotic microangiopathy/thro；CTD:MAHA;CTD:TMA;CTD:TTP,2026-09-22,
GP9,P14770,2815.0,507.46,(pending API key),,inferred:7.96,,,,yes,,GC:atypical hemolytic uremic syndrome/microangiopathic hemolytic anemia/thrombotic microangiopathy/thro；CTD:MAHA;CTD:TMA,2026-09-22,
MASTL,Q96GX5,84930.0,425.58,(pending API key),,inferred:23.16,,,,yes,,GC:atypical hemolytic uremic syndrome/microangiopathic hemolytic anemia/thrombotic microangiopathy/thro；CTD:MAHA;CTD:TMA;CTD:TTP,2026-09-22,
C2,P06681,717.0,521.87,(pending API key),,inferred:21.63,,,,yes,,GC:atypical hemolytic uremic syndrome/microangiopathic hemolytic anemia/thrombotic microangiopathy/thro；CTD:MAHA;CTD:TMA;CTD:TTP,2026-09-22,
CFD,P00746,1675.0,479.82,(pending API key),,inferred:24.25,,,,yes,,GC:atypical hemolytic uremic syndrome/microangiopathic hemolytic anemia/thrombotic microangiopathy；CTD:MAHA;CTD:TMA;CTD:TTP,2026-09-22,
CFP,P27918,5199.0,456.40,(pending API key),,inferred:18.57,,,,yes,,GC:atypical hemolytic uremic syndrome/microangiopathic hemolytic anemia/thrombotic microangiopathy；CTD:MAHA;CTD:TMA;CTD:TTP,2026-09-22,
INF2,Q27J81,64423.0,420.59,(pending API key),,inferred:15.38,,,,yes,,GC:atypical hemolytic uremic syndrome/microangiopathic hemolytic anemia/thrombotic microangiopathy/thro；CTD:MAHA;CTD:TMA;CTD:TTP,2026-09-22,
MASP1,P48740,5648.0,383.01,(pending API key),,inferred:31.49,,,,yes,,GC:atypical hemolytic uremic syndrome/microangiopathic hemolytic anemia/thrombotic microangiopathy；CTD:MAHA;CTD:TMA;CTD:TTP,2026-09-22,
PIGA,P37287,5277.0,498.43,(pending API key),,inferred:40.43,,,,yes,,GC:atypical hemolytic uremic syndrome/microangiopathic hemolytic anemia/thrombotic microangiopathy；CTD:MAHA;CTD:TMA;CTD:TTP,2026-09-22,
VTN,P04004,7448.0,447.11,0.50,,inferred:30.04,,,,yes,,GC:atypical hemolytic uremic syndrome/microangiopathic hemolytic anemia/thrombotic microangiopathy；CTD:MAHA;CTD:TMA;CTD:TTP,2026-09-22,
C6,P13671,729.0,394.21,(pending API key),,inferred:31.41,,,,yes,,GC:atypical hemolytic uremic syndrome/microangiopathic hemolytic anemia/thrombotic microangiopathy/thro；CTD:MAHA;CTD:TMA;CTD:TTP,2026-09-22,
C1S,P09871,716.0,450.44,(pending API key),,inferred:51.29,,,,yes,,GC:atypical hemolytic uremic syndrome/microangiopathic hemolytic anemia/thrombotic microangiopathy；CTD:MAHA;CTD:TMA;CTD:TTP,2026-09-22,
C3AR1,Q16581,719.0,441.90,0.40,,inferred:18.33,,,,yes,,GC:atypical hemolytic uremic syndrome/microangiopathic hemolytic anemia/thrombotic microangiopathy/thro；CTD:MAHA;CTD:TMA;CTD:TTP,2026-09-22,
FLT1,P17948,2321.0,127.52,(pending API key),,inferred:42.00,,,,yes,,GC:atypical hemolytic uremic syndrome/microangiopathic hemolytic anemia/thrombotic microangiopathy/thro；CTD:MAHA;CTD:TMA;CTD:TTP,2026-09-22,
STAT2,P52630,6773.0,6.65,(pending API key),,inferred:48.31,,,,yes,,GC:thrombotic microangiopathy；CTD:MAHA;CTD:TMA;CTD:TTP,2026-09-22,
SERPING1,P05155,710.0,386.78,(pending API key),,inferred:47.92,,,,yes,,GC:atypical hemolytic uremic syndrome/microangiopathic hemolytic anemia/thrombotic microangiopathy/thro；CTD:MAHA;CTD:TMA;CTD:TTP,2026-09-22,
C7,P10643,730.0,363.73,(pending API key),,inferred:15.39,,,,yes,,GC:atypical hemolytic uremic syndrome/microangiopathic hemolytic anemia/thrombotic microangiopathy；CTD:MAHA;CTD:TMA;CTD:TTP,2026-09-22,
C8A,P07357,731.0,343.80,(pending API key),,inferred:18.69,,,,yes,,GC:atypical hemolytic uremic syndrome/microangiopathic hemolytic anemia/thrombotic microangiopathy；CTD:MAHA;CTD:TMA;CTD:TTP,2026-09-22,
C9,P02748,735.0,365.97,(pending API key),,inferred:13.39,,,,yes,,GC:atypical hemolytic uremic syndrome/microangiopathic hemolytic anemia/thrombotic microangiopathy；CTD:MAHA;CTD:TMA;CTD:TTP,2026-09-22,
C1QB,P02746,713.0,358.91,(pending API key),,inferred:32.38,,,,yes,,GC:atypical hemolytic uremic syndrome/microangiopathic hemolytic anemia/thrombotic microangiopathy；CTD:MAHA;CTD:TMA;CTD:TTP,2026-09-22,
C1QA,P02745,712.0,367.99,(pending API key),,inferred:40.68,,,,yes,,GC:atypical hemolytic uremic syndrome/microangiopathic hemolytic anemia/thrombotic microangiopathy；CTD:MAHA;CTD:TMA;CTD:TTP,2026-09-22,
C1QC,P02747,714.0,356.23,(pending API key),,inferred:27.21,,,,yes,,GC:atypical hemolytic uremic syndrome/microangiopathic hemolytic anemia/thrombotic microangiopathy；CTD:MAHA;CTD:TMA;CTD:TTP,2026-09-22,
C8B,P07358,732.0,350.78,(pending API key),,inferred:29.48,,,,yes,,GC:atypical hemolytic uremic syndrome/microangiopathic hemolytic anemia/thrombotic microangiopathy；CTD:MAHA;CTD:TMA;CTD:TTP,2026-09-22,
C4BPA,P04003,722.0,482.18,(pending API key),,inferred:27.64,,,,yes,,GC:atypical hemolytic uremic syndrome/microangiopathic hemolytic anemia/thrombotic microangiopathy/thro；CTD:MAHA;CTD:TMA;CTD:TTP,2026-09-22,
FCN3,O75636,8547.0,393.40,(pending API key),,inferred:2.04,,,,yes,,GC:atypical hemolytic uremic syndrome/microangiopathic hemolytic anemia/thrombotic microangiopathy；CTD:MAHA,2026-09-22,
C8G,P07360,733.0,337.03,(pending API key),,inferred:12.92,,,,yes,,GC:atypical hemolytic uremic syndrome/microangiopathic hemolytic anemia/thrombotic microangiopathy；CTD:MAHA;CTD:TMA;CTD:TTP,2026-09-22,
C4BPB,P20851,725.0,349.44,(pending API key),,inferred:33.34,,,,yes,,GC:atypical hemolytic uremic syndrome/microangiopathic hemolytic anemia/thrombotic microangiopathy；CTD:MAHA;CTD:TMA;CTD:TTP,2026-09-22,
C1R,P00736,715.0,429.69,(pending API key),,inferred:31.82,,,,yes,,GC:atypical hemolytic uremic syndrome/microangiopathic hemolytic anemia/thrombotic microangiopathy；CTD:MAHA;CTD:TMA;CTD:TTP,2026-09-22,
CR2,P20023,1380.0,428.79,(pending API key),,inferred:11.01,,,,yes,,GC:atypical hemolytic uremic syndrome/microangiopathic hemolytic anemia/thrombotic microangiopathy/thro；CTD:MAHA;CTD:TMA;CTD:TTP,2026-09-22,
APLN,Q9ULZ1,8862.0,349.52,(pending API key),,inferred:24.25,,,,yes,,GC:atypical hemolytic uremic syndrome/microangiopathic hemolytic anemia/thrombotic microangiopathy；CTD:MAHA;CTD:TMA,2026-09-22,
THBS1,P07996,7057.0,255.99,(pending API key),,inferred:68.19,,,,yes,,GC:atypical hemolytic uremic syndrome/microangiopathic hemolytic anemia/thrombotic microangiopathy/thro；CTD:MAHA;CTD:TMA;CTD:TTP,2026-09-22,
MBL2,P11226,4153.0,452.04,0.50,,inferred:18.10,,,,yes,,GC:atypical hemolytic uremic syndrome/microangiopathic hemolytic anemia/thrombotic microangiopathy/thro；CTD:MAHA;CTD:TMA;CTD:TTP,2026-09-22,
PLA2R1,Q13018,22925.0,221.08,(pending API key),,inferred:21.70,,,,yes,,GC:atypical hemolytic uremic syndrome/microangiopathic hemolytic anemia/thrombotic microangiopathy/thro；CTD:MAHA;CTD:TMA;CTD:TTP,2026-09-22,
MTR,Q99707,4548.0,250.58,(pending API key),yes,inferred:39.00,,,,yes,,GC:atypical hemolytic uremic syndrome/microangiopathic hemolytic anemia/thrombotic microangiopathy；CTD:MAHA;CTD:TMA;CTD:TTP；OMIM,2026-09-22,
F3,P13726,2152.0,137.51,0.40,,direct:marker/mechanism,,,,yes,,GC:atypical hemolytic uremic syndrome/microangiopathic hemolytic anemia/snakebite envenoming/thrombotic；CTD:MAHA;CTD:TMA;CTD:TTP,2026-09-22,
G6PD,P11413,2539.0,559.31,(pending API key),,direct:marker/mechanism,,,,yes,,GC:atypical hemolytic uremic syndrome/microangiopathic hemolytic anemia/thrombotic microangiopathy/thro；CTD:MAHA;CTD:TMA;CTD:TTP;CTD:snakebite,2026-09-22,
MAT2A,P31153,4144.0,275.51,(pending API key),,inferred:31.57,,,,yes,,GC:atypical hemolytic uremic syndrome/microangiopathic hemolytic anemia/thrombotic microangiopathy；CTD:MAHA;CTD:TMA;CTD:TTP,2026-09-22,
C1QBP,Q07021,708.0,330.38,(pending API key),,inferred:37.72,,,,yes,,GC:atypical hemolytic uremic syndrome/microangiopathic hemolytic anemia/thrombotic microangiopathy/thro；CTD:MAHA;CTD:TMA;CTD:TTP,2026-09-22,
OFD1,O75665,8481.0,377.20,(pending API key),,inferred:8.20,,,,yes,,GC:atypical hemolytic uremic syndrome/microangiopathic hemolytic anemia/thrombotic microangiopathy；CTD:MAHA,2026-09-22,
DNAH5,Q8TE73,1767.0,316.65,(pending API key),,inferred:14.31,,,,yes,,GC:atypical hemolytic uremic syndrome/microangiopathic hemolytic anemia/thrombotic microangiopathy；CTD:MAHA;CTD:TMA;CTD:TTP,2026-09-22,
DNAI1,Q9UI46,27019.0,327.71,(pending API key),,inferred:14.18,,,,yes,,GC:atypical hemolytic uremic syndrome/microangiopathic hemolytic anemia/thrombotic microangiopathy；CTD:MAHA;CTD:TMA;CTD:TTP,2026-09-22,
DNAH11,Q96DT5,8701.0,318.20,(pending API key),,inferred:10.73,,,,yes,,GC:atypical hemolytic uremic syndrome/microangiopathic hemolytic anemia/thrombotic microangiopathy；CTD:MAHA;CTD:TMA,2026-09-22,
HYDIN,Q4G0P3,54768.0,287.62,(pending API key),,inferred:18.25,,,,yes,,GC:atypical hemolytic uremic syndrome/microangiopathic hemolytic anemia/thrombotic microangiopathy；CTD:MAHA;CTD:TMA;CTD:TTP,2026-09-22,
RSPH1,Q8WYR4,89765.0,287.45,(pending API key),,inferred:13.74,,,,yes,,GC:atypical hemolytic uremic syndrome/microangiopathic hemolytic anemia/thrombotic microangiopathy；CTD:MAHA;CTD:TMA;CTD:TTP,2026-09-22,
DNAAF11,Q86X45,23639.0,277.51,(pending API key),,inferred:16.00,,,,yes,,GC:atypical hemolytic uremic syndrome/microangiopathic hemolytic anemia/thrombotic microangiopathy；CTD:MAHA;CTD:TMA;CTD:TTP,2026-09-22,
DNAAF5,Q86Y56,54919.0,279.31,(pending API key),,inferred:18.93,,,,yes,,GC:atypical hemolytic uremic syndrome/microangiopathic hemolytic anemia/thrombotic microangiopathy；CTD:MAHA;CTD:TMA;CTD:TTP,2026-09-22,
NME8,Q8N427,51314.0,273.64,(pending API key),,inferred:9.51,,,,yes,,GC:atypical hemolytic uremic syndrome/microangiopathic hemolytic anemia/thrombotic microangiopathy；CTD:MAHA;CTD:TMA;CTD:TTP,2026-09-22,
ODAD2,Q5T2S8,55130.0,286.67,(pending API key),,inferred:11.96,,,,yes,,GC:atypical hemolytic uremic syndrome/microangiopathic hemolytic anemia/thrombotic microangiopathy；CTD:MAHA;CTD:TMA;CTD:TTP,2026-09-22,
ZMYND10,O75800,51364.0,283.41,(pending API key),,inferred:10.86,,,,yes,,GC:atypical hemolytic uremic syndrome/microangiopathic hemolytic anemia/thrombotic microangiopathy；CTD:MAHA,2026-09-22,
DNAAF1,Q8NEP3,123872.0,284.24,(pending API key),,inferred:22.87,,,,yes,,GC:atypical hemolytic uremic syndrome/microangiopathic hemolytic anemia/thrombotic microangiopathy；CTD:MAHA;CTD:TMA;CTD:TTP,2026-09-22,
DNAAF4,Q8WXU2,161582.0,278.57,(pending API key),,inferred:16.54,,,,yes,,GC:atypical hemolytic uremic syndrome/microangiopathic hemolytic anemia/thrombotic microangiopathy；CTD:MAHA;CTD:TMA;CTD:TTP,2026-09-22,
DNAI2,Q9GZS0,64446.0,275.79,(pending API key),,inferred:8.56,,,,yes,,GC:atypical hemolytic uremic syndrome/microangiopathic hemolytic anemia/thrombotic microangiopathy；CTD:MAHA,2026-09-22,
SPAG1,Q07617,6674.0,297.85,(pending API key),,inferred:26.61,,,,yes,,GC:atypical hemolytic uremic syndrome/microangiopathic hemolytic anemia/thrombotic microangiopathy；CTD:MAHA;CTD:TMA;CTD:TTP,2026-09-22,
CCDC40,Q4G0X9,55036.0,296.73,(pending API key),,inferred:9.05,,,,yes,,GC:atypical hemolytic uremic syndrome/microangiopathic hemolytic anemia/thrombotic microangiopathy；CTD:MAHA;CTD:TMA;CTD:TTP,2026-09-22,
CCNO,P22674,10309.0,290.61,(pending API key),,inferred:21.32,,,,yes,,GC:atypical hemolytic uremic syndrome/microangiopathic hemolytic anemia/thrombotic microangiopathy；CTD:MAHA;CTD:TMA;CTD:TTP,2026-09-22,
DNAL1,Q4LDG9,83544.0,277.23,(pending API key),,inferred:20.14,,,,yes,,GC:atypical hemolytic uremic syndrome/microangiopathic hemolytic anemia/thrombotic microangiopathy；CTD:MAHA;CTD:TMA;CTD:TTP,2026-09-22,
FCN1,O00602,2219.0,297.06,(pending API key),,inferred:5.50,,,,yes,,GC:atypical hemolytic uremic syndrome/microangiopathic hemolytic anemia/thrombotic microangiopathy；CTD:MAHA,2026-09-22,
FCN2,Q15485,2220.0,314.57,(pending API key),,inferred:10.78,,,,yes,,GC:atypical hemolytic uremic syndrome/microangiopathic hemolytic anemia/thrombotic microangiopathy；CTD:MAHA,2026-09-22,
DRC1,Q96MC2,92749.0,287.46,(pending API key),,inferred:4.93,,,,yes,,GC:atypical hemolytic uremic syndrome/microangiopathic hemolytic anemia/thrombotic microangiopathy；CTD:MAHA;CTD:TMA;CTD:TTP,2026-09-22,
RSPH4A,Q5TD94,345895.0,288.08,(pending API key),,inferred:8.47,,,,yes,,GC:atypical hemolytic uremic syndrome/microangiopathic hemolytic anemia/thrombotic microangiopathy；CTD:MAHA,2026-09-22,
DNAAF2,Q9NVR5,55172.0,282.80,(pending API key),,inferred:22.00,,,,yes,,GC:atypical hemolytic uremic syndrome/microangiopathic hemolytic anemia/thrombotic microangiopathy；CTD:MAHA;CTD:TMA;CTD:TTP,2026-09-22,
RSPH9,Q9H1X1,221421.0,277.59,(pending API key),,inferred:10.37,,,,yes,,GC:atypical hemolytic uremic syndrome/microangiopathic hemolytic anemia/thrombotic microangiopathy；CTD:MAHA;CTD:TMA;CTD:TTP,2026-09-22,
CCDC39,Q9UFE4,339829.0,302.21,(pending API key),,inferred:8.26,,,,yes,,GC:atypical hemolytic uremic syndrome/microangiopathic hemolytic anemia/thrombotic microangiopathy；CTD:MAHA,2026-09-22,
DNAAF3,Q8N9W5,352909.0,283.12,(pending API key),,inferred:15.35,,,,yes,,GC:atypical hemolytic uremic syndrome/microangiopathic hemolytic anemia/thrombotic microangiopathy；CTD:MAHA;CTD:TMA;CTD:TTP,2026-09-22,
ODAD1,Q96M63,93233.0,283.80,(pending API key),,inferred:2.00,,,,yes,,GC:atypical hemolytic uremic syndrome/microangiopathic hemolytic anemia/thrombotic microangiopathy；CTD:MAHA,2026-09-22,
DNAAF19,Q8IW40,388389.0,275.64,(pending API key),,inferred:12.53,,,,yes,,GC:atypical hemolytic uremic syndrome/microangiopathic hemolytic anemia/thrombotic microangiopathy；CTD:MAHA;CTD:TMA;CTD:TTP,2026-09-22,
DRC2,Q8IXS2,85478.0,278.56,(pending API key),,inferred:11.55,,,,yes,,GC:atypical hemolytic uremic syndrome/microangiopathic hemolytic anemia/thrombotic microangiopathy；CTD:MAHA;CTD:TMA;CTD:TTP,2026-09-22,
C5AR2,Q9P296,27202.0,321.92,(pending API key),,inferred:11.03,,,,yes,,GC:atypical hemolytic uremic syndrome/microangiopathic hemolytic anemia/thrombotic microangiopathy；CTD:MAHA;CTD:TMA;CTD:TTP,2026-09-22,
CD93,Q9NPY3,22918.0,300.55,(pending API key),,inferred:29.13,,,,yes,,GC:atypical hemolytic uremic syndrome/microangiopathic hemolytic anemia/thrombotic microangiopathy；CTD:MAHA;CTD:TMA;CTD:TTP,2026-09-22,
ADIPOR2,Q86V24,79602.0,319.99,(pending API key),,inferred:27.14,,,,yes,,GC:atypical hemolytic uremic syndrome/microangiopathic hemolytic anemia/thrombotic microangiopathy；CTD:MAHA;CTD:TMA;CTD:TTP,2026-09-22,
PTX3,P26022,5806.0,417.04,(pending API key),,inferred:33.55,,,,yes,,GC:atypical hemolytic uremic syndrome/microangiopathic hemolytic anemia/thrombotic microangiopathy；CTD:MAHA;CTD:TMA;CTD:TTP,2026-09-22,
LOC106099062,,106099062.0,440.16,0.40,,(pending manual export),,,,yes,,GC:atypical hemolytic uremic syndrome/microangiopathic hemolytic anemia/thrombotic microangiopathy,2026-09-22,
LOC107133510,,107133510.0,440.20,0.40,,(pending manual export),,,,yes,,GC:atypical hemolytic uremic syndrome/microangiopathic hemolytic anemia/thrombotic microangiopathy,2026-09-22,
LOC129932405,,129932405.0,515.58,0.40,,(pending manual export),,,,yes,,GC:atypical hemolytic uremic syndrome/microangiopathic hemolytic anemia/thrombotic microangiopathy,2026-09-22,
C17orf67,Q0P5P2,339210.0,295.52,(pending API key),,inferred:6.69,,,,yes,,GC:atypical hemolytic uremic syndrome/microangiopathic hemolytic anemia/thrombotic microangiopathy；CTD:MAHA,2026-09-22,
MTRR,Q9UBK8,4552.0,288.02,(pending API key),,inferred:29.89,,,,yes,,GC:atypical hemolytic uremic syndrome/microangiopathic hemolytic anemia/thrombotic microangiopathy；CTD:MAHA;CTD:TMA;CTD:TTP,2026-09-22,
ALB,P02768,213.0,249.70,0.40,,direct:marker/mechanism,,,,yes,,GC:atypical hemolytic uremic syndrome/microangiopathic hemolytic anemia/snakebite envenoming/thrombotic；CTD:MAHA;CTD:TMA;CTD:TTP,2026-09-22,
ENG,P17813,2022.0,188.60,(pending API key),,inferred:23.24,,,,yes,,GC:atypical hemolytic uremic syndrome/microangiopathic hemolytic anemia/thrombotic microangiopathy/thro；CTD:MAHA;CTD:TMA;CTD:TTP,2026-09-22,
KDR,P35968,3791.0,154.88,(pending API key),,inferred:42.32,,,,yes,,GC:atypical hemolytic uremic syndrome/thrombotic microangiopathy/thrombotic thrombocytopenic purpura；CTD:MAHA;CTD:TMA;CTD:TTP,2026-09-22,
BRAF,P15056,673.0,237.35,(pending API key),,inferred:41.19,,,,yes,,GC:atypical hemolytic uremic syndrome/thrombotic microangiopathy/thrombotic thrombocytopenic purpura；CTD:MAHA;CTD:TMA;CTD:TTP;CTD:aHUS,2026-09-22,
IFNA2,P01563,3440.0,241.87,(pending API key),,direct:marker/mechanism,,,,yes,,GC:atypical hemolytic uremic syndrome/microangiopathic hemolytic anemia/thrombotic microangiopathy/thro；CTD:MAHA;CTD:TMA;CTD:TTP;CTD:aHUS,2026-09-22,
PLAU,P00749,5328.0,193.15,(pending API key),,inferred:51.74,,,,yes,,GC:atypical hemolytic uremic syndrome/microangiopathic hemolytic anemia/thrombotic microangiopathy/thro；CTD:MAHA;CTD:TMA;CTD:TTP;CTD:aHUS,2026-09-22,
APOL1,O14791,8542.0,176.04,(pending API key),,inferred:18.17,,,,yes,,GC:atypical hemolytic uremic syndrome/microangiopathic hemolytic anemia/thrombotic microangiopathy；CTD:MAHA;CTD:TMA;CTD:TTP,2026-09-22,
EXOSC3,Q9NQT5,51010.0,204.84,(pending API key),,inferred:14.46,,,,yes,,GC:atypical hemolytic uremic syndrome/microangiopathic hemolytic anemia/thrombotic microangiopathy；CTD:MAHA;CTD:TMA;CTD:TTP,2026-09-22,
KLF4,O43474,9314.0,86.44,(pending API key),,inferred:57.19,,,,yes,,GC:atypical hemolytic uremic syndrome/microangiopathic hemolytic anemia/thrombotic microangiopathy；CTD:MAHA;CTD:TMA;CTD:TTP,2026-09-22,
CPB2,Q96IY4,1361.0,116.49,(pending API key),,inferred:22.77,,,,yes,,GC:atypical hemolytic uremic syndrome/microangiopathic hemolytic anemia/thrombotic microangiopathy/thro；CTD:MAHA;CTD:TMA;CTD:TTP,2026-09-22,
THSD7A,Q9UPZ6,221981.0,91.94,(pending API key),,inferred:24.10,,,,yes,,GC:atypical hemolytic uremic syndrome/microangiopathic hemolytic anemia/thrombotic microangiopathy；CTD:MAHA;CTD:TMA;CTD:TTP,2026-09-22,
PGF,P49763,5228.0,131.03,(pending API key),,inferred:39.18,,,,yes,,GC:atypical hemolytic uremic syndrome/microangiopathic hemolytic anemia/thrombotic microangiopathy/thro；CTD:MAHA;CTD:TMA;CTD:TTP,2026-09-22,
PRDX1,Q06830,5052.0,150.00,(pending API key),yes,inferred:51.06,,,,yes,,GC:atypical hemolytic uremic syndrome/microangiopathic hemolytic anemia/thrombotic microangiopathy；CTD:MAHA;CTD:TMA;CTD:TTP；OMIM,2026-09-22,
ZNFX1,Q9P2E3,57169.0,89.24,(pending API key),,inferred:20.70,,,,yes,,GC:atypical hemolytic uremic syndrome/thrombotic microangiopathy；CTD:MAHA;CTD:TMA;CTD:TTP,2026-09-22,
VEGFC,P49767,7424.0,2.16,(pending API key),,inferred:30.29,,,,yes,,GC:thrombotic microangiopathy；CTD:MAHA;CTD:TMA;CTD:TTP,2026-09-22,
PDGFA,P04085,5154.0,2.16,(pending API key),,inferred:57.53,,,,yes,,GC:thrombotic microangiopathy；CTD:MAHA;CTD:TMA;CTD:TTP,2026-09-22,
CD40,P25942,958.0,422.42,(pending API key),,inferred:42.81,,,,yes,,GC:atypical hemolytic uremic syndrome/microangiopathic hemolytic anemia/thrombotic microangiopathy/thro；CTD:MAHA;CTD:TMA;CTD:TTP;CTD:aHUS,2026-09-22,
LMBRD1,Q9NUN5,55788.0,203.88,(pending API key),,inferred:29.27,,,,yes,,GC:atypical hemolytic uremic syndrome/microangiopathic hemolytic anemia/thrombotic microangiopathy；CTD:MAHA;CTD:TMA;CTD:TTP,2026-09-22,
MMADHC,Q9H3L0,27249.0,200.00,(pending API key),,inferred:14.61,,,,yes,,GC:atypical hemolytic uremic syndrome/microangiopathic hemolytic anemia/thrombotic microangiopathy；CTD:MAHA;CTD:TMA,2026-09-22,
PLAUR,Q03405,5329.0,55.21,(pending API key),,inferred:38.06,,,,yes,,GC:atypical hemolytic uremic syndrome/thrombotic microangiopathy/thrombotic thrombocytopenic purpura；CTD:MAHA;CTD:TMA;CTD:TTP,2026-09-22,
CHRNA4,P43681,1137.0,96.03,(pending API key),,inferred:19.70,,,,yes,,GC:atypical hemolytic uremic syndrome/thrombotic microangiopathy/thrombotic thrombocytopenic purpura；CTD:MAHA;CTD:TMA;CTD:TTP;CTD:snakebite,2026-09-22,
CHRNA1,P02708,1134.0,108.05,(pending API key),,inferred:10.67,,,,yes,,GC:atypical hemolytic uremic syndrome/thrombotic microangiopathy/thrombotic thrombocytopenic purpura；CTD:MAHA;CTD:TMA;CTD:snakebite,2026-09-22,
CHRNA3,P32297,1136.0,67.07,(pending API key),,inferred:17.56,,,,yes,,GC:atypical hemolytic uremic syndrome/thrombotic microangiopathy/thrombotic thrombocytopenic purpura；CTD:MAHA;CTD:TMA;CTD:TTP,2026-09-22,
CHRNE,Q04844,1145.0,121.42,(pending API key),,inferred:35.90,,,,yes,,GC:atypical hemolytic uremic syndrome/thrombotic microangiopathy/thrombotic thrombocytopenic purpura；CTD:MAHA;CTD:TMA;CTD:TTP,2026-09-22,
CHRNA7,P36544,1139.0,129.82,(pending API key),,inferred:15.16,,,,yes,,GC:atypical hemolytic uremic syndrome/thrombotic microangiopathy/thrombotic thrombocytopenic purpura；CTD:MAHA;CTD:TMA;CTD:TTP;CTD:snakebite,2026-09-22,
CHRNB1,P11230,1140.0,113.46,(pending API key),,inferred:13.20,,,,yes,,GC:atypical hemolytic uremic syndrome/thrombotic microangiopathy/thrombotic thrombocytopenic purpura；CTD:MAHA;CTD:TMA;CTD:TTP;CTD:snakebite,2026-09-22,
CHRNA5,P30532,1138.0,64.83,(pending API key),,inferred:9.21,,,,yes,,GC:atypical hemolytic uremic syndrome/thrombotic microangiopathy/thrombotic thrombocytopenic purpura；CTD:MAHA;CTD:TMA;CTD:TTP,2026-09-22,
CHRNA6,Q15825,8973.0,49.65,(pending API key),,inferred:4.83,,,,yes,,GC:atypical hemolytic uremic syndrome/thrombotic microangiopathy/thrombotic thrombocytopenic purpura；CTD:MAHA,2026-09-22,
MTHFR,P42898,4524.0,234.25,(pending API key),,inferred:28.98,,,,yes,,GC:atypical hemolytic uremic syndrome/microangiopathic hemolytic anemia/thrombotic microangiopathy/thro；CTD:MAHA;CTD:TMA;CTD:TTP,2026-09-22,
LINC02605,,112935892.0,153.57,(pending API key),,inferred:3.72,,,,yes,,GC:atypical hemolytic uremic syndrome/microangiopathic hemolytic anemia/thrombotic microangiopathy/thro；CTD:MAHA;CTD:TMA,2026-09-22,
CALCA,P01258,796.0,147.25,(pending API key),,inferred:42.52,,,,yes,,GC:atypical hemolytic uremic syndrome/microangiopathic hemolytic anemia/thrombotic microangiopathy/thro；CTD:MAHA;CTD:TMA;CTD:TTP,2026-09-22,
ELANE,P08246,1991.0,187.50,(pending API key),,inferred:20.97,,,,yes,,GC:atypical hemolytic uremic syndrome/microangiopathic hemolytic anemia/thrombotic microangiopathy/thro；CTD:MAHA;CTD:TMA;CTD:TTP,2026-09-22,
ERBB2,P04626,2064.0,64.54,(pending API key),,inferred:61.49,,,,yes,,GC:thrombotic microangiopathy/thrombotic thrombocytopenic purpura；CTD:MAHA;CTD:TMA;CTD:TTP,2026-09-22,
SOS2,Q07890,6655.0,1.78,(pending API key),,inferred:19.92,,,,yes,,GC:thrombotic microangiopathy；CTD:MAHA;CTD:TMA,2026-09-22,
CBLC,Q9ULV8,23624.0,115.37,(pending API key),,inferred:6.96,,,,yes,,GC:atypical hemolytic uremic syndrome/thrombotic microangiopathy；CTD:MAHA,2026-09-22,
PLVAP,Q9BX97,83483.0,1.78,(pending API key),,inferred:20.06,,,,yes,,GC:thrombotic microangiopathy；CTD:MAHA;CTD:TMA,2026-09-22,
KLF2,Q9Y5W3,10365.0,98.17,(pending API key),,inferred:41.96,,,,yes,,GC:atypical hemolytic uremic syndrome/thrombotic microangiopathy；CTD:MAHA;CTD:TMA;CTD:TTP,2026-09-22,
APOE,P02649,348.0,206.31,(pending API key),,inferred:61.72,,,,yes,,GC:atypical hemolytic uremic syndrome/microangiopathic hemolytic anemia/thrombotic microangiopathy；CTD:MAHA;CTD:TMA;CTD:TTP,2026-09-22,
MMP2,P08253,4313.0,125.24,(pending API key),,inferred:71.47,,,,yes,,GC:atypical hemolytic uremic syndrome/microangiopathic hemolytic anemia/thrombotic microangiopathy/thro；CTD:MAHA;CTD:TMA;CTD:TTP,2026-09-22,
STK11,Q15831,6794.0,1.66,(pending API key),,inferred:26.28,,,,yes,,GC:thrombotic microangiopathy；CTD:MAHA;CTD:TMA;CTD:TTP,2026-09-22,
STING1,Q86WV6,340061.0,37.60,(pending API key),,inferred:11.42,,,,yes,,GC:microangiopathic hemolytic anemia/thrombotic microangiopathy；CTD:MAHA;CTD:TMA;CTD:TTP,2026-09-22,
IFIH1,Q9BYX4,64135.0,103.49,(pending API key),,inferred:50.34,,,,yes,,GC:microangiopathic hemolytic anemia/thrombotic microangiopathy/thrombotic thrombocytopenic purpura；CTD:MAHA;CTD:TMA;CTD:TTP,2026-09-22,
NOS2,P35228,4843.0,143.60,(pending API key),,inferred:85.68,,,,yes,,GC:atypical hemolytic uremic syndrome/microangiopathic hemolytic anemia/thrombotic microangiopathy；CTD:MAHA;CTD:TMA;CTD:TTP,2026-09-22,
HIF1A,Q16665,3091.0,140.73,(pending API key),,inferred:96.90,,,,yes,,GC:atypical hemolytic uremic syndrome/microangiopathic hemolytic anemia/thrombotic microangiopathy/thro；CTD:MAHA;CTD:TMA;CTD:TTP;CTD:aHUS,2026-09-22,
PIK3CB,P42338,5291.0,1.66,(pending API key),,inferred:23.61,,,,yes,,GC:thrombotic microangiopathy；CTD:MAHA;CTD:TMA;CTD:TTP,2026-09-22,
ITGA8,P53708,8516.0,1.66,(pending API key),,inferred:21.37,,,,yes,,GC:thrombotic microangiopathy；CTD:MAHA;CTD:TMA;CTD:TTP,2026-09-22,
GP6,Q9HCN6,51206.0,103.74,(pending API key),,inferred:9.10,,,,yes,,GC:thrombotic microangiopathy/thrombotic thrombocytopenic purpura；CTD:MAHA;CTD:TMA,2026-09-22,
EXOSC5,Q9NQT4,56915.0,1.66,(pending API key),,inferred:23.57,,,,yes,,GC:thrombotic microangiopathy；CTD:MAHA;CTD:TMA;CTD:TTP,2026-09-22,
SYNPO,Q8N3V7,11346.0,68.92,(pending API key),,inferred:38.44,,,,yes,,GC:atypical hemolytic uremic syndrome/thrombotic microangiopathy；CTD:MAHA;CTD:TMA;CTD:TTP,2026-09-22,
TRA-TGC7-1,,7154.0,62.06,(pending API key),,(pending manual export),,,,yes,,GC:atypical hemolytic uremic syndrome/thrombotic microangiopathy/thrombotic thrombocytopenic purpura,2026-09-22,
NF1P6,,644637.0,1.66,(pending API key),,(pending manual export),,,,yes,,GC:thrombotic microangiopathy,2026-09-22,
ERVW-4,,100616496.0,40.78,(pending API key),,(pending manual export),,,,yes,,GC:atypical hemolytic uremic syndrome/thrombotic microangiopathy/thrombotic thrombocytopenic purpura,2026-09-22,
PGR-AS1,,101054525.0,35.06,(pending API key),,(pending manual export),,,,yes,,GC:thrombotic microangiopathy/thrombotic thrombocytopenic purpura,2026-09-22,
APOH,P02749,350.0,147.35,(pending API key),,inferred:37.15,,,,yes,,GC:atypical hemolytic uremic syndrome/microangiopathic hemolytic anemia/thrombotic microangiopathy/thro；CTD:MAHA;CTD:TMA;CTD:TTP;CTD:aHUS,2026-09-22,
TFPI,P10646,7035.0,171.33,0.40,,direct:marker/mechanism,,,,yes,,GC:atypical hemolytic uremic syndrome/microangiopathic hemolytic anemia/thrombotic microangiopathy/thro；CTD:MAHA;CTD:TMA;CTD:TTP,2026-09-22,
MAGT1,Q9H0U3,84061.0,328.52,(pending API key),,inferred:21.51,,,,yes,,GC:atypical hemolytic uremic syndrome/microangiopathic hemolytic anemia/thrombotic microangiopathy/thro；CTD:MAHA;CTD:TMA;CTD:TTP,2026-09-22,
POLR1C,O15160,9533.0,105.56,(pending API key),,inferred:16.12,,,,yes,,GC:atypical hemolytic uremic syndrome/microangiopathic hemolytic anemia/thrombotic microangiopathy；CTD:MAHA;CTD:TMA;CTD:TTP,2026-09-22,
MMAB,Q96EY8,326625.0,154.90,(pending API key),,inferred:30.50,,,,yes,,GC:atypical hemolytic uremic syndrome/microangiopathic hemolytic anemia/thrombotic microangiopathy；CTD:MAHA;CTD:TMA;CTD:TTP,2026-09-22,
SOX17,Q9H6I2,64321.0,1.40,(pending API key),,inferred:39.10,,,,yes,,GC:thrombotic microangiopathy；CTD:MAHA;CTD:TMA;CTD:TTP,2026-09-22,
MMAA,Q8IVH4,166785.0,152.24,(pending API key),,inferred:18.81,,,,yes,,GC:atypical hemolytic uremic syndrome/microangiopathic hemolytic anemia/thrombotic microangiopathy；CTD:MAHA;CTD:TMA;CTD:TTP,2026-09-22,
CCBE1,Q6UXH8,147372.0,1.40,(pending API key),,inferred:22.84,,,,yes,,GC:thrombotic microangiopathy；CTD:MAHA;CTD:TMA;CTD:TTP,2026-09-22,
VTI1B,Q9UEU0,10490.0,67.68,(pending API key),,inferred:18.34,,,,yes,,GC:atypical hemolytic uremic syndrome/microangiopathic hemolytic anemia/thrombotic microangiopathy；CTD:MAHA;CTD:TMA;CTD:TTP,2026-09-22,
MTMR3,Q13615,8897.0,66.61,(pending API key),,inferred:11.20,,,,yes,,GC:atypical hemolytic uremic syndrome/microangiopathic hemolytic anemia/thrombotic microangiopathy；CTD:MAHA;CTD:TMA;CTD:TTP,2026-09-22,
SOX8,P57073,30812.0,1.40,(pending API key),,inferred:27.94,,,,yes,,GC:thrombotic microangiopathy；CTD:MAHA;CTD:TMA;CTD:TTP,2026-09-22,
SOX3,P41225,6658.0,1.40,(pending API key),,inferred:10.91,,,,yes,,GC:thrombotic microangiopathy；CTD:MAHA;CTD:TMA;CTD:TTP,2026-09-22,
PLD6,Q8N2A8,201164.0,61.65,(pending API key),,inferred:15.08,,,,yes,,GC:atypical hemolytic uremic syndrome/microangiopathic hemolytic anemia/thrombotic microangiopathy；CTD:MAHA;CTD:TMA;CTD:TTP,2026-09-22,
SOX7,Q9BT81,83595.0,1.40,(pending API key),,inferred:24.48,,,,yes,,GC:thrombotic microangiopathy；CTD:MAHA;CTD:TMA;CTD:TTP,2026-09-22,
DGKK,Q5KSL6,139189.0,60.89,(pending API key),,inferred:5.24,,,,yes,,GC:atypical hemolytic uremic syndrome/microangiopathic hemolytic anemia/thrombotic microangiopathy；CTD:MAHA,2026-09-22,
MBOAT2,Q6ZWT7,129642.0,61.64,(pending API key),,inferred:17.75,,,,yes,,GC:atypical hemolytic uremic syndrome/microangiopathic hemolytic anemia/thrombotic microangiopathy；CTD:MAHA;CTD:TMA;CTD:TTP,2026-09-22,
SMPDL3B,Q92485,27293.0,68.06,(pending API key),,inferred:23.24,,,,yes,,GC:atypical hemolytic uremic syndrome/microangiopathic hemolytic anemia/thrombotic microangiopathy；CTD:MAHA;CTD:TMA;CTD:TTP,2026-09-22,
SOX30,O94993,11063.0,1.40,(pending API key),,inferred:9.86,,,,yes,,GC:thrombotic microangiopathy；CTD:MAHA;CTD:TMA;CTD:TTP,2026-09-22,
XPO7,Q9UIA9,23039.0,117.11,(pending API key),,inferred:28.58,,,,yes,,GC:atypical hemolytic uremic syndrome/microangiopathic hemolytic anemia/thrombotic microangiopathy；CTD:MAHA;CTD:TMA;CTD:TTP,2026-09-22,
HORMAD2,Q8N7B1,150280.0,61.94,(pending API key),,inferred:2.85,,,,yes,,GC:atypical hemolytic uremic syndrome/microangiopathic hemolytic anemia/thrombotic microangiopathy；CTD:MAHA;CTD:TMA,2026-09-22,
SOX14,O95416,8403.0,1.40,(pending API key),,inferred:5.06,,,,yes,,GC:thrombotic microangiopathy；CTD:MAHA;CTD:TMA;CTD:TTP,2026-09-22,
TAMM41,Q96BW9,132001.0,62.50,(pending API key),,inferred:15.35,,,,yes,,GC:atypical hemolytic uremic syndrome/microangiopathic hemolytic anemia/thrombotic microangiopathy；CTD:MAHA;CTD:TMA,2026-09-22,
PLD5,Q8N7P1,200150.0,58.45,(pending API key),,inferred:11.08,,,,yes,,GC:atypical hemolytic uremic syndrome/microangiopathic hemolytic anemia/thrombotic microangiopathy；CTD:MAHA;CTD:TMA;CTD:TTP,2026-09-22,
CCDC163,A0A0D9SF12,126661.0,20.82,(pending API key),,inferred:12.36,,,,yes,,GC:atypical hemolytic uremic syndrome/microangiopathic hemolytic anemia/thrombotic microangiopathy；CTD:MAHA;CTD:TMA;CTD:TTP,2026-09-22,
EGFR,P00533,1956.0,143.96,(pending API key),,inferred:106.20,,,,yes,,GC:atypical hemolytic uremic syndrome/microangiopathic hemolytic anemia/thrombotic microangiopathy/thro；CTD:MAHA;CTD:TMA;CTD:TTP;CTD:aHUS,2026-09-22,
ASXL1,Q8IXJ9,171023.0,1.40,(pending API key),,inferred:20.96,,,,yes,,GC:thrombotic microangiopathy；CTD:MAHA;CTD:TMA,2026-09-22,
GLA,P06280,2717.0,244.48,(pending API key),,inferred:45.37,,,,yes,,GC:atypical hemolytic uremic syndrome/microangiopathic hemolytic anemia/thrombotic microangiopathy；CTD:MAHA;CTD:TMA;CTD:TTP,2026-09-22,
ANXA2,P07355,302.0,114.79,(pending API key),,inferred:46.94,,,,yes,,GC:atypical hemolytic uremic syndrome/microangiopathic hemolytic anemia/thrombotic microangiopathy；CTD:MAHA;CTD:TMA;CTD:TTP,2026-09-22,
CCL2,P13500,6347.0,181.02,(pending API key),,inferred:114.50,,,,yes,,GC:atypical hemolytic uremic syndrome/microangiopathic hemolytic anemia/snakebite envenoming/thrombotic；CTD:MAHA;CTD:TMA;CTD:TTP;CTD:aHUS,2026-09-22,
F2R,P25116,2149.0,125.54,(pending API key),,inferred:50.33,,,,yes,,GC:atypical hemolytic uremic syndrome/microangiopathic hemolytic anemia/thrombotic microangiopathy；CTD:MAHA;CTD:TMA;CTD:TTP,2026-09-22,
TNFRSF13B,O14836,23495.0,187.64,(pending API key),,inferred:6.53,,,,yes,,GC:atypical hemolytic uremic syndrome/microangiopathic hemolytic anemia/thrombotic microangiopathy/thro；CTD:MAHA;CTD:TMA;CTD:TTP,2026-09-22,
RPS4X,P62701,6191.0,154.46,(pending API key),,inferred:15.83,,,,yes,,GC:atypical hemolytic uremic syndrome/microangiopathic hemolytic anemia/thrombotic microangiopathy；CTD:MAHA;CTD:TMA;CTD:TTP,2026-09-22,
CST3,P01034,1471.0,165.14,(pending API key),,inferred:57.97,,,,yes,,GC:atypical hemolytic uremic syndrome/microangiopathic hemolytic anemia/snakebite envenoming/thrombotic；CTD:MAHA;CTD:TMA;CTD:TTP,2026-09-22,
ANGPT1,Q15389,284.0,114.89,(pending API key),,inferred:36.88,,,,yes,,GC:atypical hemolytic uremic syndrome/snakebite envenoming/thrombotic microangiopathy；CTD:MAHA;CTD:TMA;CTD:TTP,2026-09-22,
ROS1,P08922,6098.0,60.52,(pending API key),,inferred:14.11,,,,yes,,GC:thrombotic microangiopathy/thrombotic thrombocytopenic purpura；CTD:MAHA;CTD:TMA;CTD:TTP,2026-09-22,
ANGPT2,O15123,285.0,152.86,(pending API key),,inferred:23.48,,,,yes,,GC:atypical hemolytic uremic syndrome/thrombotic microangiopathy；CTD:MAHA;CTD:TMA;CTD:TTP,2026-09-22,
ADA,P00813,100.0,530.72,(pending API key),,inferred:37.35,,,,yes,,GC:atypical hemolytic uremic syndrome/microangiopathic hemolytic anemia/thrombotic microangiopathy/thro；CTD:MAHA;CTD:TMA;CTD:TTP;CTD:snakebite,2026-09-22,
RNU7-1,,100147744.0,1.30,(pending API key),,(pending manual export),,,,no (wide set),,GC:thrombotic microangiopathy,2026-09-22,
LOC129930446,,129930446.0,133.38,(pending API key),,(pending manual export),,,,yes,,GC:atypical hemolytic uremic syndrome/microangiopathic hemolytic anemia/thrombotic microangiopathy,2026-09-22,
COG1,Q8WTW3,9382.0,174.73,(pending API key),,inferred:18.52,,,,yes,,GC:atypical hemolytic uremic syndrome/thrombotic microangiopathy；CTD:MAHA;CTD:TMA;CTD:TTP,2026-09-22,
TMEM165,Q9HC07,55858.0,148.42,(pending API key),,inferred:25.61,,,,yes,,GC:atypical hemolytic uremic syndrome/thrombotic microangiopathy；CTD:MAHA;CTD:TMA;CTD:TTP,2026-09-22,
PPM1D,O15297,8493.0,1.10,(pending API key),,inferred:34.18,,,,no (wide set),,GC:thrombotic microangiopathy；CTD:MAHA;CTD:TMA;CTD:TTP,2026-09-22,
ANXA5,P08758,308.0,94.70,(pending API key),,inferred:48.73,,,,yes,,GC:atypical hemolytic uremic syndrome/microangiopathic hemolytic anemia/snakebite envenoming/thrombotic；CTD:MAHA;CTD:TMA;CTD:TTP,2026-09-22,
PFKFB4,Q16877,5210.0,1.10,(pending API key),,inferred:38.81,,,,no (wide set),,GC:thrombotic microangiopathy；CTD:MAHA;CTD:TMA;CTD:TTP,2026-09-22,
CCNL2,Q96S94,81669.0,104.45,(pending API key),,inferred:19.91,,,,no (wide set),,GC:atypical hemolytic uremic syndrome/microangiopathic hemolytic anemia/thrombotic microangiopathy；CTD:MAHA;CTD:TMA;CTD:TTP,2026-09-22,
CRLS1,Q9UJA2,54675.0,1.10,(pending API key),,inferred:20.22,,,,no (wide set),,GC:thrombotic microangiopathy；CTD:MAHA;CTD:TMA;CTD:TTP,2026-09-22,
VASH1,Q7L8A9,22846.0,1.10,(pending API key),,inferred:24.01,,,,no (wide set),,GC:thrombotic microangiopathy；CTD:MAHA;CTD:TMA;CTD:TTP,2026-09-22,
MIR518F,,574472.0,1.10,(pending API key),,(pending manual export),,,,no (wide set),,GC:thrombotic microangiopathy,2026-09-22,
LINC01672,,100505887.0,147.65,(pending API key),,(pending manual export),,,,yes,,GC:atypical hemolytic uremic syndrome/microangiopathic hemolytic anemia/thrombotic microangiopathy/thro,2026-09-22,
TRV-AAC1-4,,7239.0,1.10,(pending API key),,(pending manual export),,,,no (wide set),,GC:thrombotic microangiopathy,2026-09-22,
AP2M1,Q96CW1,1173.0,127.39,(pending API key),,inferred:30.02,,,,yes,,GC:atypical hemolytic uremic syndrome/microangiopathic hemolytic anemia/thrombotic microangiopathy；CTD:MAHA;CTD:TMA;CTD:TTP,2026-09-22,
MLH1,P40692,4292.0,241.39,(pending API key),,inferred:34.60,,,,yes,,GC:atypical hemolytic uremic syndrome/microangiopathic hemolytic anemia/thrombotic microangiopathy；CTD:MAHA;CTD:TMA;CTD:TTP,2026-09-22,
MSH2,P43246,4436.0,237.10,(pending API key),,inferred:49.58,,,,yes,,GC:atypical hemolytic uremic syndrome/microangiopathic hemolytic anemia/thrombotic microangiopathy；CTD:MAHA;CTD:TMA;CTD:TTP,2026-09-22,
MTHFD1,P11586,4522.0,243.55,(pending API key),,inferred:26.67,,,,yes,,GC:atypical hemolytic uremic syndrome/microangiopathic hemolytic anemia/thrombotic microangiopathy；CTD:MAHA;CTD:TMA;CTD:TTP,2026-09-22,
BMP1,P13497,649.0,127.30,(pending API key),,inferred:29.04,,,,yes,,GC:atypical hemolytic uremic syndrome/microangiopathic hemolytic anemia/thrombotic microangiopathy；CTD:MAHA;CTD:TMA;CTD:TTP,2026-09-22,
ACVRL1,P37023,94.0,161.57,(pending API key),,inferred:9.09,,,,yes,,GC:microangiopathic hemolytic anemia/thrombotic microangiopathy/thrombotic thrombocytopenic purpura；CTD:MAHA;CTD:TMA;CTD:TTP,2026-09-22,
KLKB1,P03952,3818.0,106.05,(pending API key),,inferred:21.50,,,,no (wide set),,GC:atypical hemolytic uremic syndrome/microangiopathic hemolytic anemia/thrombotic microangiopathy；CTD:MAHA;CTD:TMA;CTD:TTP,2026-09-22,
CUBN,O60494,8029.0,191.54,(pending API key),,inferred:24.38,,,,yes,,GC:atypical hemolytic uremic syndrome/microangiopathic hemolytic anemia/thrombotic microangiopathy；CTD:MAHA;CTD:TMA;CTD:TTP,2026-09-22,
KNG1,P01042,3827.0,103.66,(pending API key),,inferred:33.99,,,,no (wide set),,GC:atypical hemolytic uremic syndrome/microangiopathic hemolytic anemia/thrombotic microangiopathy；CTD:MAHA;CTD:TMA;CTD:TTP,2026-09-22,
MUSK,O15146,4593.0,152.94,(pending API key),,inferred:16.46,,,,yes,,GC:atypical hemolytic uremic syndrome/microangiopathic hemolytic anemia/thrombotic microangiopathy/thro；CTD:MAHA;CTD:TMA;CTD:TTP,2026-09-22,
SMAD9,O15198,4093.0,139.80,(pending API key),,inferred:33.17,,,,yes,,GC:atypical hemolytic uremic syndrome/microangiopathic hemolytic anemia/thrombotic microangiopathy；CTD:MAHA;CTD:TMA;CTD:TTP,2026-09-22,
DIABLO,Q9NR28,56616.0,109.57,(pending API key),,inferred:37.28,,,,no (wide set),,GC:atypical hemolytic uremic syndrome/microangiopathic hemolytic anemia/thrombotic microangiopathy；CTD:MAHA;CTD:TMA;CTD:TTP,2026-09-22,
MPO,P05164,4353.0,121.39,(pending API key),,inferred:150.80,,,,yes,,GC:atypical hemolytic uremic syndrome/microangiopathic hemolytic anemia/thrombotic microangiopathy/thro；CTD:MAHA;CTD:TMA;CTD:TTP;CTD:aHUS,2026-09-22,
PXDN,Q92626,7837.0,101.20,(pending API key),,inferred:18.21,,,,no (wide set),,GC:atypical hemolytic uremic syndrome/microangiopathic hemolytic anemia/thrombotic microangiopathy；CTD:MAHA;CTD:TMA;CTD:TTP,2026-09-22,
CTSL,P07711,1514.0,103.13,(pending API key),,inferred:66.23,,,,no (wide set),,GC:atypical hemolytic uremic syndrome/microangiopathic hemolytic anemia/thrombotic microangiopathy/thro；CTD:MAHA;CTD:TMA;CTD:TTP,2026-09-22,
EXT1,Q16394,2131.0,143.70,(pending API key),,inferred:29.65,,,,yes,,GC:atypical hemolytic uremic syndrome/microangiopathic hemolytic anemia/snakebite envenoming/thrombotic；CTD:MAHA;CTD:TMA;CTD:TTP,2026-09-22,
ACE2,Q9BYF1,59272.0,146.40,(pending API key),,inferred:117.87,,,,yes,,GC:atypical hemolytic uremic syndrome/microangiopathic hemolytic anemia/thrombotic microangiopathy/thro；CTD:MAHA;CTD:TMA;CTD:TTP,2026-09-22,
CXCL8,P10145,3576.0,172.13,(pending API key),,inferred:141.62,,,,yes,,GC:atypical hemolytic uremic syndrome/microangiopathic hemolytic anemia/thrombotic microangiopathy/thro；CTD:MAHA;CTD:TMA;CTD:TTP;CTD:aHUS,2026-09-22,
RAPGEF1,Q13905,2889.0,82.06,(pending API key),,inferred:21.70,,,,no (wide set),,GC:atypical hemolytic uremic syndrome/microangiopathic hemolytic anemia/thrombotic microangiopathy；CTD:MAHA;CTD:TMA;CTD:TTP,2026-09-22,
SERPINF2,P08697,5345.0,115.92,(pending API key),,inferred:37.04,,,,yes,,GC:atypical hemolytic uremic syndrome/microangiopathic hemolytic anemia/thrombotic microangiopathy/thro；CTD:MAHA;CTD:TMA;CTD:TTP,2026-09-22,
MUC5B,Q9HC84,727897.0,96.12,(pending API key),,inferred:6.27,,,,no (wide set),,GC:atypical hemolytic uremic syndrome/microangiopathic hemolytic anemia/thrombotic microangiopathy；CTD:MAHA;CTD:TMA;CTD:TTP,2026-09-22,
PRTN3,P24158,5657.0,107.78,(pending API key),,inferred:36.28,,,,no (wide set),,GC:atypical hemolytic uremic syndrome/microangiopathic hemolytic anemia/thrombotic microangiopathy；CTD:MAHA;CTD:TMA;CTD:TTP,2026-09-22,
GPT2,Q8TD30,84706.0,117.33,(pending API key),,inferred:48.72,,,,yes,,GC:atypical hemolytic uremic syndrome/microangiopathic hemolytic anemia/thrombotic microangiopathy；CTD:MAHA;CTD:TMA;CTD:TTP,2026-09-22,
AGBL5,Q8NDL9,60509.0,96.40,(pending API key),,inferred:13.90,,,,no (wide set),,GC:atypical hemolytic uremic syndrome/microangiopathic hemolytic anemia/thrombotic microangiopathy；CTD:MAHA;CTD:TMA;CTD:TTP,2026-09-22,
ANAPC5,Q9UJX4,51433.0,72.55,(pending API key),,inferred:17.36,,,,no (wide set),,GC:atypical hemolytic uremic syndrome/microangiopathic hemolytic anemia/thrombotic microangiopathy；CTD:MAHA;CTD:TMA;CTD:TTP,2026-09-22,
ESPN,B1AK53,83715.0,108.37,(pending API key),,inferred:23.00,,,,no (wide set),,GC:atypical hemolytic uremic syndrome/microangiopathic hemolytic anemia/thrombotic microangiopathy；CTD:MAHA;CTD:TMA;CTD:TTP,2026-09-22,
IFNB1,P01574,3456.0,122.89,(pending API key),,inferred:15.88,,,,yes,,GC:atypical hemolytic uremic syndrome/microangiopathic hemolytic anemia/thrombotic microangiopathy；CTD:MAHA;CTD:TMA;CTD:TTP,2026-09-22,
MYOM2,P54296,9172.0,85.25,(pending API key),,inferred:16.85,,,,no (wide set),,GC:atypical hemolytic uremic syndrome/microangiopathic hemolytic anemia/thrombotic microangiopathy；CTD:MAHA;CTD:TMA,2026-09-22,
PRSS2,P07478,5645.0,98.90,(pending API key),,inferred:10.55,,,,no (wide set),,GC:atypical hemolytic uremic syndrome/microangiopathic hemolytic anemia/thrombotic microangiopathy；CTD:MAHA;CTD:TMA;CTD:TTP,2026-09-22,
FCGR3B,O75015,2215.0,150.16,(pending API key),,inferred:3.51,,,,yes,,GC:atypical hemolytic uremic syndrome/microangiopathic hemolytic anemia/thrombotic microangiopathy/thro；CTD:MAHA;CTD:TMA;CTD:TTP,2026-09-22,
GPT,P24298,2875.0,103.23,(pending API key),,inferred:117.16,,,,no (wide set),,GC:atypical hemolytic uremic syndrome/microangiopathic hemolytic anemia/thrombotic microangiopathy/veno；CTD:MAHA;CTD:TMA;CTD:TTP;CTD:aHUS;CTD:snakebite,2026-09-22,
ST3GAL1,Q11201,6482.0,76.48,(pending API key),,inferred:35.39,,,,no (wide set),,GC:atypical hemolytic uremic syndrome/microangiopathic hemolytic anemia/thrombotic microangiopathy；CTD:MAHA;CTD:TMA;CTD:TTP,2026-09-22,
PXDNL,A1KZ92,137902.0,82.60,(pending API key),,inferred:10.82,,,,no (wide set),,GC:atypical hemolytic uremic syndrome/microangiopathic hemolytic anemia/thrombotic microangiopathy；CTD:MAHA,2026-09-22,
ST8SIA2,Q92186,8128.0,105.07,(pending API key),,inferred:37.66,,,,no (wide set),,GC:atypical hemolytic uremic syndrome/microangiopathic hemolytic anemia/thrombotic microangiopathy；CTD:MAHA;CTD:TMA;CTD:TTP,2026-09-22,
FMOD,Q06828,2331.0,72.11,(pending API key),,inferred:38.14,,,,no (wide set),,GC:atypical hemolytic uremic syndrome/microangiopathic hemolytic anemia/thrombotic microangiopathy；CTD:MAHA;CTD:TMA;CTD:TTP,2026-09-22,
SELPLG,Q14242,6404.0,93.55,(pending API key),,inferred:15.39,,,,no (wide set),,GC:atypical hemolytic uremic syndrome/microangiopathic hemolytic anemia/thrombotic microangiopathy/thro；CTD:MAHA;CTD:TMA;CTD:TTP,2026-09-22,
COLEC10,Q9Y6Z7,10584.0,115.06,(pending API key),,inferred:4.84,,,,yes,,GC:atypical hemolytic uremic syndrome/microangiopathic hemolytic anemia/thrombotic microangiopathy；CTD:MAHA,2026-09-22,
LPCAT3,Q6P1A2,10162.0,72.36,(pending API key),,inferred:29.13,,,,no (wide set),,GC:atypical hemolytic uremic syndrome/microangiopathic hemolytic anemia/thrombotic microangiopathy；CTD:MAHA;CTD:TMA;CTD:TTP,2026-09-22,
MVB12A,Q96EY5,93343.0,82.46,(pending API key),,inferred:11.45,,,,no (wide set),,GC:atypical hemolytic uremic syndrome/microangiopathic hemolytic anemia/thrombotic microangiopathy；CTD:MAHA,2026-09-22,
ADAMTSL1,Q8N6G6,92949.0,95.64,(pending API key),,inferred:13.98,,,,yes,,GC:microangiopathic hemolytic anemia/thrombotic microangiopathy/thrombotic thrombocytopenic purpura；CTD:MAHA,2026-09-22,
AGBL4,Q5VU57,84871.0,78.99,(pending API key),,inferred:8.52,,,,no (wide set),,GC:atypical hemolytic uremic syndrome/microangiopathic hemolytic anemia/thrombotic microangiopathy；CTD:MAHA;CTD:TMA;CTD:TTP,2026-09-22,
RBMS1,P29558,5937.0,80.25,(pending API key),,inferred:34.29,,,,no (wide set),,GC:atypical hemolytic uremic syndrome/microangiopathic hemolytic anemia/thrombotic microangiopathy；CTD:MAHA;CTD:TMA;CTD:TTP,2026-09-22,
ADI1,Q9BV57,55256.0,81.31,(pending API key),,inferred:26.18,,,,no (wide set),,GC:atypical hemolytic uremic syndrome/microangiopathic hemolytic anemia/thrombotic microangiopathy；CTD:MAHA;CTD:TMA;CTD:TTP,2026-09-22,
AGBL1,Q96MI9,123624.0,76.12,(pending API key),,inferred:2.01,,,,no (wide set),,GC:atypical hemolytic uremic syndrome/microangiopathic hemolytic anemia/thrombotic microangiopathy；CTD:MAHA,2026-09-22,
CDS2,O95674,8760.0,74.11,(pending API key),,inferred:27.25,,,,no (wide set),,GC:atypical hemolytic uremic syndrome/microangiopathic hemolytic anemia/thrombotic microangiopathy；CTD:MAHA;CTD:TMA;CTD:TTP,2026-09-22,
AGBL2,Q5U5Z8,79841.0,79.95,(pending API key),,inferred:14.46,,,,no (wide set),,GC:atypical hemolytic uremic syndrome/microangiopathic hemolytic anemia/thrombotic microangiopathy；CTD:MAHA;CTD:TMA;CTD:TTP,2026-09-22,
AGBL3,Q8NEM8,340351.0,71.23,(pending API key),,inferred:16.77,,,,no (wide set),,GC:atypical hemolytic uremic syndrome/microangiopathic hemolytic anemia/thrombotic microangiopathy；CTD:MAHA;CTD:TMA,2026-09-22,
MYBPH,Q13203,4608.0,69.69,(pending API key),,inferred:8.05,,,,no (wide set),,GC:atypical hemolytic uremic syndrome/microangiopathic hemolytic anemia/thrombotic microangiopathy；CTD:MAHA;CTD:TMA;CTD:TTP,2026-09-22,
CNOT11,Q9UKZ1,55571.0,70.01,(pending API key),,inferred:16.53,,,,no (wide set),,GC:atypical hemolytic uremic syndrome/microangiopathic hemolytic anemia/thrombotic microangiopathy；CTD:MAHA;CTD:TMA;CTD:TTP,2026-09-22,
RBMS2,Q15434,5939.0,76.46,(pending API key),,inferred:32.75,,,,no (wide set),,GC:atypical hemolytic uremic syndrome/microangiopathic hemolytic anemia/thrombotic microangiopathy；CTD:MAHA;CTD:TMA;CTD:TTP,2026-09-22,
CCPG1,Q9ULG6,9236.0,78.42,(pending API key),,inferred:40.76,,,,no (wide set),,GC:atypical hemolytic uremic syndrome/microangiopathic hemolytic anemia/thrombotic microangiopathy；CTD:MAHA;CTD:TMA;CTD:TTP,2026-09-22,
TSR3,Q9UJK0,115939.0,72.23,(pending API key),,inferred:21.08,,,,no (wide set),,GC:atypical hemolytic uremic syndrome/microangiopathic hemolytic anemia/thrombotic microangiopathy；CTD:MAHA;CTD:TMA;CTD:TTP,2026-09-22,
SMCP,P49901,4184.0,70.72,(pending API key),,inferred:3.87,,,,no (wide set),,GC:atypical hemolytic uremic syndrome/microangiopathic hemolytic anemia/thrombotic microangiopathy；CTD:MAHA,2026-09-22,
ARMS2,P0C7Q2,387715.0,119.04,(pending API key),,(pending manual export),,,,yes,,GC:atypical hemolytic uremic syndrome/microangiopathic hemolytic anemia/thrombotic microangiopathy,2026-09-22,
SPZ1,Q9BXG8,84654.0,156.10,(pending API key),,inferred:6.50,,,,yes,,GC:microangiopathic hemolytic anemia/thrombotic microangiopathy/thrombotic thrombocytopenic purpura；CTD:MAHA;CTD:TMA,2026-09-22,
CD247,P20963,919.0,350.69,(pending API key),,inferred:16.57,,,,yes,,GC:atypical hemolytic uremic syndrome/microangiopathic hemolytic anemia/thrombotic microangiopathy；CTD:MAHA;CTD:TMA;CTD:TTP,2026-09-22,
CD3E,P07766,916.0,318.93,(pending API key),,inferred:20.38,,,,yes,,GC:atypical hemolytic uremic syndrome/microangiopathic hemolytic anemia/thrombotic microangiopathy；CTD:MAHA,2026-09-22,
IKBKB,O14920,3551.0,327.26,(pending API key),,inferred:56.42,,,,yes,,GC:atypical hemolytic uremic syndrome/microangiopathic hemolytic anemia/thrombotic microangiopathy/thro；CTD:MAHA;CTD:TMA;CTD:TTP,2026-09-22,
IL7R,P16871,3575.0,346.79,(pending API key),,inferred:36.80,,,,yes,,GC:atypical hemolytic uremic syndrome/microangiopathic hemolytic anemia/thrombotic microangiopathy/thro；CTD:MAHA;CTD:TMA;CTD:TTP,2026-09-22,
ITK,Q08881,3702.0,343.24,(pending API key),,inferred:21.61,,,,yes,,GC:atypical hemolytic uremic syndrome/microangiopathic hemolytic anemia/thrombotic microangiopathy/thro；CTD:MAHA,2026-09-22,
LCK,P06239,3932.0,332.14,(pending API key),,inferred:33.24,,,,yes,,GC:atypical hemolytic uremic syndrome/microangiopathic hemolytic anemia/thrombotic microangiopathy/thro；CTD:MAHA;CTD:TMA;CTD:TTP,2026-09-22,
MALT1,Q9UDY8,10892.0,310.60,(pending API key),,inferred:34.07,,,,yes,,GC:atypical hemolytic uremic syndrome/microangiopathic hemolytic anemia/thrombotic microangiopathy/thro；CTD:MAHA;CTD:TMA;CTD:TTP,2026-09-22,
PIK3CD,O00329,5293.0,353.65,(pending API key),,inferred:22.90,,,,yes,,GC:atypical hemolytic uremic syndrome/microangiopathic hemolytic anemia/thrombotic microangiopathy/thro；CTD:MAHA;CTD:TMA;CTD:TTP,2026-09-22,
PNP,P00491,4860.0,382.75,(pending API key),,inferred:48.11,,,,yes,,GC:atypical hemolytic uremic syndrome/microangiopathic hemolytic anemia/thrombotic microangiopathy/thro；CTD:MAHA;CTD:TMA;CTD:TTP,2026-09-22,
STAT5B,P51692,6777.0,391.58,(pending API key),,inferred:44.05,,,,yes,,GC:atypical hemolytic uremic syndrome/microangiopathic hemolytic anemia/thrombotic microangiopathy/thro；CTD:MAHA;CTD:TMA;CTD:TTP,2026-09-22,
STIM1,Q13586,6786.0,395.29,(pending API key),,inferred:18.63,,,,yes,,GC:atypical hemolytic uremic syndrome/microangiopathic hemolytic anemia/thrombotic microangiopathy/thro；CTD:MAHA;CTD:TMA;CTD:TTP,2026-09-22,
ZAP70,P43403,7535.0,350.85,(pending API key),,inferred:29.84,,,,yes,,GC:atypical hemolytic uremic syndrome/microangiopathic hemolytic anemia/thrombotic microangiopathy/thro；CTD:MAHA;CTD:TMA;CTD:TTP,2026-09-22,
CARD11,Q9BXL7,84433.0,331.79,(pending API key),,inferred:13.73,,,,yes,,GC:atypical hemolytic uremic syndrome/microangiopathic hemolytic anemia/thrombotic microangiopathy/thro；CTD:MAHA;CTD:TMA;CTD:TTP,2026-09-22,
CD3D,P04234,915.0,304.89,(pending API key),,inferred:31.01,,,,yes,,GC:atypical hemolytic uremic syndrome/microangiopathic hemolytic anemia/thrombotic microangiopathy；CTD:MAHA;CTD:TMA;CTD:TTP,2026-09-22,
CD3G,P09693,917.0,315.43,(pending API key),,inferred:20.22,,,,yes,,GC:atypical hemolytic uremic syndrome/microangiopathic hemolytic anemia/thrombotic microangiopathy/thro；CTD:MAHA;CTD:TMA;CTD:TTP,2026-09-22,
IL12RB1,P42701,3594.0,349.21,(pending API key),,inferred:21.14,,,,yes,,GC:atypical hemolytic uremic syndrome/microangiopathic hemolytic anemia/thrombotic microangiopathy；CTD:MAHA;CTD:TMA;CTD:TTP,2026-09-22,
HCFC1,P51610,3054.0,138.36,(pending API key),,inferred:16.07,,,,yes,,GC:atypical hemolytic uremic syndrome/microangiopathic hemolytic anemia/thrombotic microangiopathy；CTD:MAHA;CTD:TMA;CTD:TTP,2026-09-22,
LIG4,P49917,3981.0,361.86,(pending API key),,inferred:23.00,,,,yes,,GC:atypical hemolytic uremic syndrome/microangiopathic hemolytic anemia/thrombotic microangiopathy/thro；CTD:MAHA;CTD:TMA;CTD:TTP,2026-09-22,
STK4,Q13043,6789.0,321.74,(pending API key),,inferred:30.31,,,,yes,,GC:atypical hemolytic uremic syndrome/microangiopathic hemolytic anemia/thrombotic microangiopathy；CTD:MAHA;CTD:TMA;CTD:TTP,2026-09-22,
TAP1,Q03518,6890.0,348.78,(pending API key),,inferred:34.45,,,,yes,,GC:atypical hemolytic uremic syndrome/microangiopathic hemolytic anemia/thrombotic microangiopathy/thro；CTD:MAHA;CTD:TMA;CTD:TTP,2026-09-22,
CHD7,Q9P2D1,55636.0,356.05,(pending API key),,inferred:17.93,,,,yes,,GC:atypical hemolytic uremic syndrome/microangiopathic hemolytic anemia/thrombotic microangiopathy/thro；CTD:MAHA;CTD:TMA;CTD:TTP,2026-09-22,
CIITA,P33076,4261.0,335.86,(pending API key),,inferred:11.65,,,,yes,,GC:atypical hemolytic uremic syndrome/microangiopathic hemolytic anemia/thrombotic microangiopathy/thro；CTD:MAHA;CTD:TMA;CTD:TTP,2026-09-22,
AK2,P54819,204.0,305.85,(pending API key),,inferred:28.39,,,,yes,,GC:atypical hemolytic uremic syndrome/microangiopathic hemolytic anemia/thrombotic microangiopathy；CTD:MAHA;CTD:TMA;CTD:TTP,2026-09-22,
TAP2,Q03519,6891.0,346.79,(pending API key),,inferred:26.27,,,,yes,,GC:atypical hemolytic uremic syndrome/microangiopathic hemolytic anemia/thrombotic microangiopathy/thro；CTD:MAHA;CTD:TMA;CTD:TTP,2026-09-22,
TAPBP,O15533,6892.0,312.54,(pending API key),,inferred:18.10,,,,yes,,GC:atypical hemolytic uremic syndrome/microangiopathic hemolytic anemia/thrombotic microangiopathy；CTD:MAHA;CTD:TMA;CTD:TTP,2026-09-22,
ACP5,P13686,54.0,396.30,(pending API key),,inferred:40.46,,,,yes,,GC:atypical hemolytic uremic syndrome/microangiopathic hemolytic anemia/thrombotic microangiopathy/thro；CTD:MAHA;CTD:TMA;CTD:TTP,2026-09-22,
CD27,P26842,939.0,329.46,(pending API key),,inferred:32.58,,,,yes,,GC:atypical hemolytic uremic syndrome/microangiopathic hemolytic anemia/thrombotic microangiopathy/thro；CTD:MAHA;CTD:TMA;CTD:TTP,2026-09-22,
DOCK8,Q8NF50,81704.0,398.40,(pending API key),,inferred:21.56,,,,yes,,GC:atypical hemolytic uremic syndrome/microangiopathic hemolytic anemia/thrombotic microangiopathy/thro；CTD:MAHA;CTD:TMA;CTD:TTP,2026-09-22,
DCLRE1C,Q96SD1,64421.0,400.62,(pending API key),,inferred:29.15,,,,yes,,GC:atypical hemolytic uremic syndrome/microangiopathic hemolytic anemia/thrombotic microangiopathy/thro；CTD:MAHA;CTD:TMA;CTD:TTP,2026-09-22,
IL21R,Q9HBE5,50615.0,329.30,(pending API key),,inferred:7.85,,,,yes,,GC:atypical hemolytic uremic syndrome/microangiopathic hemolytic anemia/thrombotic microangiopathy；CTD:MAHA;CTD:TMA;CTD:TTP,2026-09-22,
ORAI1,,,309.41,(pending API key),,inferred:16.77,,,,yes,,GC:atypical hemolytic uremic syndrome/microangiopathic hemolytic anemia/thrombotic microangiopathy；CTD:MAHA;CTD:TMA;CTD:TTP,2026-09-22,
RAG1,P15918,5896.0,388.58,(pending API key),,inferred:16.99,,,,yes,,GC:atypical hemolytic uremic syndrome/microangiopathic hemolytic anemia/thrombotic microangiopathy/thro；CTD:MAHA;CTD:TMA;CTD:TTP,2026-09-22,
ABCD4,O14678,5826.0,145.07,(pending API key),,inferred:15.78,,,,yes,,GC:atypical hemolytic uremic syndrome/microangiopathic hemolytic anemia/thrombotic microangiopathy；CTD:MAHA;CTD:TMA;CTD:TTP,2026-09-22,
CORO1A,P31146,11151.0,312.68,(pending API key),,inferred:19.67,,,,yes,,GC:atypical hemolytic uremic syndrome/microangiopathic hemolytic anemia/thrombotic microangiopathy；CTD:MAHA;CTD:TMA;CTD:TTP,2026-09-22,
NHEJ1,Q9H9Q4,79840.0,348.94,(pending API key),,inferred:18.25,,,,yes,,GC:atypical hemolytic uremic syndrome/microangiopathic hemolytic anemia/thrombotic microangiopathy/thro；CTD:MAHA;CTD:TMA;CTD:TTP,2026-09-22,
RFX5,P48382,5993.0,330.74,(pending API key),,inferred:28.47,,,,yes,,GC:atypical hemolytic uremic syndrome/microangiopathic hemolytic anemia/thrombotic microangiopathy/thro；CTD:MAHA;CTD:TMA;CTD:TTP,2026-09-22,
TBX1,O43435,6899.0,388.20,(pending API key),,inferred:6.80,,,,yes,,GC:atypical hemolytic uremic syndrome/microangiopathic hemolytic anemia/thrombotic microangiopathy/thro；CTD:MAHA;CTD:TMA;CTD:TTP,2026-09-22,
RFXANK,O14593,8625.0,346.08,(pending API key),,inferred:22.53,,,,yes,,GC:atypical hemolytic uremic syndrome/microangiopathic hemolytic anemia/thrombotic microangiopathy/thro；CTD:MAHA;CTD:TMA;CTD:TTP,2026-09-22,
RHOH,Q15669,399.0,283.41,(pending API key),,inferred:17.05,,,,yes,,GC:atypical hemolytic uremic syndrome/microangiopathic hemolytic anemia/thrombotic microangiopathy；CTD:MAHA;CTD:TMA;CTD:TTP,2026-09-22,
SEMA3E,O15041,9723.0,309.92,(pending API key),,inferred:34.39,,,,yes,,GC:atypical hemolytic uremic syndrome/microangiopathic hemolytic anemia/thrombotic microangiopathy/thro；CTD:MAHA;CTD:TMA;CTD:TTP,2026-09-22,
UNC119,Q13432,9094.0,288.02,(pending API key),,inferred:17.82,,,,yes,,GC:atypical hemolytic uremic syndrome/microangiopathic hemolytic anemia/thrombotic microangiopathy；CTD:MAHA;CTD:TMA;CTD:TTP,2026-09-22,
LRBA,P50851,987.0,385.10,(pending API key),,inferred:29.84,,,,yes,,GC:atypical hemolytic uremic syndrome/microangiopathic hemolytic anemia/thrombotic microangiopathy/thro；CTD:MAHA;CTD:TMA;CTD:TTP,2026-09-22,
FOXN1,O15353,8456.0,326.11,(pending API key),,inferred:8.83,,,,yes,,GC:atypical hemolytic uremic syndrome/microangiopathic hemolytic anemia/thrombotic microangiopathy；CTD:MAHA,2026-09-22,
RAG2,P55895,5897.0,422.96,(pending API key),,inferred:6.75,,,,yes,,GC:atypical hemolytic uremic syndrome/microangiopathic hemolytic anemia/thrombotic microangiopathy/thro；CTD:MAHA;CTD:TMA;CTD:TTP,2026-09-22,
SOX18,P35713,54345.0,0.99,(pending API key),,inferred:25.23,,,,no (wide set),,GC:thrombotic microangiopathy；CTD:MAHA;CTD:TMA;CTD:TTP,2026-09-22,
C12orf57,Q99622,113246.0,0.99,(pending API key),,inferred:15.08,,,,no (wide set),,GC:thrombotic microangiopathy；CTD:MAHA;CTD:TMA;CTD:TTP,2026-09-22,
RMRP,,6023.0,316.74,(pending API key),,inferred:8.69,,,,yes,,GC:atypical hemolytic uremic syndrome/microangiopathic hemolytic anemia/thrombotic microangiopathy/thro；CTD:MAHA,2026-09-22,
RFXAP,O00287,5994.0,323.39,(pending API key),,inferred:18.25,,,,yes,,GC:atypical hemolytic uremic syndrome/microangiopathic hemolytic anemia/thrombotic microangiopathy/thro；CTD:MAHA;CTD:TMA;CTD:TTP,2026-09-22,
PSKH1,P11801,5681.0,0.99,(pending API key),,inferred:20.14,,,,no (wide set),,GC:thrombotic microangiopathy；CTD:MAHA;CTD:TMA;CTD:TTP,2026-09-22,
TRAC,,28755.0,324.73,(pending API key),,inferred:8.02,,,,yes,,GC:atypical hemolytic uremic syndrome/microangiopathic hemolytic anemia/thrombotic microangiopathy；CTD:MAHA;CTD:TMA,2026-09-22,
LOC126806368,,126806368.0,27.53,(pending API key),,(pending manual export),,,,no (wide set),,GC:atypical hemolytic uremic syndrome/microangiopathic hemolytic anemia/thrombotic microangiopathy,2026-09-22,
MIR125A,,406910.0,68.35,(pending API key),,inferred:18.27,,,,yes,,GC:atypical hemolytic uremic syndrome/thrombotic microangiopathy/thrombotic thrombocytopenic purpura；CTD:MAHA;CTD:TMA;CTD:TTP,2026-09-22,
MIRLET7C,,406885.0,0.69,(pending API key),,inferred:5.34,,,,no (wide set),,GC:thrombotic microangiopathy；CTD:MAHA;CTD:TMA;CTD:TTP,2026-09-22,
PRKCA,P17252,5578.0,94.23,(pending API key),,inferred:43.19,,,,no (wide set),,GC:atypical hemolytic uremic syndrome/thrombotic microangiopathy；CTD:MAHA;CTD:TMA;CTD:TTP,2026-09-22,
GC,P02774,2638.0,47.40,(pending API key),,inferred:26.28,,,,no (wide set),,GC:atypical hemolytic uremic syndrome/thrombotic microangiopathy；CTD:MAHA;CTD:TMA;CTD:TTP,2026-09-22,
ITGA2,P17301,3673.0,100.87,(pending API key),,inferred:31.07,,,,yes,,GC:atypical hemolytic uremic syndrome/thrombotic microangiopathy/thrombotic thrombocytopenic purpura；CTD:MAHA;CTD:TMA;CTD:TTP,2026-09-22,
TAF1,P21675,6872.0,81.86,(pending API key),,inferred:10.63,,,,no (wide set),,GC:atypical hemolytic uremic syndrome/microangiopathic hemolytic anemia/thrombotic microangiopathy/thro；CTD:MAHA,2026-09-22,
TBXAS1,P24557,6916.0,63.60,(pending API key),,inferred:26.73,,,,yes,,GC:thrombotic microangiopathy/thrombotic thrombocytopenic purpura/venom-induced consumption coagulopath；CTD:MAHA;CTD:TMA;CTD:TTP,2026-09-22,
TINF2,Q9BSI4,26277.0,0.43,(pending API key),,inferred:27.16,,,,no (wide set),,GC:thrombotic microangiopathy；CTD:MAHA;CTD:TMA;CTD:TTP,2026-09-22,
CXCL10,P02778,3627.0,86.55,(pending API key),,inferred:80.42,,,,yes,,GC:atypical hemolytic uremic syndrome/snakebite envenoming/thrombotic microangiopathy/thrombotic thromb；CTD:MAHA;CTD:TMA;CTD:TTP,2026-09-22,
CX3CL1,P78423,6376.0,116.99,(pending API key),,inferred:49.04,,,,yes,,GC:atypical hemolytic uremic syndrome/thrombotic microangiopathy；CTD:MAHA;CTD:TMA;CTD:TTP,2026-09-22,
CXCL9,Q07325,4283.0,18.35,(pending API key),,inferred:36.05,,,,no (wide set),,GC:thrombotic microangiopathy/thrombotic thrombocytopenic purpura；CTD:MAHA;CTD:TMA;CTD:TTP,2026-09-22,
MFF-DT,,654841.0,150.06,(pending API key),,(pending manual export),,,,yes,,GC:atypical hemolytic uremic syndrome/thrombotic microangiopathy/thrombotic thrombocytopenic purpura,2026-09-22,
CERNA3,,105375847.0,68.09,(pending API key),,(pending manual export),,,,yes,,GC:atypical hemolytic uremic syndrome/thrombotic microangiopathy/thrombotic thrombocytopenic purpura/ve,2026-09-22,
ABL1,P00519,25.0,49.93,(pending API key),,inferred:32.45,,,,yes,,GC:thrombotic microangiopathy/thrombotic thrombocytopenic purpura；CTD:MAHA;CTD:TMA;CTD:TTP,2026-09-22,
ACTG1,P63261,71.0,138.71,(pending API key),,inferred:35.28,,,,yes,,GC:atypical hemolytic uremic syndrome/thrombotic microangiopathy；CTD:MAHA;CTD:TMA;CTD:TTP,2026-09-22,
ALK,Q9UM73,238.0,45.11,(pending API key),,inferred:9.46,,,,no (wide set),,GC:thrombotic microangiopathy/thrombotic thrombocytopenic purpura；CTD:MAHA;CTD:TMA;CTD:TTP,2026-09-22,
APOA1,P02647,335.0,131.63,(pending API key),,inferred:45.01,,,,yes,,GC:atypical hemolytic uremic syndrome/microangiopathic hemolytic anemia/snakebite envenoming/thrombotic；CTD:MAHA;CTD:TMA;CTD:TTP,2026-09-22,
CFTR,P13569,1080.0,233.62,(pending API key),,inferred:38.22,,,,yes,,GC:atypical hemolytic uremic syndrome/microangiopathic hemolytic anemia/thrombotic microangiopathy/veno；CTD:MAHA;CTD:TMA;CTD:TTP,2026-09-22,
DMD,P11532,1756.0,0.31,(pending API key),,inferred:25.61,,,,no (wide set),,GC:thrombotic microangiopathy；CTD:MAHA;CTD:TMA;CTD:TTP,2026-09-22,
FGFR1,P11362,2260.0,51.69,(pending API key),,inferred:46.46,,,,yes,,GC:thrombotic microangiopathy/thrombotic thrombocytopenic purpura；CTD:MAHA;CTD:TMA;CTD:TTP,2026-09-22,
FGFR2,P21802,2263.0,191.73,(pending API key),,inferred:34.69,,,,yes,,GC:atypical hemolytic uremic syndrome/thrombotic microangiopathy/thrombotic thrombocytopenic purpura；CTD:MAHA;CTD:TMA;CTD:TTP,2026-09-22,
MMP9,P14780,4318.0,162.91,(pending API key),,inferred:87.19,,,,yes,,GC:atypical hemolytic uremic syndrome/microangiopathic hemolytic anemia/thrombotic microangiopathy/thro；CTD:MAHA;CTD:TMA;CTD:TTP;CTD:aHUS,2026-09-22,
RB1,P06400,5925.0,49.93,(pending API key),,inferred:80.24,,,,yes,,GC:thrombotic microangiopathy/thrombotic thrombocytopenic purpura；CTD:MAHA;CTD:TMA;CTD:TTP;CTD:snakebite,2026-09-22,
RELA,Q04206,5970.0,119.35,(pending API key),,inferred:125.80,,,,yes,,GC:atypical hemolytic uremic syndrome/thrombotic microangiopathy/thrombotic thrombocytopenic purpura；CTD:MAHA;CTD:TMA;CTD:TTP;CTD:aHUS;CTD:snakebite,2026-09-22,
MERTK,Q12866,10461.0,26.00,(pending API key),,inferred:20.53,,,,no (wide set),,GC:thrombotic microangiopathy/thrombotic thrombocytopenic purpura；CTD:MAHA;CTD:TMA;CTD:TTP,2026-09-22,
VIM,P08670,7431.0,100.76,(pending API key),,inferred:57.67,,,,no (wide set),,GC:atypical hemolytic uremic syndrome/thrombotic microangiopathy/thrombotic thrombocytopenic purpura；CTD:MAHA;CTD:TMA;CTD:TTP,2026-09-22,
ITGAV,P06756,3685.0,64.44,(pending API key),,inferred:39.26,,,,no (wide set),,GC:atypical hemolytic uremic syndrome/thrombotic microangiopathy/thrombotic thrombocytopenic purpura；CTD:MAHA;CTD:TMA;CTD:TTP;CTD:aHUS,2026-09-22,
MEFV,O15553,4210.0,98.71,(pending API key),,inferred:7.36,,,,yes,,GC:thrombotic microangiopathy/thrombotic thrombocytopenic purpura；CTD:MAHA;CTD:TMA,2026-09-22,
MYC,P01106,4609.0,172.99,(pending API key),,inferred:107.36,,,,yes,,GC:atypical hemolytic uremic syndrome/thrombotic microangiopathy；CTD:MAHA;CTD:TMA;CTD:TTP;CTD:aHUS,2026-09-22,
CALR,P27797,811.0,108.71,(pending API key),,inferred:83.55,,,,yes,,GC:thrombotic microangiopathy/thrombotic thrombocytopenic purpura；CTD:MAHA;CTD:TMA;CTD:TTP,2026-09-22,
CDC42BPB,Q9Y5S2,9578.0,130.66,(pending API key),,inferred:19.62,,,,yes,,GC:microangiopathic hemolytic anemia/thrombotic microangiopathy；CTD:MAHA;CTD:TMA;CTD:TTP,2026-09-22,
CREB1,P16220,1385.0,0.31,(pending API key),,inferred:45.40,,,,no (wide set),,GC:thrombotic microangiopathy；CTD:MAHA;CTD:TMA;CTD:TTP,2026-09-22,
FOS,P01100,2353.0,110.88,(pending API key),,inferred:122.46,,,,no (wide set),,GC:atypical hemolytic uremic syndrome/thrombotic microangiopathy；CTD:MAHA;CTD:TMA;CTD:TTP,2026-09-22,
ERAP1,Q9NZ08,51752.0,83.35,(pending API key),,inferred:22.11,,,,no (wide set),,GC:atypical hemolytic uremic syndrome/thrombotic microangiopathy；CTD:MAHA;CTD:TMA;CTD:TTP,2026-09-22,
TNNI3,P19429,7137.0,55.86,(pending API key),,inferred:34.06,,,,yes,,GC:thrombotic microangiopathy/thrombotic thrombocytopenic purpura；CTD:MAHA;CTD:TMA;CTD:TTP,2026-09-22,
LAMP2,P13473,3920.0,160.16,(pending API key),,inferred:48.61,,,,yes,,GC:atypical hemolytic uremic syndrome/thrombotic microangiopathy/thrombotic thrombocytopenic purpura；CTD:MAHA;CTD:TMA;CTD:TTP,2026-09-22,
EDN1,P05305,1906.0,93.66,(pending API key),,inferred:91.56,,,,yes,,GC:atypical hemolytic uremic syndrome/microangiopathic hemolytic anemia/thrombotic microangiopathy/thro；CTD:MAHA;CTD:TMA;CTD:TTP;CTD:aHUS,2026-09-22,
MAP2K4,P45985,6416.0,95.99,(pending API key),,inferred:40.68,,,,no (wide set),,GC:atypical hemolytic uremic syndrome/thrombotic microangiopathy；CTD:MAHA;CTD:TMA;CTD:TTP,2026-09-22,
NCAM1,P13591,4684.0,50.24,(pending API key),,inferred:22.35,,,,yes,,GC:thrombotic microangiopathy/thrombotic thrombocytopenic purpura；CTD:MAHA;CTD:TMA;CTD:TTP,2026-09-22,
RPL23,P62829,9349.0,73.77,(pending API key),,inferred:38.91,,,,no (wide set),,GC:atypical hemolytic uremic syndrome/thrombotic microangiopathy；CTD:MAHA;CTD:TMA;CTD:TTP,2026-09-22,
SLC7A7,Q9UM01,9056.0,0.31,(pending API key),,inferred:30.25,,,,no (wide set),,GC:thrombotic microangiopathy；CTD:MAHA;CTD:TMA;CTD:TTP,2026-09-22,
RPL13,P26373,6137.0,91.63,(pending API key),,inferred:33.70,,,,no (wide set),,GC:atypical hemolytic uremic syndrome/thrombotic microangiopathy；CTD:MAHA;CTD:TMA;CTD:TTP,2026-09-22,
S100B,P04271,6285.0,81.25,(pending API key),,inferred:37.77,,,,yes,,GC:atypical hemolytic uremic syndrome/thrombotic microangiopathy/thrombotic thrombocytopenic purpura；CTD:MAHA;CTD:TMA;CTD:TTP,2026-09-22,
IL1RL1,,,69.76,(pending API key),,(pending manual export),,,,no (wide set),,GC:atypical hemolytic uremic syndrome/thrombotic microangiopathy/thrombotic thrombocytopenic purpura,2026-09-22,
MT-CYB,P00156,4519.0,113.91,(pending API key),,(pending manual export),,,,yes,,GC:atypical hemolytic uremic syndrome/thrombotic microangiopathy,2026-09-22,
RPS27,P42677,6232.0,77.73,(pending API key),,inferred:24.73,,,,no (wide set),,GC:atypical hemolytic uremic syndrome/thrombotic microangiopathy；CTD:MAHA;CTD:TMA;CTD:TTP,2026-09-22,
PLA2G2A,P14555,5320.0,14.33,(pending API key),,inferred:39.91,,,,no (wide set),,GC:snakebite envenoming/thrombotic microangiopathy；CTD:MAHA;CTD:TMA;CTD:TTP;CTD:snakebite,2026-09-22,
CTSG,P08311,1511.0,62.61,(pending API key),,inferred:19.13,,,,no (wide set),,GC:atypical hemolytic uremic syndrome/thrombotic microangiopathy；CTD:MAHA;CTD:TMA;CTD:TTP,2026-09-22,
ADAM15,Q13444,8751.0,21.82,(pending API key),,inferred:27.44,,,,no (wide set),,GC:thrombotic microangiopathy/thrombotic thrombocytopenic purpura；CTD:MAHA;CTD:TMA,2026-09-22,
AMN,Q9BXJ7,81693.0,172.82,(pending API key),,inferred:25.50,,,,yes,,GC:microangiopathic hemolytic anemia/thrombotic microangiopathy；CTD:MAHA;CTD:TMA;CTD:TTP,2026-09-22,
FABP1,P07148,2168.0,121.76,(pending API key),,inferred:45.49,,,,yes,,GC:atypical hemolytic uremic syndrome/thrombotic microangiopathy/thrombotic thrombocytopenic purpura；CTD:MAHA;CTD:TMA;CTD:TTP,2026-09-22,
GPER1,Q99527,2852.0,0.31,(pending API key),,inferred:27.80,,,,no (wide set),,GC:thrombotic microangiopathy；CTD:MAHA;CTD:TMA;CTD:TTP,2026-09-22,
HR,O43593,55806.0,58.27,(pending API key),,inferred:22.46,,,,yes,,GC:thrombotic microangiopathy/thrombotic thrombocytopenic purpura；CTD:MAHA;CTD:TMA;CTD:TTP,2026-09-22,
TNFSF13,O75888,8741.0,40.33,(pending API key),,inferred:23.75,,,,no (wide set),,GC:thrombotic microangiopathy/thrombotic thrombocytopenic purpura；CTD:MAHA;CTD:TMA;CTD:TTP,2026-09-22,
MT-ATP6,P00846,4508.0,142.97,(pending API key),,(pending manual export),,,,yes,,GC:atypical hemolytic uremic syndrome/thrombotic microangiopathy,2026-09-22,
SMN2,Q16637,6607.0,0.31,(pending API key),,inferred:13.71,,,,no (wide set),,GC:thrombotic microangiopathy；CTD:MAHA;CTD:TMA;CTD:TTP,2026-09-22,
DNASE1L3,Q13609,1776.0,44.43,(pending API key),,inferred:18.15,,,,no (wide set),,GC:microangiopathic hemolytic anemia/thrombotic microangiopathy；CTD:MAHA;CTD:TMA;CTD:TTP,2026-09-22,
SLC7A1,P30825,6541.0,0.31,(pending API key),,inferred:45.40,,,,no (wide set),,GC:thrombotic microangiopathy；CTD:MAHA;CTD:TMA;CTD:TTP,2026-09-22,
KLRK1,P26718,22914.0,53.94,(pending API key),,inferred:18.37,,,,no (wide set),,GC:atypical hemolytic uremic syndrome/thrombotic microangiopathy；CTD:MAHA;CTD:TMA;CTD:TTP,2026-09-22,
TSEN15,Q8WW01,116461.0,132.32,(pending API key),,inferred:34.77,,,,yes,,GC:atypical hemolytic uremic syndrome/microangiopathic hemolytic anemia/thrombotic microangiopathy；CTD:MAHA;CTD:TMA;CTD:TTP,2026-09-22,
PROK2,Q9HC23,60675.0,0.31,(pending API key),,inferred:24.77,,,,no (wide set),,GC:thrombotic microangiopathy；CTD:MAHA;CTD:TMA;CTD:TTP,2026-09-22,
TNFRSF17,Q02223,608.0,20.36,(pending API key),,inferred:13.64,,,,no (wide set),,GC:thrombotic microangiopathy/thrombotic thrombocytopenic purpura；CTD:MAHA;CTD:TMA,2026-09-22,
CARTPT,Q16568,9607.0,41.25,(pending API key),,inferred:6.76,,,,no (wide set),,GC:atypical hemolytic uremic syndrome/thrombotic microangiopathy；CTD:MAHA;CTD:TMA;CTD:TTP,2026-09-22,
AXDND1,Q5T1B0,126859.0,76.15,(pending API key),,(pending manual export),,,,no (wide set),,GC:atypical hemolytic uremic syndrome/thrombotic microangiopathy/thrombotic thrombocytopenic purpura,2026-09-22,
GZMH,P20718,2999.0,58.19,(pending API key),,inferred:3.15,,,,no (wide set),,GC:atypical hemolytic uremic syndrome/thrombotic microangiopathy；CTD:MAHA;CTD:TMA,2026-09-22,
LSM11,P83369,134353.0,0.31,(pending API key),,inferred:10.27,,,,no (wide set),,GC:thrombotic microangiopathy；CTD:MAHA;CTD:TMA;CTD:TTP,2026-09-22,
CMIP,Q8IY22,80790.0,0.31,(pending API key),,inferred:19.69,,,,no (wide set),,GC:thrombotic microangiopathy；CTD:MAHA;CTD:TMA;CTD:TTP,2026-09-22,
NEAT1,,283131.0,111.47,(pending API key),,inferred:30.47,,,,no (wide set),,GC:atypical hemolytic uremic syndrome/thrombotic microangiopathy；CTD:MAHA;CTD:TMA;CTD:TTP,2026-09-22,
KLRB1,Q12918,3820.0,58.70,(pending API key),,inferred:8.02,,,,no (wide set),,GC:atypical hemolytic uremic syndrome/thrombotic microangiopathy；CTD:MAHA;CTD:TMA,2026-09-22,
CFTR-AS1,,111082987.0,112.43,(pending API key),,(pending manual export),,,,no (wide set),,GC:atypical hemolytic uremic syndrome/microangiopathic hemolytic anemia/thrombotic microangiopathy,2026-09-22,
LOC111674477,,111674477.0,80.50,(pending API key),,(pending manual export),,,,no (wide set),,GC:atypical hemolytic uremic syndrome/microangiopathic hemolytic anemia/thrombotic microangiopathy,2026-09-22,
RNU11,,26824.0,0.31,(pending API key),,inferred:2.33,,,,no (wide set),,GC:thrombotic microangiopathy；CTD:MAHA,2026-09-22,
RPL36A-HNRNPH2,,100529097.0,0.31,(pending API key),,(pending manual export),,,,no (wide set),,GC:thrombotic microangiopathy,2026-09-22,
EMSLR,,101927746.0,0.31,(pending API key),,inferred:3.49,,,,no (wide set),,GC:thrombotic microangiopathy；CTD:MAHA;CTD:TMA,2026-09-22,
LOC130056553,,130056553.0,137.22,(pending API key),,(pending manual export),,,,yes,,GC:microangiopathic hemolytic anemia/thrombotic microangiopathy,2026-09-22,
GGTA1,Q4G0N0,2681.0,0.31,(pending API key),,inferred:17.58,,,,no (wide set),,GC:thrombotic microangiopathy；CTD:MAHA;CTD:TMA;CTD:TTP,2026-09-22,
Copyright LifeMap Sciences Inc. May not be used for any non-academic research purpose without explicit written permission from LifeMap Sciences.,,,0.00,(pending API key),,(pending manual export),,,,no (wide set),,GC:atypical hemolytic uremic syndrome/microangiopathic hemolytic anemia/snakebite envenoming/thrombotic,2026-09-22,
ACKR1,Q16570,2532.0,381.02,(pending API key),,inferred:10.92,,,,yes,,GC:atypical hemolytic uremic syndrome；CTD:MAHA;CTD:TMA;CTD:TTP,2026-09-22,
ACKR3,P25106,57007.0,368.34,(pending API key),,inferred:61.68,,,,yes,,GC:atypical hemolytic uremic syndrome；CTD:MAHA;CTD:TMA;CTD:TTP,2026-09-22,
GSR,P00390,2936.0,317.55,(pending API key),,direct:marker/mechanism,,,,yes,,GC:atypical hemolytic uremic syndrome/snakebite envenoming/thrombotic thrombocytopenic purpura；CTD:MAHA;CTD:TMA;CTD:TTP,2026-09-22,
UGT1A1,P22309,54658.0,269.69,(pending API key),,inferred:88.30,,,,yes,,GC:atypical hemolytic uremic syndrome/thrombotic thrombocytopenic purpura；CTD:MAHA;CTD:TMA;CTD:TTP,2026-09-22,
SLC2A1,P11166,6513.0,276.50,(pending API key),,inferred:44.09,,,,yes,,GC:atypical hemolytic uremic syndrome/microangiopathic hemolytic anemia；CTD:MAHA;CTD:TMA;CTD:TTP,2026-09-22,
MAPT,P10636,4137.0,257.24,(pending API key),,inferred:44.22,,,,yes,,GC:atypical hemolytic uremic syndrome；CTD:MAHA;CTD:TMA;CTD:TTP,2026-09-22,
B2M,P61769,567.0,250.20,(pending API key),,inferred:35.38,,,,yes,,GC:atypical hemolytic uremic syndrome/microangiopathic hemolytic anemia/snakebite envenoming/thrombotic；CTD:MAHA;CTD:TMA;CTD:TTP,2026-09-22,
CXCR4,P61073,7852.0,240.10,(pending API key),,inferred:68.83,,,,yes,,GC:atypical hemolytic uremic syndrome/microangiopathic hemolytic anemia/snakebite envenoming/thrombotic；CTD:MAHA;CTD:TMA;CTD:TTP;CTD:aHUS;CTD:snakebite,2026-09-22,
KRAS,P01116,3845.0,237.47,(pending API key),,inferred:41.28,,,,yes,,GC:atypical hemolytic uremic syndrome/thrombotic thrombocytopenic purpura；CTD:MAHA;CTD:TMA;CTD:TTP,2026-09-22,
PFKM,P08237,5213.0,234.33,(pending API key),,inferred:30.40,,,,yes,,GC:atypical hemolytic uremic syndrome；CTD:MAHA;CTD:TMA;CTD:TTP,2026-09-22,
CDKN2A,P42771,1029.0,226.61,(pending API key),,inferred:47.15,,,,yes,,GC:atypical hemolytic uremic syndrome；CTD:MAHA;CTD:TMA;CTD:TTP,2026-09-22,
GSS,P48637,2937.0,225.25,(pending API key),,inferred:54.72,,,,yes,,GC:atypical hemolytic uremic syndrome；CTD:MAHA;CTD:TMA;CTD:TTP,2026-09-22,
HFE,Q30201,3077.0,225.09,(pending API key),,inferred:37.58,,,,yes,,GC:atypical hemolytic uremic syndrome/thrombotic thrombocytopenic purpura；CTD:MAHA;CTD:TMA;CTD:TTP,2026-09-22,
TRPC6,Q9Y210,7225.0,222.79,(pending API key),,inferred:10.93,,,,yes,,GC:atypical hemolytic uremic syndrome/thrombotic thrombocytopenic purpura；CTD:MAHA;CTD:TMA;CTD:TTP,2026-09-22,
CTNNB1,P35222,1499.0,221.96,(pending API key),,inferred:90.68,,,,yes,,GC:atypical hemolytic uremic syndrome/microangiopathic hemolytic anemia/thrombotic thrombocytopenic pur；CTD:MAHA;CTD:TMA;CTD:TTP;CTD:aHUS,2026-09-22,
IL1RN,P18510,3557.0,212.51,0.65,,inferred:61.77,,,,yes,,GC:atypical hemolytic uremic syndrome/microangiopathic hemolytic anemia/thrombotic thrombocytopenic pur；CTD:MAHA;CTD:TMA;CTD:TTP,2026-09-22,
UGT1A6,P19224,54578.0,211.96,(pending API key),,inferred:57.80,,,,yes,,GC:atypical hemolytic uremic syndrome；CTD:MAHA;CTD:TMA;CTD:TTP,2026-09-22,
HAMP,P81172,57817.0,208.23,(pending API key),,inferred:53.46,,,,yes,,GC:atypical hemolytic uremic syndrome/thrombotic thrombocytopenic purpura；CTD:MAHA;CTD:TMA;CTD:TTP,2026-09-22,
PMM2,O15305,5373.0,200.16,(pending API key),,inferred:35.53,,,,yes,,GC:atypical hemolytic uremic syndrome；CTD:MAHA;CTD:TMA;CTD:TTP,2026-09-22,
FLT3,P36888,2322.0,199.11,(pending API key),,inferred:12.56,,,,yes,,GC:atypical hemolytic uremic syndrome/thrombotic thrombocytopenic purpura；CTD:MAHA;CTD:TMA;CTD:TTP,2026-09-22,
COQ2,Q96H96,27235.0,198.32,(pending API key),,inferred:14.77,,,,yes,,GC:atypical hemolytic uremic syndrome/thrombotic thrombocytopenic purpura；CTD:MAHA;CTD:TMA,2026-09-22,
SMPD1,P17405,6609.0,197.21,(pending API key),,inferred:27.93,,,,yes,,GC:atypical hemolytic uremic syndrome/thrombotic thrombocytopenic purpura/venom-induced consumption coa；CTD:MAHA;CTD:TMA;CTD:TTP,2026-09-22,
UGT1A7,Q9HAW7,54577.0,191.42,(pending API key),,inferred:46.52,,,,yes,,GC:atypical hemolytic uremic syndrome；CTD:MAHA;CTD:TMA;CTD:TTP,2026-09-22,
PRKCD,Q05655,5580.0,189.10,(pending API key),,inferred:39.18,,,,yes,,GC:atypical hemolytic uremic syndrome/thrombotic thrombocytopenic purpura；CTD:MAHA;CTD:TMA;CTD:TTP,2026-09-22,
GLB1,P16278,2720.0,186.96,(pending API key),,inferred:47.54,,,,yes,,GC:atypical hemolytic uremic syndrome；CTD:MAHA;CTD:TMA;CTD:TTP,2026-09-22,
APOB,P04114,338.0,186.93,(pending API key),,inferred:68.44,,,,yes,,GC:atypical hemolytic uremic syndrome；CTD:MAHA;CTD:TMA;CTD:TTP,2026-09-22,
WFS1,O76024,7466.0,184.63,(pending API key),,inferred:18.45,,,,yes,,GC:atypical hemolytic uremic syndrome/microangiopathic hemolytic anemia；CTD:MAHA;CTD:TMA;CTD:TTP,2026-09-22,
STAT1,P42224,6772.0,184.06,(pending API key),,inferred:50.57,,,,yes,,GC:atypical hemolytic uremic syndrome/thrombotic thrombocytopenic purpura；CTD:MAHA;CTD:TMA;CTD:TTP;CTD:snakebite,2026-09-22,
AIRE,O43918,326.0,182.18,(pending API key),,inferred:4.70,,,,yes,,GC:atypical hemolytic uremic syndrome/microangiopathic hemolytic anemia；CTD:MAHA;CTD:TMA,2026-09-22,
CREBBP,Q92793,1387.0,180.82,(pending API key),,inferred:38.11,,,,yes,,GC:atypical hemolytic uremic syndrome/thrombotic thrombocytopenic purpura；CTD:MAHA;CTD:TMA;CTD:TTP,2026-09-22,
CBL,P22681,867.0,174.33,(pending API key),,inferred:28.31,,,,yes,,GC:atypical hemolytic uremic syndrome/thrombotic thrombocytopenic purpura；CTD:MAHA;CTD:TMA;CTD:TTP,2026-09-22,
ATP7A,Q04656,538.0,172.43,(pending API key),,inferred:45.04,,,,yes,,GC:atypical hemolytic uremic syndrome；CTD:MAHA;CTD:TMA;CTD:TTP,2026-09-22,
IFNGR1,P15260,3459.0,168.61,(pending API key),,inferred:30.18,,,,yes,,GC:atypical hemolytic uremic syndrome；CTD:MAHA;CTD:TMA;CTD:TTP,2026-09-22,
NPHP4,O75161,261734.0,166.78,(pending API key),,inferred:35.90,,,,yes,,GC:atypical hemolytic uremic syndrome；CTD:MAHA;CTD:TMA;CTD:TTP,2026-09-22,
RHO,P08100,6010.0,165.53,(pending API key),,inferred:36.41,,,,yes,,GC:atypical hemolytic uremic syndrome/thrombotic thrombocytopenic purpura；CTD:MAHA;CTD:TMA;CTD:TTP,2026-09-22,
ABCA1,O95477,19.0,162.47,(pending API key),,inferred:60.24,,,,yes,,GC:atypical hemolytic uremic syndrome；CTD:MAHA;CTD:TMA;CTD:TTP,2026-09-22,
ITGAM,P11215,3684.0,162.38,(pending API key),,inferred:54.80,,,,yes,,GC:atypical hemolytic uremic syndrome/microangiopathic hemolytic anemia/thrombotic thrombocytopenic pur；CTD:MAHA;CTD:TMA;CTD:TTP,2026-09-22,
CYP2D6,P10635,1565.0,162.03,(pending API key),,inferred:68.22,,,,yes,,GC:atypical hemolytic uremic syndrome/thrombotic thrombocytopenic purpura；CTD:MAHA;CTD:TMA;CTD:TTP,2026-09-22,
CCND1,P24385,595.0,159.33,(pending API key),,inferred:108.41,,,,yes,,GC:atypical hemolytic uremic syndrome/thrombotic thrombocytopenic purpura；CTD:MAHA;CTD:TMA;CTD:TTP;CTD:aHUS;CTD:snakebite,2026-09-22,
CBS,P35520,875.0,158.10,(pending API key),,inferred:35.86,,,,yes,,GC:atypical hemolytic uremic syndrome；CTD:MAHA;CTD:TMA;CTD:TTP,2026-09-22,
ALPL,P05186,249.0,155.05,(pending API key),,inferred:79.06,,,,yes,,GC:atypical hemolytic uremic syndrome；CTD:MAHA;CTD:TMA;CTD:TTP,2026-09-22,
FGF23,Q9GZV9,8074.0,154.69,(pending API key),,inferred:13.02,,,,yes,,GC:atypical hemolytic uremic syndrome/microangiopathic hemolytic anemia；CTD:MAHA;CTD:TMA,2026-09-22,
ENO1,P06733,2023.0,153.71,(pending API key),,inferred:48.30,,,,yes,,GC:atypical hemolytic uremic syndrome/venom-induced consumption coagulopathy；CTD:MAHA;CTD:TMA;CTD:TTP,2026-09-22,
NOTCH1,P46531,4851.0,152.94,(pending API key),,inferred:42.57,,,,yes,,GC:atypical hemolytic uremic syndrome/thrombotic thrombocytopenic purpura；CTD:MAHA;CTD:TMA;CTD:TTP;CTD:aHUS,2026-09-22,
ABCB1,P08183,5243.0,152.63,(pending API key),,inferred:130.45,,,,yes,,GC:atypical hemolytic uremic syndrome/thrombotic thrombocytopenic purpura；CTD:MAHA;CTD:TMA;CTD:TTP;CTD:aHUS,2026-09-22,
TH,P07101,7054.0,152.31,(pending API key),,inferred:33.00,,,,yes,,GC:atypical hemolytic uremic syndrome；CTD:MAHA;CTD:TMA;CTD:TTP,2026-09-22,
CYP3A4,P08684,1576.0,151.06,(pending API key),,inferred:131.59,,,,yes,,GC:atypical hemolytic uremic syndrome/thrombotic thrombocytopenic purpura；CTD:MAHA;CTD:TMA;CTD:TTP,2026-09-22,
FLNA,P21333,2316.0,150.82,(pending API key),,inferred:26.82,,,,yes,,GC:atypical hemolytic uremic syndrome/thrombotic thrombocytopenic purpura；CTD:MAHA;CTD:TMA;CTD:TTP,2026-09-22,
RIGI,O95786,23586.0,149.16,(pending API key),,inferred:45.54,,,,yes,,GC:atypical hemolytic uremic syndrome/microangiopathic hemolytic anemia；CTD:MAHA;CTD:TMA;CTD:TTP,2026-09-22,
ABCB11,O95342,8647.0,148.74,(pending API key),,inferred:106.19,,,,yes,,GC:atypical hemolytic uremic syndrome；CTD:MAHA;CTD:TMA;CTD:TTP,2026-09-22,
MAPK1,P28482,5594.0,148.55,(pending API key),,inferred:133.61,,,,yes,,GC:atypical hemolytic uremic syndrome/thrombotic thrombocytopenic purpura；CTD:MAHA;CTD:TMA;CTD:TTP;CTD:aHUS,2026-09-22,
PAH,P00439,5053.0,148.22,(pending API key),,inferred:26.47,,,,yes,,GC:atypical hemolytic uremic syndrome；CTD:MAHA;CTD:TMA;CTD:TTP,2026-09-22,
LPL,P06858,4023.0,148.19,(pending API key),,inferred:35.61,,,,yes,,GC:atypical hemolytic uremic syndrome/thrombotic thrombocytopenic purpura；CTD:MAHA;CTD:TMA;CTD:TTP,2026-09-22,
AQP1,P29972,358.0,147.46,(pending API key),,inferred:46.46,,,,yes,,GC:atypical hemolytic uremic syndrome/microangiopathic hemolytic anemia；CTD:MAHA;CTD:TMA;CTD:TTP,2026-09-22,
H19,,283120.0,147.12,(pending API key),,inferred:34.51,,,,yes,,GC:atypical hemolytic uremic syndrome/snakebite envenoming；CTD:MAHA;CTD:TMA;CTD:TTP,2026-09-22,
SOD1,P00441,6647.0,146.28,(pending API key),,inferred:105.94,,,,yes,,GC:atypical hemolytic uremic syndrome/thrombotic thrombocytopenic purpura；CTD:MAHA;CTD:TMA;CTD:TTP,2026-09-22,
OTC,P00480,5009.0,146.01,(pending API key),,inferred:44.76,,,,yes,,GC:atypical hemolytic uremic syndrome；CTD:MAHA;CTD:TMA;CTD:TTP,2026-09-22,
NFKBIA,P25963,4792.0,144.38,(pending API key),,inferred:88.51,,,,yes,,GC:atypical hemolytic uremic syndrome/microangiopathic hemolytic anemia/thrombotic thrombocytopenic pur；CTD:MAHA;CTD:TMA;CTD:TTP;CTD:aHUS,2026-09-22,
STXBP2,Q15833,6813.0,143.31,(pending API key),,inferred:16.58,,,,yes,,GC:atypical hemolytic uremic syndrome/thrombotic thrombocytopenic purpura；CTD:MAHA;CTD:TMA;CTD:TTP,2026-09-22,
HLA-B,P01889,3106.0,142.11,(pending API key),,inferred:61.09,,,,yes,,GC:atypical hemolytic uremic syndrome/thrombotic thrombocytopenic purpura；CTD:MAHA;CTD:TMA;CTD:TTP,2026-09-22,
PRNP,P04156,5621.0,141.47,(pending API key),,inferred:43.10,,,,yes,,GC:atypical hemolytic uremic syndrome/thrombotic thrombocytopenic purpura；CTD:MAHA;CTD:TMA;CTD:TTP,2026-09-22,
ABCA4,P78363,24.0,141.29,(pending API key),,inferred:17.21,,,,yes,,GC:atypical hemolytic uremic syndrome/thrombotic thrombocytopenic purpura；CTD:MAHA;CTD:TMA;CTD:TTP,2026-09-22,
CD36,P16671,948.0,141.20,0.55,,inferred:69.93,,,,yes,,GC:atypical hemolytic uremic syndrome/thrombotic thrombocytopenic purpura；CTD:MAHA;CTD:TMA;CTD:TTP,2026-09-22,
SLC35C1,Q96A29,55343.0,140.63,(pending API key),,inferred:18.63,,,,yes,,GC:atypical hemolytic uremic syndrome；CTD:MAHA;CTD:TMA,2026-09-22,
BAX,Q07812,581.0,140.32,(pending API key),,inferred:147.72,,,,yes,,GC:atypical hemolytic uremic syndrome/microangiopathic hemolytic anemia/thrombotic thrombocytopenic pur；CTD:MAHA;CTD:TMA;CTD:TTP;CTD:aHUS,2026-09-22,
CASP8,Q14790,841.0,140.15,(pending API key),,inferred:104.15,,,,yes,,GC:atypical hemolytic uremic syndrome/thrombotic thrombocytopenic purpura；CTD:MAHA;CTD:TMA;CTD:TTP;CTD:aHUS,2026-09-22,
HNF4A,P41235,3172.0,139.66,(pending API key),,inferred:47.07,,,,yes,,GC:atypical hemolytic uremic syndrome；CTD:MAHA;CTD:TMA;CTD:TTP,2026-09-22,
ALG13,Q9NP73,79868.0,138.60,(pending API key),,inferred:10.88,,,,yes,,GC:atypical hemolytic uremic syndrome；CTD:MAHA;CTD:TMA,2026-09-22,
LGALS3,P17931,3958.0,137.93,(pending API key),,inferred:61.55,,,,yes,,GC:atypical hemolytic uremic syndrome；CTD:MAHA;CTD:TMA;CTD:TTP,2026-09-22,
ALG1,Q9BT22,56052.0,137.63,(pending API key),,inferred:19.66,,,,yes,,GC:atypical hemolytic uremic syndrome；CTD:MAHA;CTD:TMA;CTD:TTP,2026-09-22,
BDNF,P23560,627.0,136.99,(pending API key),,inferred:57.31,,,,yes,,GC:atypical hemolytic uremic syndrome；CTD:MAHA;CTD:TMA;CTD:TTP;CTD:aHUS;CTD:snakebite,2026-09-22,
GHR,P10912,2690.0,136.93,(pending API key),,inferred:51.75,,,,yes,,GC:atypical hemolytic uremic syndrome；CTD:MAHA;CTD:TMA;CTD:TTP,2026-09-22,
MDM2,Q00987,4193.0,136.50,(pending API key),,inferred:75.89,,,,yes,,GC:atypical hemolytic uremic syndrome；CTD:MAHA;CTD:TMA;CTD:TTP;CTD:aHUS,2026-09-22,
CYP27A1,Q02318,1593.0,135.80,(pending API key),,inferred:51.97,,,,yes,,GC:atypical hemolytic uremic syndrome；CTD:MAHA;CTD:TMA;CTD:TTP,2026-09-22,
TRPS1,Q9UHF7,7227.0,135.79,(pending API key),,inferred:15.55,,,,yes,,GC:atypical hemolytic uremic syndrome；CTD:MAHA;CTD:TMA;CTD:TTP,2026-09-22,
COMT,P21964,1312.0,135.51,(pending API key),,inferred:40.75,,,,yes,,GC:atypical hemolytic uremic syndrome；CTD:MAHA;CTD:TMA;CTD:TTP,2026-09-22,
SLC37A4,O43826,2542.0,134.89,(pending API key),,inferred:17.30,,,,yes,,GC:atypical hemolytic uremic syndrome；CTD:MAHA;CTD:TMA;CTD:TTP,2026-09-22,
WASL,O00401,8976.0,133.76,(pending API key),,inferred:26.10,,,,yes,,GC:atypical hemolytic uremic syndrome/microangiopathic hemolytic anemia；CTD:MAHA;CTD:TMA;CTD:TTP,2026-09-22,
ASS1,P00966,445.0,132.93,(pending API key),,inferred:41.74,,,,yes,,GC:atypical hemolytic uremic syndrome；CTD:MAHA;CTD:TMA;CTD:TTP,2026-09-22,
SLC19A1,P41440,6573.0,132.67,(pending API key),,inferred:40.24,,,,yes,,GC:atypical hemolytic uremic syndrome；CTD:MAHA;CTD:TMA;CTD:TTP,2026-09-22,
PPARG,P37231,5468.0,132.21,(pending API key),,inferred:90.11,,,,yes,,GC:atypical hemolytic uremic syndrome/snakebite envenoming/thrombotic thrombocytopenic purpura；CTD:MAHA;CTD:TMA;CTD:TTP;CTD:aHUS,2026-09-22,
ALG2,Q9H553,85365.0,131.15,(pending API key),,inferred:27.64,,,,yes,,GC:atypical hemolytic uremic syndrome；CTD:MAHA;CTD:TMA;CTD:TTP,2026-09-22,
ACTA2,P62736,59.0,130.84,(pending API key),,inferred:59.53,,,,yes,,GC:atypical hemolytic uremic syndrome/microangiopathic hemolytic anemia；CTD:MAHA;CTD:TMA;CTD:TTP;CTD:snakebite,2026-09-22,
COL1A1,P02452,1277.0,130.01,(pending API key),,inferred:91.59,,,,yes,,GC:atypical hemolytic uremic syndrome；CTD:MAHA;CTD:TMA;CTD:TTP;CTD:aHUS,2026-09-22,
QDPR,P09417,5860.0,130.00,(pending API key),,inferred:26.02,,,,yes,,GC:atypical hemolytic uremic syndrome；CTD:MAHA;CTD:TMA;CTD:TTP,2026-09-22,
EIF2AK3,Q9NZJ5,9451.0,129.98,(pending API key),,inferred:65.20,,,,yes,,GC:atypical hemolytic uremic syndrome；CTD:MAHA;CTD:TMA;CTD:TTP,2026-09-22,
PCSK9,Q8NBP7,255738.0,129.18,(pending API key),,inferred:34.86,,,,yes,,GC:atypical hemolytic uremic syndrome；CTD:MAHA;CTD:TMA;CTD:TTP;CTD:aHUS,2026-09-22,
SAA1,P0DJI8,6288.0,129.16,(pending API key),,inferred:22.62,,,,yes,,GC:atypical hemolytic uremic syndrome/snakebite envenoming/thrombotic thrombocytopenic purpura；CTD:MAHA;CTD:TMA;CTD:TTP,2026-09-22,
BMP2,P12643,650.0,128.69,(pending API key),,inferred:46.74,,,,yes,,GC:atypical hemolytic uremic syndrome；CTD:MAHA;CTD:TMA;CTD:TTP,2026-09-22,
CCL3,P10147,6348.0,128.21,(pending API key),,inferred:75.10,,,,yes,,GC:atypical hemolytic uremic syndrome；CTD:MAHA;CTD:TMA;CTD:TTP;CTD:aHUS,2026-09-22,
FRAS1,Q86XX4,80144.0,128.03,(pending API key),,inferred:25.16,,,,yes,,GC:atypical hemolytic uremic syndrome；CTD:MAHA;CTD:TMA;CTD:TTP,2026-09-22,
EDNRB,P24530,1910.0,127.77,(pending API key),,inferred:44.37,,,,yes,,GC:atypical hemolytic uremic syndrome；CTD:MAHA;CTD:TMA;CTD:TTP,2026-09-22,
NLRP1,Q9C000,22861.0,126.76,(pending API key),,inferred:7.50,,,,yes,,GC:atypical hemolytic uremic syndrome；CTD:MAHA;CTD:TMA;CTD:TTP,2026-09-22,
UGT1A10,Q9HAW8,54575.0,126.44,(pending API key),,inferred:47.06,,,,yes,,GC:atypical hemolytic uremic syndrome；CTD:MAHA;CTD:TMA,2026-09-22,
MPI,P34949,4351.0,126.37,(pending API key),,inferred:16.50,,,,yes,,GC:atypical hemolytic uremic syndrome；CTD:MAHA;CTD:TMA;CTD:TTP,2026-09-22,
ALG6,Q9Y672,29929.0,126.31,(pending API key),,inferred:26.07,,,,yes,,GC:atypical hemolytic uremic syndrome；CTD:MAHA;CTD:TMA;CTD:TTP,2026-09-22,
CYP2C19,P33261,1557.0,125.84,(pending API key),,inferred:87.73,,,,yes,,GC:atypical hemolytic uremic syndrome/thrombotic thrombocytopenic purpura；CTD:MAHA;CTD:TMA;CTD:TTP,2026-09-22,
ABCC6,O95255,368.0,125.64,(pending API key),,inferred:45.74,,,,yes,,GC:atypical hemolytic uremic syndrome；CTD:MAHA;CTD:TMA;CTD:TTP,2026-09-22,
UGT1A8,Q9HAW9,54576.0,125.52,(pending API key),,inferred:48.21,,,,yes,,GC:atypical hemolytic uremic syndrome；CTD:MAHA;CTD:TMA;CTD:TTP,2026-09-22,
SLC6A4,P31645,6532.0,124.94,(pending API key),,inferred:32.37,,,,yes,,GC:atypical hemolytic uremic syndrome；CTD:MAHA;CTD:TMA;CTD:TTP,2026-09-22,
CYP1A2,P05177,1544.0,124.81,(pending API key),,inferred:125.65,,,,yes,,GC:atypical hemolytic uremic syndrome/thrombotic thrombocytopenic purpura；CTD:MAHA;CTD:TMA;CTD:TTP,2026-09-22,
MAPK3,P27361,5595.0,124.31,(pending API key),,inferred:134.39,,,,yes,,GC:atypical hemolytic uremic syndrome/thrombotic thrombocytopenic purpura；CTD:MAHA;CTD:TMA;CTD:TTP;CTD:aHUS,2026-09-22,
UGT1A4,P22310,54657.0,123.66,(pending API key),,inferred:25.29,,,,yes,,GC:atypical hemolytic uremic syndrome；CTD:MAHA;CTD:TMA,2026-09-22,
ADAMTS1,Q9UHI8,9510.0,123.60,(pending API key),,inferred:42.95,,,,yes,,GC:atypical hemolytic uremic syndrome/thrombotic thrombocytopenic purpura；CTD:MAHA;CTD:TMA;CTD:TTP,2026-09-22,
PC,P11498,5091.0,123.39,(pending API key),,inferred:29.02,,,,yes,,GC:atypical hemolytic uremic syndrome；CTD:MAHA;CTD:TMA;CTD:TTP,2026-09-22,
CHAT,P28329,1103.0,122.73,(pending API key),,inferred:7.82,,,,yes,,GC:atypical hemolytic uremic syndrome；CTD:MAHA;CTD:TMA;CTD:TTP,2026-09-22,
ENPP1,P22413,5167.0,122.42,(pending API key),,inferred:47.15,,,,yes,,GC:atypical hemolytic uremic syndrome；CTD:MAHA;CTD:TMA;CTD:TTP,2026-09-22,
SRC,P12931,6714.0,122.18,(pending API key),,inferred:66.17,,,,yes,,GC:atypical hemolytic uremic syndrome/thrombotic thrombocytopenic purpura；CTD:MAHA;CTD:TMA;CTD:TTP;CTD:aHUS,2026-09-22,
CXCL1,P09341,2919.0,121.46,(pending API key),,inferred:88.78,,,,yes,,GC:atypical hemolytic uremic syndrome；CTD:MAHA;CTD:TMA;CTD:TTP;CTD:aHUS,2026-09-22,
GATA2,P23769,2624.0,120.98,(pending API key),,inferred:24.77,,,,yes,,GC:atypical hemolytic uremic syndrome/thrombotic thrombocytopenic purpura；CTD:MAHA;CTD:TMA;CTD:TTP;CTD:snakebite,2026-09-22,
ALAD,P13716,210.0,120.77,(pending API key),,inferred:41.74,,,,yes,,GC:atypical hemolytic uremic syndrome；CTD:MAHA;CTD:TMA;CTD:TTP,2026-09-22,
CASR,P41180,846.0,120.04,(pending API key),,inferred:12.53,,,,yes,,GC:atypical hemolytic uremic syndrome；CTD:MAHA;CTD:TMA;CTD:TTP,2026-09-22,
SRD5A3,Q9H8P0,79644.0,119.68,(pending API key),,inferred:31.22,,,,yes,,GC:atypical hemolytic uremic syndrome；CTD:MAHA;CTD:TMA;CTD:TTP,2026-09-22,
ALG8,Q9BVK2,79053.0,118.73,(pending API key),,inferred:21.70,,,,yes,,GC:atypical hemolytic uremic syndrome；CTD:MAHA;CTD:TMA;CTD:TTP,2026-09-22,
FLNB,O75369,2317.0,118.36,(pending API key),,inferred:40.77,,,,yes,,GC:atypical hemolytic uremic syndrome；CTD:MAHA;CTD:TMA;CTD:TTP,2026-09-22,
RAC1,P63000,5879.0,117.84,(pending API key),,inferred:47.81,,,,yes,,GC:atypical hemolytic uremic syndrome；CTD:MAHA;CTD:TMA;CTD:TTP,2026-09-22,
RASGRP1,O95267,10125.0,117.65,(pending API key),,inferred:37.72,,,,yes,,GC:atypical hemolytic uremic syndrome/thrombotic thrombocytopenic purpura；CTD:MAHA;CTD:TMA;CTD:TTP,2026-09-22,
GJA1,P17302,2697.0,115.89,(pending API key),,inferred:44.70,,,,yes,,GC:atypical hemolytic uremic syndrome；CTD:MAHA;CTD:TMA;CTD:TTP,2026-09-22,
PGM1,P36871,5236.0,115.34,(pending API key),,inferred:33.32,,,,yes,,GC:atypical hemolytic uremic syndrome；CTD:MAHA;CTD:TMA;CTD:TTP,2026-09-22,
SPP1,P10451,6696.0,114.66,(pending API key),,inferred:89.46,,,,yes,,GC:atypical hemolytic uremic syndrome/microangiopathic hemolytic anemia；CTD:MAHA;CTD:TMA;CTD:TTP;CTD:aHUS,2026-09-22,
PON1,P27169,5444.0,114.63,(pending API key),,inferred:54.49,,,,yes,,GC:atypical hemolytic uremic syndrome/microangiopathic hemolytic anemia；CTD:MAHA;CTD:TMA;CTD:TTP,2026-09-22,
FERMT1,Q9BQL6,55612.0,114.63,(pending API key),,inferred:25.16,,,,yes,,GC:atypical hemolytic uremic syndrome；CTD:MAHA;CTD:TMA;CTD:TTP,2026-09-22,
RAC2,P15153,5880.0,114.56,(pending API key),,inferred:28.33,,,,yes,,GC:atypical hemolytic uremic syndrome；CTD:MAHA;CTD:TMA;CTD:TTP,2026-09-22,
MIR223,,407008.0,114.07,(pending API key),,inferred:20.03,,,,yes,,GC:atypical hemolytic uremic syndrome；CTD:MAHA;CTD:TMA;CTD:TTP,2026-09-22,
PPARA,Q07869,5465.0,113.94,(pending API key),,inferred:81.47,,,,yes,,GC:atypical hemolytic uremic syndrome；CTD:MAHA;CTD:TMA;CTD:TTP;CTD:aHUS,2026-09-22,
SNAI2,O43623,6591.0,113.90,(pending API key),,inferred:40.02,,,,yes,,GC:atypical hemolytic uremic syndrome；CTD:MAHA;CTD:TMA;CTD:TTP,2026-09-22,
NUP62,P37198,23636.0,113.89,(pending API key),,inferred:15.82,,,,yes,,GC:atypical hemolytic uremic syndrome；CTD:MAHA;CTD:TMA;CTD:TTP,2026-09-22,
ODC1,P11926,4953.0,113.80,(pending API key),,inferred:68.93,,,,no (wide set),,GC:atypical hemolytic uremic syndrome；CTD:MAHA;CTD:TMA;CTD:TTP,2026-09-22,
HSPA5,P11021,3309.0,113.33,(pending API key),,inferred:100.63,,,,no (wide set),,GC:atypical hemolytic uremic syndrome；CTD:MAHA;CTD:TMA;CTD:TTP;CTD:aHUS;CTD:snakebite,2026-09-22,
MIR155,,406947.0,112.43,(pending API key),,inferred:37.80,,,,no (wide set),,GC:atypical hemolytic uremic syndrome/thrombotic thrombocytopenic purpura；CTD:MAHA;CTD:TMA;CTD:TTP,2026-09-22,
NLRC4,Q9NPP4,58484.0,111.97,(pending API key),,inferred:14.02,,,,no (wide set),,GC:atypical hemolytic uremic syndrome/microangiopathic hemolytic anemia/thrombotic thrombocytopenic pur；CTD:MAHA;CTD:TMA;CTD:TTP,2026-09-22,
FGF2,P09038,2247.0,111.82,(pending API key),,inferred:60.73,,,,yes,,GC:atypical hemolytic uremic syndrome/thrombotic thrombocytopenic purpura；CTD:MAHA;CTD:TMA;CTD:TTP;CTD:aHUS,2026-09-22,
ALG12,Q9BV10,79087.0,111.14,(pending API key),,inferred:14.54,,,,no (wide set),,GC:atypical hemolytic uremic syndrome；CTD:MAHA;CTD:TMA,2026-09-22,
KL,Q9UEF7,9365.0,110.99,(pending API key),,inferred:33.63,,,,no (wide set),,GC:atypical hemolytic uremic syndrome；CTD:MAHA;CTD:TMA;CTD:TTP,2026-09-22,
HMBS,P08397,3145.0,110.60,(pending API key),,inferred:31.91,,,,no (wide set),,GC:atypical hemolytic uremic syndrome；CTD:MAHA;CTD:TMA;CTD:TTP,2026-09-22,
CYBA,P13498,1535.0,110.08,(pending API key),,inferred:57.87,,,,no (wide set),,GC:atypical hemolytic uremic syndrome；CTD:MAHA;CTD:TMA;CTD:TTP,2026-09-22,
CYP2B6,P20813,1555.0,109.99,(pending API key),,inferred:49.87,,,,no (wide set),,GC:atypical hemolytic uremic syndrome；CTD:MAHA;CTD:TMA;CTD:TTP,2026-09-22,
SMAD2,Q15796,4087.0,109.92,(pending API key),,inferred:32.68,,,,no (wide set),,GC:atypical hemolytic uremic syndrome；CTD:MAHA;CTD:TMA;CTD:TTP,2026-09-22,
CDH1,P12830,999.0,109.62,(pending API key),,inferred:73.27,,,,no (wide set),,GC:atypical hemolytic uremic syndrome；CTD:MAHA;CTD:TMA;CTD:TTP;CTD:aHUS,2026-09-22,
CHST3,Q7LGC8,9469.0,109.32,(pending API key),,inferred:24.10,,,,no (wide set),,GC:atypical hemolytic uremic syndrome；CTD:MAHA;CTD:TMA;CTD:TTP,2026-09-22,
AHR,P35869,196.0,109.23,(pending API key),,inferred:77.16,,,,no (wide set),,GC:atypical hemolytic uremic syndrome；CTD:MAHA;CTD:TMA;CTD:TTP,2026-09-22,
CXCL5,P42830,6374.0,109.22,(pending API key),,inferred:35.26,,,,no (wide set),,GC:atypical hemolytic uremic syndrome/thrombotic thrombocytopenic purpura；CTD:MAHA;CTD:TMA;CTD:TTP,2026-09-22,
CYP2C9,P11712,1559.0,108.85,(pending API key),,inferred:108.00,,,,yes,,GC:atypical hemolytic uremic syndrome/thrombotic thrombocytopenic purpura；CTD:MAHA;CTD:TMA;CTD:TTP,2026-09-22,
DOLK,Q9UPQ8,22845.0,107.84,(pending API key),,inferred:35.56,,,,no (wide set),,GC:atypical hemolytic uremic syndrome；CTD:MAHA;CTD:TMA;CTD:TTP,2026-09-22,
FN1,P02751,2335.0,107.18,(pending API key),,inferred:63.33,,,,no (wide set),,GC:atypical hemolytic uremic syndrome；CTD:MAHA;CTD:TMA;CTD:TTP,2026-09-22,
HSPD1,P10809,3329.0,107.16,(pending API key),,inferred:61.66,,,,no (wide set),,GC:atypical hemolytic uremic syndrome/thrombotic thrombocytopenic purpura；CTD:MAHA;CTD:TMA;CTD:TTP,2026-09-22,
PGD,P52209,5226.0,107.11,(pending API key),,inferred:66.86,,,,no (wide set),,GC:atypical hemolytic uremic syndrome；CTD:MAHA;CTD:TMA;CTD:TTP,2026-09-22,
BMP4,P12644,652.0,106.99,(pending API key),,inferred:52.12,,,,no (wide set),,GC:atypical hemolytic uremic syndrome；CTD:MAHA;CTD:TMA;CTD:TTP,2026-09-22,
VDR,P11473,7421.0,106.98,(pending API key),,inferred:46.61,,,,no (wide set),,GC:atypical hemolytic uremic syndrome/thrombotic thrombocytopenic purpura；CTD:MAHA;CTD:TMA;CTD:TTP,2026-09-22,
UGT1A9,O60656,54600.0,106.82,(pending API key),,inferred:52.19,,,,no (wide set),,GC:atypical hemolytic uremic syndrome；CTD:MAHA;CTD:TMA;CTD:TTP,2026-09-22,
MIR21,,406991.0,106.78,(pending API key),,inferred:39.02,,,,no (wide set),,GC:atypical hemolytic uremic syndrome/thrombotic thrombocytopenic purpura；CTD:MAHA;CTD:TMA;CTD:TTP,2026-09-22,
IGFBP1,P08833,3484.0,106.48,(pending API key),,inferred:60.60,,,,no (wide set),,GC:atypical hemolytic uremic syndrome；CTD:MAHA;CTD:TMA;CTD:TTP,2026-09-22,
CTSB,P07858,1508.0,106.45,(pending API key),,inferred:86.80,,,,no (wide set),,GC:atypical hemolytic uremic syndrome；CTD:MAHA;CTD:TMA;CTD:TTP,2026-09-22,
PPARD,Q03181,5467.0,106.27,(pending API key),,inferred:43.05,,,,no (wide set),,GC:atypical hemolytic uremic syndrome；CTD:MAHA;CTD:TMA;CTD:TTP;CTD:aHUS,2026-09-22,
APOC3,P02656,345.0,105.66,(pending API key),,inferred:32.66,,,,no (wide set),,GC:atypical hemolytic uremic syndrome/snakebite envenoming；CTD:MAHA;CTD:TMA;CTD:TTP,2026-09-22,
COG8,Q96MW5,84342.0,105.44,(pending API key),,inferred:10.94,,,,no (wide set),,GC:atypical hemolytic uremic syndrome；CTD:MAHA,2026-09-22,
MIR146A,,406938.0,105.32,(pending API key),,inferred:18.78,,,,no (wide set),,GC:atypical hemolytic uremic syndrome/thrombotic thrombocytopenic purpura；CTD:MAHA;CTD:TMA;CTD:TTP,2026-09-22,
AGL,P35573,178.0,104.99,(pending API key),,inferred:26.10,,,,no (wide set),,GC:atypical hemolytic uremic syndrome；CTD:MAHA;CTD:TMA;CTD:TTP,2026-09-22,
LRP2,P98164,4036.0,104.96,(pending API key),,inferred:23.48,,,,no (wide set),,GC:atypical hemolytic uremic syndrome；CTD:MAHA;CTD:TMA;CTD:TTP,2026-09-22,
COX15,Q7KZN9,1355.0,104.85,(pending API key),,inferred:23.92,,,,no (wide set),,GC:atypical hemolytic uremic syndrome；CTD:MAHA;CTD:TMA,2026-09-22,
FGB,P02675,2244.0,104.74,(pending API key),,inferred:32.32,,,,no (wide set),,GC:atypical hemolytic uremic syndrome；CTD:MAHA;CTD:TMA;CTD:TTP,2026-09-22,
NTRK1,P04629,4914.0,104.54,(pending API key),,inferred:25.27,,,,yes,,GC:atypical hemolytic uremic syndrome/thrombotic thrombocytopenic purpura；CTD:MAHA;CTD:TMA;CTD:TTP,2026-09-22,
MIR29A,,407021.0,104.45,(pending API key),,inferred:14.50,,,,no (wide set),,GC:atypical hemolytic uremic syndrome；CTD:MAHA;CTD:TMA;CTD:TTP,2026-09-22,
TRPV1,Q8NER1,7442.0,103.52,(pending API key),,inferred:32.16,,,,no (wide set),,GC:atypical hemolytic uremic syndrome；CTD:MAHA;CTD:TMA;CTD:TTP,2026-09-22,
CASP1,P29466,834.0,103.48,(pending API key),,inferred:67.63,,,,no (wide set),,GC:atypical hemolytic uremic syndrome/microangiopathic hemolytic anemia/snakebite envenoming/thrombotic；CTD:MAHA;CTD:TMA;CTD:TTP;CTD:aHUS,2026-09-22,
PWAR1,,145624.0,109.44,(pending API key),,inferred:3.17,,,,yes,,GC:atypical hemolytic uremic syndrome/thrombotic thrombocytopenic purpura；CTD:MAHA,2026-09-22,
ZBTB25,P24278,7597.0,102.89,(pending API key),,inferred:20.27,,,,no (wide set),,GC:atypical hemolytic uremic syndrome；CTD:MAHA;CTD:TMA;CTD:TTP,2026-09-22,
FHL1,Q13642,2273.0,102.68,(pending API key),,inferred:35.94,,,,no (wide set),,GC:atypical hemolytic uremic syndrome；CTD:MAHA;CTD:TMA;CTD:TTP,2026-09-22,
PCCB,P05166,5096.0,102.47,(pending API key),,inferred:37.69,,,,no (wide set),,GC:atypical hemolytic uremic syndrome；CTD:MAHA;CTD:TMA;CTD:TTP,2026-09-22,
OCLN,Q16625,100506658.0,102.12,(pending API key),,inferred:53.20,,,,no (wide set),,GC:atypical hemolytic uremic syndrome；CTD:MAHA;CTD:TMA;CTD:TTP,2026-09-22,
SFTA3,,253970.0,101.66,(pending API key),,inferred:2.53,,,,no (wide set),,GC:atypical hemolytic uremic syndrome；CTD:MAHA,2026-09-22,
IL33,O95760,90865.0,100.81,(pending API key),,inferred:28.29,,,,yes,,GC:atypical hemolytic uremic syndrome/snakebite envenoming/thrombotic thrombocytopenic purpura/venom-in；CTD:MAHA;CTD:TMA;CTD:TTP,2026-09-22,
ANGPTL3,Q9Y5C1,27329.0,100.42,(pending API key),,inferred:40.65,,,,no (wide set),,GC:atypical hemolytic uremic syndrome；CTD:MAHA;CTD:TMA;CTD:TTP,2026-09-22,
IL12B,P29460,3593.0,100.28,(pending API key),,inferred:69.09,,,,no (wide set),,GC:atypical hemolytic uremic syndrome；CTD:MAHA;CTD:TMA;CTD:TTP,2026-09-22,
ESM1,Q9NQ30,11082.0,100.11,(pending API key),,inferred:23.55,,,,no (wide set),,GC:atypical hemolytic uremic syndrome；CTD:MAHA;CTD:TMA;CTD:TTP,2026-09-22,
FERMT3,Q86UX7,83706.0,100.10,(pending API key),,inferred:13.53,,,,no (wide set),,GC:atypical hemolytic uremic syndrome；CTD:MAHA;CTD:TMA;CTD:TTP,2026-09-22,
CYP1A1,P04798,1543.0,99.95,(pending API key),,inferred:119.21,,,,no (wide set),,GC:atypical hemolytic uremic syndrome/thrombotic thrombocytopenic purpura；CTD:MAHA;CTD:TMA;CTD:TTP,2026-09-22,
APOA2,P02652,336.0,98.25,(pending API key),,inferred:29.42,,,,no (wide set),,GC:atypical hemolytic uremic syndrome；CTD:MAHA;CTD:TMA;CTD:TTP,2026-09-22,
RORC,P51449,6097.0,98.02,(pending API key),,inferred:37.49,,,,yes,,GC:atypical hemolytic uremic syndrome/thrombotic thrombocytopenic purpura；CTD:MAHA;CTD:TMA;CTD:TTP,2026-09-22,
FOXO3,O43524,2309.0,97.72,(pending API key),,inferred:27.62,,,,no (wide set),,GC:atypical hemolytic uremic syndrome；CTD:MAHA;CTD:TMA;CTD:TTP,2026-09-22,
PPP1R17,O96001,10842.0,97.56,(pending API key),,inferred:16.79,,,,no (wide set),,GC:atypical hemolytic uremic syndrome；CTD:MAHA;CTD:TMA;CTD:TTP,2026-09-22,
ACADM,P11310,34.0,97.52,(pending API key),,inferred:45.10,,,,no (wide set),,GC:atypical hemolytic uremic syndrome；CTD:MAHA;CTD:TMA;CTD:TTP,2026-09-22,
KCNQ1OT1,,10984.0,96.32,(pending API key),,inferred:26.07,,,,no (wide set),,GC:atypical hemolytic uremic syndrome；CTD:MAHA;CTD:TMA;CTD:TTP,2026-09-22,
NCF1,P14598,653361.0,96.30,(pending API key),,inferred:31.75,,,,no (wide set),,GC:atypical hemolytic uremic syndrome/thrombotic thrombocytopenic purpura；CTD:MAHA;CTD:TMA;CTD:TTP,2026-09-22,
CLDN1,O95832,9076.0,95.72,(pending API key),,inferred:47.52,,,,no (wide set),,GC:atypical hemolytic uremic syndrome；CTD:MAHA;CTD:TMA;CTD:TTP,2026-09-22,
PTH,P01270,5741.0,95.22,(pending API key),,inferred:17.62,,,,no (wide set),,GC:atypical hemolytic uremic syndrome；CTD:MAHA;CTD:TMA;CTD:TTP,2026-09-22,
SPG7,Q9UQ90,6687.0,94.88,(pending API key),,inferred:27.35,,,,no (wide set),,GC:atypical hemolytic uremic syndrome；CTD:MAHA;CTD:TMA;CTD:TTP,2026-09-22,
TNFRSF11B,O00300,4982.0,94.68,(pending API key),,inferred:54.39,,,,no (wide set),,GC:atypical hemolytic uremic syndrome；CTD:MAHA;CTD:TMA;CTD:TTP;CTD:aHUS,2026-09-22,
CYP1B1,Q16678,1545.0,94.63,(pending API key),,inferred:85.95,,,,no (wide set),,GC:atypical hemolytic uremic syndrome；CTD:MAHA;CTD:TMA;CTD:TTP,2026-09-22,
FGFBP1,Q14512,9982.0,93.07,(pending API key),,inferred:15.84,,,,no (wide set),,GC:atypical hemolytic uremic syndrome；CTD:MAHA;CTD:TMA;CTD:TTP,2026-09-22,
PER3,P56645,8863.0,93.03,(pending API key),,inferred:41.50,,,,no (wide set),,GC:atypical hemolytic uremic syndrome；CTD:MAHA;CTD:TMA;CTD:TTP,2026-09-22,
MIR150,,406942.0,92.76,(pending API key),,inferred:11.08,,,,no (wide set),,GC:atypical hemolytic uremic syndrome；CTD:MAHA;CTD:TMA;CTD:TTP,2026-09-22,
UGT1A3,P35503,54659.0,92.25,(pending API key),,inferred:69.06,,,,no (wide set),,GC:atypical hemolytic uremic syndrome；CTD:MAHA;CTD:TMA;CTD:TTP,2026-09-22,
YAP1,P46937,10413.0,92.25,(pending API key),,inferred:31.70,,,,no (wide set),,GC:atypical hemolytic uremic syndrome/thrombotic thrombocytopenic purpura；CTD:MAHA;CTD:TMA;CTD:TTP;CTD:aHUS,2026-09-22,
GLI1,P08151,2735.0,92.23,(pending API key),,inferred:22.62,,,,no (wide set),,GC:atypical hemolytic uremic syndrome；CTD:MAHA;CTD:TMA;CTD:TTP,2026-09-22,
MIR320A,,407037.0,92.15,(pending API key),,inferred:12.77,,,,no (wide set),,GC:atypical hemolytic uremic syndrome；CTD:MAHA;CTD:TMA;CTD:TTP,2026-09-22,
ADAM17,P78536,6868.0,91.77,(pending API key),,inferred:33.94,,,,no (wide set),,GC:atypical hemolytic uremic syndrome/thrombotic thrombocytopenic purpura；CTD:MAHA;CTD:TMA;CTD:TTP;CTD:aHUS,2026-09-22,
PIGT,Q969N2,51604.0,91.39,(pending API key),,inferred:10.67,,,,no (wide set),,GC:atypical hemolytic uremic syndrome；CTD:MAHA;CTD:TMA,2026-09-22,
ERCC1,P07992,2067.0,90.78,(pending API key),,inferred:43.03,,,,no (wide set),,GC:atypical hemolytic uremic syndrome；CTD:MAHA;CTD:TMA;CTD:TTP,2026-09-22,
VCL,P18206,7414.0,90.05,(pending API key),,inferred:53.49,,,,no (wide set),,GC:atypical hemolytic uremic syndrome/microangiopathic hemolytic anemia/thrombotic thrombocytopenic pur；CTD:MAHA;CTD:TMA;CTD:TTP,2026-09-22,
CAMP,P49913,820.0,89.77,(pending API key),,inferred:19.41,,,,no (wide set),,GC:atypical hemolytic uremic syndrome/microangiopathic hemolytic anemia；CTD:MAHA;CTD:TMA;CTD:TTP,2026-09-22,
IL6R,P08887,3570.0,89.39,(pending API key),,inferred:35.14,,,,no (wide set),,GC:atypical hemolytic uremic syndrome；CTD:MAHA;CTD:TMA;CTD:TTP,2026-09-22,
PWAR4,,347745.0,89.33,(pending API key),,inferred:2.92,,,,no (wide set),,GC:atypical hemolytic uremic syndrome/thrombotic thrombocytopenic purpura；CTD:MAHA,2026-09-22,
TNFSF11,O14788,8600.0,89.30,(pending API key),,inferred:45.43,,,,no (wide set),,GC:atypical hemolytic uremic syndrome；CTD:MAHA;CTD:TMA;CTD:TTP,2026-09-22,
CD34,P28906,947.0,89.12,(pending API key),,inferred:24.59,,,,no (wide set),,GC:atypical hemolytic uremic syndrome；CTD:MAHA;CTD:TMA;CTD:TTP,2026-09-22,
EIF2AK4,Q9P2K8,440275.0,89.04,(pending API key),,inferred:22.92,,,,no (wide set),,GC:atypical hemolytic uremic syndrome；CTD:MAHA;CTD:TMA;CTD:TTP,2026-09-22,
GPX1,P07203,2876.0,88.94,(pending API key),,inferred:89.47,,,,no (wide set),,GC:atypical hemolytic uremic syndrome；CTD:MAHA;CTD:TMA;CTD:TTP,2026-09-22,
EDNRA,P25101,1909.0,88.68,(pending API key),,inferred:31.56,,,,no (wide set),,GC:atypical hemolytic uremic syndrome；CTD:MAHA;CTD:TMA;CTD:TTP,2026-09-22,
FOLR1,P15328,2348.0,88.65,(pending API key),,inferred:38.25,,,,no (wide set),,GC:atypical hemolytic uremic syndrome；CTD:MAHA;CTD:TMA;CTD:TTP,2026-09-22,
MIR140,,406932.0,88.37,(pending API key),,inferred:14.52,,,,no (wide set),,GC:atypical hemolytic uremic syndrome；CTD:MAHA;CTD:TMA;CTD:TTP,2026-09-22,
NR1I2,O75469,8856.0,88.18,(pending API key),,inferred:68.91,,,,no (wide set),,GC:atypical hemolytic uremic syndrome；CTD:MAHA;CTD:TMA;CTD:TTP,2026-09-22,
TEK,Q02763,7010.0,87.81,(pending API key),,inferred:49.78,,,,no (wide set),,GC:atypical hemolytic uremic syndrome；CTD:MAHA;CTD:TMA;CTD:TTP,2026-09-22,
RAB7B,Q96AH8,338382.0,87.77,(pending API key),,inferred:16.85,,,,no (wide set),,GC:atypical hemolytic uremic syndrome；CTD:MAHA;CTD:TMA,2026-09-22,
APOC2,P02655,344.0,87.75,(pending API key),,inferred:35.85,,,,no (wide set),,GC:atypical hemolytic uremic syndrome；CTD:MAHA;CTD:TMA;CTD:TTP,2026-09-22,
SLC10A7,Q0GE19,84068.0,87.15,(pending API key),,inferred:25.84,,,,no (wide set),,GC:atypical hemolytic uremic syndrome；CTD:MAHA;CTD:TMA;CTD:TTP,2026-09-22,
XBP1,P17861,7494.0,86.79,(pending API key),,inferred:77.59,,,,no (wide set),,GC:atypical hemolytic uremic syndrome；CTD:MAHA;CTD:TMA;CTD:TTP;CTD:aHUS,2026-09-22,
BMP7,P18075,655.0,86.37,(pending API key),,inferred:32.24,,,,no (wide set),,GC:atypical hemolytic uremic syndrome；CTD:MAHA;CTD:TMA;CTD:TTP,2026-09-22,
SDC1,P18827,6382.0,85.88,(pending API key),,inferred:35.87,,,,no (wide set),,GC:atypical hemolytic uremic syndrome；CTD:MAHA;CTD:TMA;CTD:TTP,2026-09-22,
GLUL,P15104,2752.0,85.36,(pending API key),,inferred:35.00,,,,no (wide set),,GC:atypical hemolytic uremic syndrome/microangiopathic hemolytic anemia；CTD:MAHA;CTD:TMA;CTD:TTP;CTD:snakebite,2026-09-22,
CYP2C8,P10632,1558.0,85.20,(pending API key),,inferred:98.75,,,,no (wide set),,GC:atypical hemolytic uremic syndrome/thrombotic thrombocytopenic purpura；CTD:MAHA;CTD:TMA;CTD:TTP,2026-09-22,
TDO2,P48775,6999.0,84.60,(pending API key),,inferred:46.59,,,,no (wide set),,GC:atypical hemolytic uremic syndrome；CTD:MAHA;CTD:TMA;CTD:TTP,2026-09-22,
CARD9,Q9H257,64170.0,84.55,(pending API key),,inferred:17.51,,,,no (wide set),,GC:atypical hemolytic uremic syndrome；CTD:MAHA;CTD:TMA;CTD:TTP,2026-09-22,
CYP2E1,P05181,1571.0,84.41,(pending API key),,inferred:91.47,,,,no (wide set),,GC:atypical hemolytic uremic syndrome/thrombotic thrombocytopenic purpura；CTD:MAHA;CTD:TMA;CTD:TTP,2026-09-22,
IL5,P05113,3567.0,83.92,(pending API key),,inferred:53.33,,,,no (wide set),,GC:atypical hemolytic uremic syndrome；CTD:MAHA;CTD:TMA;CTD:TTP,2026-09-22,
SMAD5-AS1,,9597.0,83.48,(pending API key),,inferred:11.54,,,,no (wide set),,GC:atypical hemolytic uremic syndrome；CTD:MAHA;CTD:TMA;CTD:TTP,2026-09-22,
RIPK1,Q13546,8737.0,83.17,(pending API key),,inferred:32.54,,,,no (wide set),,GC:atypical hemolytic uremic syndrome/thrombotic thrombocytopenic purpura；CTD:MAHA;CTD:TMA;CTD:TTP,2026-09-22,
DHFR,P00374,1719.0,82.97,(pending API key),,inferred:76.74,,,,no (wide set),,GC:atypical hemolytic uremic syndrome；CTD:MAHA;CTD:TMA;CTD:TTP,2026-09-22,
CYP7A1,P22680,1581.0,82.72,(pending API key),,inferred:46.17,,,,no (wide set),,GC:atypical hemolytic uremic syndrome；CTD:MAHA;CTD:TMA;CTD:TTP,2026-09-22,
MIR141,,406933.0,82.49,(pending API key),,inferred:10.35,,,,no (wide set),,GC:atypical hemolytic uremic syndrome；CTD:MAHA;CTD:TMA;CTD:TTP,2026-09-22,
MIR126,,406913.0,81.89,(pending API key),,inferred:14.68,,,,no (wide set),,GC:atypical hemolytic uremic syndrome/thrombotic thrombocytopenic purpura；CTD:MAHA;CTD:TMA;CTD:TTP,2026-09-22,
IGFBP3,P17936,3486.0,81.70,(pending API key),,inferred:78.20,,,,no (wide set),,GC:atypical hemolytic uremic syndrome/microangiopathic hemolytic anemia；CTD:MAHA;CTD:TMA;CTD:TTP;CTD:aHUS,2026-09-22,
ATP6V0A2,Q9Y487,23545.0,81.48,(pending API key),,inferred:20.38,,,,no (wide set),,GC:atypical hemolytic uremic syndrome；CTD:MAHA;CTD:TMA;CTD:TTP,2026-09-22,
CASP9,P55211,842.0,80.80,(pending API key),,inferred:100.40,,,,no (wide set),,GC:atypical hemolytic uremic syndrome/thrombotic thrombocytopenic purpura；CTD:MAHA;CTD:TMA;CTD:TTP;CTD:aHUS,2026-09-22,
AGER,Q15109,177.0,80.55,(pending API key),,inferred:39.84,,,,no (wide set),,GC:atypical hemolytic uremic syndrome；CTD:MAHA;CTD:TMA;CTD:TTP,2026-09-22,
CHI3L1,P36222,1116.0,80.41,(pending API key),,inferred:26.03,,,,no (wide set),,GC:atypical hemolytic uremic syndrome；CTD:MAHA;CTD:TMA;CTD:TTP,2026-09-22,
CCNA2,P20248,890.0,80.39,(pending API key),,inferred:62.11,,,,no (wide set),,GC:atypical hemolytic uremic syndrome；CTD:MAHA;CTD:TMA;CTD:TTP,2026-09-22,
TRPC3,Q13507,7222.0,80.04,(pending API key),,inferred:9.10,,,,no (wide set),,GC:atypical hemolytic uremic syndrome；CTD:MAHA;CTD:TMA;CTD:TTP,2026-09-22,
A4GALT,Q9NPC4,53947.0,80.02,(pending API key),,inferred:7.34,,,,no (wide set),,GC:atypical hemolytic uremic syndrome；CTD:MAHA;CTD:TMA;CTD:TTP,2026-09-22,
SHMT1,P34896,6470.0,79.94,(pending API key),,inferred:32.87,,,,no (wide set),,GC:atypical hemolytic uremic syndrome；CTD:MAHA;CTD:TMA;CTD:TTP,2026-09-22,
CHGA,P10645,1113.0,79.93,(pending API key),,inferred:21.83,,,,no (wide set),,GC:atypical hemolytic uremic syndrome；CTD:MAHA;CTD:TMA;CTD:TTP,2026-09-22,
KEAP1,Q14145,9817.0,79.83,(pending API key),,inferred:63.47,,,,no (wide set),,GC:atypical hemolytic uremic syndrome；CTD:MAHA;CTD:TMA;CTD:TTP,2026-09-22,
SLC22A8,Q8TCC7,9376.0,79.79,(pending API key),,inferred:83.22,,,,no (wide set),,GC:atypical hemolytic uremic syndrome；CTD:MAHA;CTD:TMA;CTD:TTP,2026-09-22,
HSD11B2,P80365,3291.0,79.64,(pending API key),,inferred:34.31,,,,no (wide set),,GC:atypical hemolytic uremic syndrome；CTD:MAHA;CTD:TMA;CTD:TTP,2026-09-22,
CD276,Q5ZPR3,80381.0,79.46,(pending API key),,inferred:11.57,,,,no (wide set),,GC:atypical hemolytic uremic syndrome；CTD:MAHA;CTD:TMA;CTD:TTP,2026-09-22,
CSF3,P09919,1440.0,78.96,(pending API key),,inferred:33.02,,,,yes,,GC:atypical hemolytic uremic syndrome/thrombotic thrombocytopenic purpura；CTD:MAHA;CTD:TMA;CTD:TTP;CTD:aHUS,2026-09-22,
TJP1,Q07157,7082.0,78.85,(pending API key),,inferred:58.30,,,,no (wide set),,GC:atypical hemolytic uremic syndrome；CTD:MAHA;CTD:TMA;CTD:TTP,2026-09-22,
TKT,P29401,7086.0,78.19,(pending API key),,inferred:38.05,,,,no (wide set),,GC:atypical hemolytic uremic syndrome；CTD:MAHA;CTD:TMA;CTD:TTP,2026-09-22,
MIR146B,,574447.0,77.94,(pending API key),,inferred:21.22,,,,no (wide set),,GC:atypical hemolytic uremic syndrome/thrombotic thrombocytopenic purpura；CTD:MAHA;CTD:TMA;CTD:TTP,2026-09-22,
TNFSF12,O43508,8742.0,103.38,(pending API key),,inferred:34.84,,,,yes,,GC:atypical hemolytic uremic syndrome/thrombotic thrombocytopenic purpura；CTD:MAHA;CTD:TMA;CTD:TTP,2026-09-22,
HDAC1,Q13547,3065.0,77.74,(pending API key),,inferred:46.02,,,,no (wide set),,GC:atypical hemolytic uremic syndrome；CTD:MAHA;CTD:TMA;CTD:TTP,2026-09-22,
CEP104,O60308,9731.0,77.67,(pending API key),,inferred:16.21,,,,no (wide set),,GC:atypical hemolytic uremic syndrome；CTD:MAHA,2026-09-22,
HMGB1,P09429,3146.0,77.58,(pending API key),,inferred:70.93,,,,yes,,GC:atypical hemolytic uremic syndrome/thrombotic thrombocytopenic purpura；CTD:MAHA;CTD:TMA;CTD:TTP,2026-09-22,
FURIN,P09958,5045.0,77.43,(pending API key),,inferred:22.32,,,,no (wide set),,GC:atypical hemolytic uremic syndrome；CTD:MAHA;CTD:TMA;CTD:TTP,2026-09-22,
VWA1,Q6PCB0,64856.0,77.11,(pending API key),,inferred:36.41,,,,no (wide set),,GC:atypical hemolytic uremic syndrome；CTD:MAHA;CTD:TMA;CTD:TTP,2026-09-22,
CETP,P11597,1071.0,76.82,(pending API key),,inferred:6.86,,,,no (wide set),,GC:atypical hemolytic uremic syndrome/microangiopathic hemolytic anemia；CTD:MAHA;CTD:TMA;CTD:TTP,2026-09-22,
PTH1R,Q03431,5745.0,76.35,(pending API key),,inferred:44.64,,,,no (wide set),,GC:atypical hemolytic uremic syndrome；CTD:MAHA;CTD:TMA;CTD:TTP,2026-09-22,
MMP1,P03956,4312.0,76.27,(pending API key),,inferred:49.65,,,,no (wide set),,GC:atypical hemolytic uremic syndrome；CTD:MAHA;CTD:TMA;CTD:TTP,2026-09-22,
TLR9,Q9NR96,54106.0,171.37,(pending API key),,inferred:22.25,,,,yes,,GC:atypical hemolytic uremic syndrome/thrombotic thrombocytopenic purpura；CTD:MAHA;CTD:TMA;CTD:TTP,2026-09-22,
SFTPB,P07988,6439.0,76.14,(pending API key),,inferred:22.25,,,,no (wide set),,GC:atypical hemolytic uremic syndrome；CTD:MAHA;CTD:TMA;CTD:TTP,2026-09-22,
HDC,P19113,3067.0,75.35,(pending API key),,inferred:27.80,,,,no (wide set),,GC:atypical hemolytic uremic syndrome；CTD:MAHA;CTD:TMA;CTD:TTP,2026-09-22,
MAPK8,P45983,5599.0,75.17,(pending API key),,inferred:77.12,,,,no (wide set),,GC:atypical hemolytic uremic syndrome；CTD:MAHA;CTD:TMA;CTD:TTP,2026-09-22,
BAAT,Q14032,570.0,75.16,(pending API key),,inferred:35.94,,,,no (wide set),,GC:atypical hemolytic uremic syndrome；CTD:MAHA;CTD:TMA;CTD:TTP,2026-09-22,
IFT140,Q96RY7,9742.0,74.89,(pending API key),,inferred:14.32,,,,no (wide set),,GC:atypical hemolytic uremic syndrome；CTD:MAHA;CTD:TMA;CTD:TTP,2026-09-22,
MIR106B,,406900.0,74.77,(pending API key),,inferred:11.79,,,,no (wide set),,GC:atypical hemolytic uremic syndrome；CTD:MAHA;CTD:TMA;CTD:TTP,2026-09-22,
PLA2G7,Q13093,7941.0,74.24,0.40,,inferred:22.56,,,,yes,,GC:atypical hemolytic uremic syndrome；CTD:MAHA;CTD:TMA;CTD:TTP,2026-09-22,promoted to core set by DisGeNET>=0.3
SLC2A4,P14672,6517.0,74.21,(pending API key),,inferred:32.78,,,,no (wide set),,GC:atypical hemolytic uremic syndrome；CTD:MAHA;CTD:TMA;CTD:TTP,2026-09-22,
ATF4,P18848,468.0,74.01,(pending API key),,inferred:75.41,,,,no (wide set),,GC:atypical hemolytic uremic syndrome；CTD:MAHA;CTD:TMA;CTD:TTP,2026-09-22,
EPAS1,Q99814,2034.0,73.84,(pending API key),,inferred:45.66,,,,no (wide set),,GC:atypical hemolytic uremic syndrome；CTD:MAHA;CTD:TMA;CTD:TTP,2026-09-22,
SOD2,P04179,6648.0,75.66,(pending API key),,inferred:96.11,,,,no (wide set),,GC:atypical hemolytic uremic syndrome/microangiopathic hemolytic anemia；CTD:MAHA;CTD:TMA;CTD:TTP,2026-09-22,
MIR181A2,,406954.0,73.01,(pending API key),,inferred:5.06,,,,no (wide set),,GC:atypical hemolytic uremic syndrome；CTD:MAHA;CTD:TMA;CTD:TTP,2026-09-22,
RBP4,P02753,5950.0,72.89,(pending API key),,inferred:41.50,,,,no (wide set),,GC:atypical hemolytic uremic syndrome；CTD:MAHA;CTD:TMA;CTD:TTP,2026-09-22,
CYP27B1,O15528,1594.0,72.19,(pending API key),,inferred:35.03,,,,no (wide set),,GC:atypical hemolytic uremic syndrome；CTD:MAHA;CTD:TMA;CTD:TTP,2026-09-22,
ACTN1,P12814,87.0,72.11,(pending API key),,inferred:34.06,,,,yes,,GC:atypical hemolytic uremic syndrome/thrombotic thrombocytopenic purpura；CTD:MAHA;CTD:TMA;CTD:TTP,2026-09-22,
CAT,P04040,847.0,72.01,(pending API key),,inferred:163.73,,,,no (wide set),,GC:atypical hemolytic uremic syndrome；CTD:MAHA;CTD:TMA;CTD:TTP,2026-09-22,
EXT2,Q93063,2132.0,71.80,(pending API key),,inferred:26.82,,,,yes,,GC:atypical hemolytic uremic syndrome/snakebite envenoming；CTD:MAHA;CTD:TMA;CTD:TTP,2026-09-22,
IL4R,P24394,3566.0,71.38,(pending API key),,inferred:44.64,,,,no (wide set),,GC:atypical hemolytic uremic syndrome；CTD:MAHA;CTD:TMA;CTD:TTP,2026-09-22,
MYOD1,P15172,4654.0,71.23,(pending API key),,inferred:12.21,,,,no (wide set),,GC:atypical hemolytic uremic syndrome；CTD:MAHA;CTD:TMA;CTD:TTP,2026-09-22,
SIRT1,Q96EB6,23411.0,71.10,(pending API key),,inferred:52.41,,,,no (wide set),,GC:atypical hemolytic uremic syndrome/thrombotic thrombocytopenic purpura；CTD:MAHA;CTD:TMA;CTD:TTP,2026-09-22,
SLC20A1,Q8WUM9,6574.0,70.87,(pending API key),,inferred:37.28,,,,no (wide set),,GC:atypical hemolytic uremic syndrome；CTD:MAHA;CTD:TMA;CTD:TTP,2026-09-22,
PDPN,Q86YL7,10630.0,70.76,(pending API key),,inferred:17.98,,,,no (wide set),,GC:atypical hemolytic uremic syndrome；CTD:MAHA;CTD:TMA;CTD:TTP,2026-09-22,
LAP3,P28838,51056.0,70.66,(pending API key),,inferred:29.74,,,,no (wide set),,GC:atypical hemolytic uremic syndrome；CTD:MAHA;CTD:TMA;CTD:TTP,2026-09-22,
MMP13,P45452,4322.0,96.16,(pending API key),,inferred:50.45,,,,yes,,GC:atypical hemolytic uremic syndrome/thrombotic thrombocytopenic purpura；CTD:MAHA;CTD:TMA;CTD:TTP,2026-09-22,
TRD-GTC9-1,,7192.0,70.34,(pending API key),,(pending manual export),,,,no (wide set),,GC:atypical hemolytic uremic syndrome,2026-09-22,
PTPN6,P29350,5777.0,70.08,(pending API key),,inferred:23.79,,,,yes,,GC:atypical hemolytic uremic syndrome/thrombotic thrombocytopenic purpura；CTD:MAHA;CTD:TMA;CTD:TTP,2026-09-22,
ABCC4,O15439,10257.0,69.94,(pending API key),,inferred:90.45,,,,no (wide set),,GC:atypical hemolytic uremic syndrome/thrombotic thrombocytopenic purpura；CTD:MAHA;CTD:TMA;CTD:TTP,2026-09-22,
ME1,P48163,4199.0,69.75,(pending API key),,inferred:54.93,,,,no (wide set),,GC:atypical hemolytic uremic syndrome；CTD:MAHA;CTD:TMA;CTD:TTP,2026-09-22,
NPPB,P16860,4879.0,69.39,(pending API key),,inferred:69.53,,,,no (wide set),,GC:atypical hemolytic uremic syndrome/thrombotic thrombocytopenic purpura；CTD:MAHA;CTD:TMA;CTD:TTP,2026-09-22,
XRCC5,P13010,7520.0,69.32,(pending API key),,inferred:43.91,,,,no (wide set),,GC:atypical hemolytic uremic syndrome/thrombotic thrombocytopenic purpura；CTD:MAHA;CTD:TMA;CTD:TTP,2026-09-22,
OPRM1,P35372,4988.0,69.30,(pending API key),,inferred:19.55,,,,no (wide set),,GC:atypical hemolytic uremic syndrome；CTD:MAHA;CTD:TMA;CTD:TTP,2026-09-22,
H2AX,P16104,3014.0,68.81,(pending API key),,inferred:80.80,,,,no (wide set),,GC:atypical hemolytic uremic syndrome；CTD:MAHA;CTD:TMA;CTD:TTP;CTD:aHUS,2026-09-22,
GSTM2,P28161,2946.0,68.63,(pending API key),,inferred:56.99,,,,no (wide set),,GC:atypical hemolytic uremic syndrome/microangiopathic hemolytic anemia；CTD:MAHA;CTD:TMA;CTD:TTP,2026-09-22,
CD14,P08571,929.0,68.42,(pending API key),,inferred:50.63,,,,no (wide set),,GC:atypical hemolytic uremic syndrome/microangiopathic hemolytic anemia；CTD:MAHA;CTD:TMA;CTD:TTP,2026-09-22,
TIMP1,P01033,7076.0,68.26,(pending API key),,inferred:74.67,,,,no (wide set),,GC:atypical hemolytic uremic syndrome/microangiopathic hemolytic anemia；CTD:MAHA;CTD:TMA;CTD:TTP;CTD:aHUS,2026-09-22,
NAT2,P11245,10.0,68.14,(pending API key),,inferred:62.61,,,,no (wide set),,GC:atypical hemolytic uremic syndrome/thrombotic thrombocytopenic purpura；CTD:MAHA;CTD:TMA;CTD:TTP,2026-09-22,
GLO1,Q04760,2739.0,68.08,(pending API key),,inferred:25.85,,,,no (wide set),,GC:atypical hemolytic uremic syndrome；CTD:MAHA;CTD:TMA;CTD:TTP,2026-09-22,
CBLIF,P27352,2694.0,67.90,(pending API key),,inferred:3.36,,,,yes,,GC:atypical hemolytic uremic syndrome/thrombotic thrombocytopenic purpura；CTD:MAHA;CTD:TMA;CTD:TTP,2026-09-22,
AKR1A1,P14550,10327.0,67.20,(pending API key),,inferred:42.86,,,,no (wide set),,GC:atypical hemolytic uremic syndrome/microangiopathic hemolytic anemia；CTD:MAHA;CTD:TMA;CTD:TTP,2026-09-22,
DDIT3,P35638,1649.0,67.16,(pending API key),,inferred:129.18,,,,no (wide set),,GC:atypical hemolytic uremic syndrome；CTD:MAHA;CTD:TMA;CTD:TTP;CTD:snakebite,2026-09-22,
ALOX5,P09917,240.0,67.00,(pending API key),,inferred:25.20,,,,no (wide set),,GC:atypical hemolytic uremic syndrome/thrombotic thrombocytopenic purpura；CTD:MAHA;CTD:TMA;CTD:TTP,2026-09-22,
IL13,P35225,3596.0,66.89,(pending API key),,inferred:69.57,,,,yes,,GC:atypical hemolytic uremic syndrome/thrombotic thrombocytopenic purpura；CTD:MAHA;CTD:TMA;CTD:TTP;CTD:aHUS,2026-09-22,
MIR7-3HG,,284424.0,66.53,(pending API key),,inferred:9.77,,,,no (wide set),,GC:atypical hemolytic uremic syndrome/thrombotic thrombocytopenic purpura；CTD:MAHA,2026-09-22,
EGR1,P18146,1958.0,65.55,(pending API key),,inferred:107.04,,,,no (wide set),,GC:atypical hemolytic uremic syndrome；CTD:MAHA;CTD:TMA;CTD:TTP;CTD:aHUS,2026-09-22,
PHB2,Q99623,11331.0,65.47,(pending API key),,inferred:25.54,,,,no (wide set),,GC:atypical hemolytic uremic syndrome；CTD:MAHA;CTD:TMA,2026-09-22,
GRB2,P62993,2885.0,65.35,(pending API key),,inferred:26.80,,,,no (wide set),,GC:atypical hemolytic uremic syndrome；CTD:MAHA;CTD:TMA;CTD:TTP,2026-09-22,
STAT5A,P42229,6776.0,65.17,(pending API key),,inferred:43.03,,,,no (wide set),,GC:atypical hemolytic uremic syndrome；CTD:MAHA;CTD:TMA;CTD:TTP,2026-09-22,
CABIN1,Q9Y6J0,23523.0,64.59,(pending API key),,inferred:20.79,,,,no (wide set),,GC:atypical hemolytic uremic syndrome/microangiopathic hemolytic anemia；CTD:MAHA;CTD:TMA;CTD:TTP,2026-09-22,
DEFB1,P60022,1672.0,64.47,(pending API key),,inferred:14.74,,,,no (wide set),,GC:atypical hemolytic uremic syndrome/microangiopathic hemolytic anemia；CTD:MAHA;CTD:TMA;CTD:TTP,2026-09-22,
JUN,P05412,3725.0,64.35,(pending API key),,inferred:94.07,,,,yes,,GC:atypical hemolytic uremic syndrome/thrombotic thrombocytopenic purpura；CTD:MAHA;CTD:TMA;CTD:TTP;CTD:aHUS,2026-09-22,
RHOA,P61586,387.0,64.34,(pending API key),,inferred:46.81,,,,no (wide set),,GC:atypical hemolytic uremic syndrome/thrombotic thrombocytopenic purpura；CTD:MAHA;CTD:TMA;CTD:TTP,2026-09-22,
MYLK,Q15746,4638.0,64.13,(pending API key),,inferred:41.93,,,,no (wide set),,GC:atypical hemolytic uremic syndrome/thrombotic thrombocytopenic purpura；CTD:MAHA;CTD:TMA;CTD:TTP,2026-09-22,
IRF1,P10914,3659.0,63.49,(pending API key),,inferred:28.88,,,,no (wide set),,GC:atypical hemolytic uremic syndrome；CTD:MAHA;CTD:TMA;CTD:TTP,2026-09-22,
RASGRP2,Q7LDG7,10235.0,63.24,(pending API key),,inferred:34.29,,,,no (wide set),,GC:atypical hemolytic uremic syndrome/thrombotic thrombocytopenic purpura；CTD:MAHA;CTD:TMA;CTD:TTP,2026-09-22,
APAF1,O14727,317.0,63.23,(pending API key),,inferred:57.39,,,,no (wide set),,GC:atypical hemolytic uremic syndrome；CTD:MAHA;CTD:TMA;CTD:TTP,2026-09-22,
CCL5,P13501,6352.0,63.16,(pending API key),,inferred:60.83,,,,no (wide set),,GC:atypical hemolytic uremic syndrome/thrombotic thrombocytopenic purpura；CTD:MAHA;CTD:TMA;CTD:TTP,2026-09-22,
AXL,P30530,558.0,62.63,(pending API key),,inferred:34.32,,,,yes,,GC:atypical hemolytic uremic syndrome/thrombotic thrombocytopenic purpura；CTD:MAHA;CTD:TMA;CTD:TTP;CTD:aHUS,2026-09-22,
SHMT2,P34897,6472.0,62.53,(pending API key),,inferred:39.99,,,,no (wide set),,GC:atypical hemolytic uremic syndrome；CTD:MAHA;CTD:TMA;CTD:TTP,2026-09-22,
P2RX1,P51575,5023.0,62.48,(pending API key),,inferred:13.36,,,,no (wide set),,GC:atypical hemolytic uremic syndrome；CTD:MAHA;CTD:TMA;CTD:TTP,2026-09-22,
HLA-DRB4,P13762,3126.0,61.90,(pending API key),,inferred:6.22,,,,yes,,GC:atypical hemolytic uremic syndrome/thrombotic thrombocytopenic purpura；CTD:MAHA;CTD:TMA,2026-09-22,
SMAD1,Q15797,4086.0,61.52,(pending API key),,inferred:34.51,,,,no (wide set),,GC:atypical hemolytic uremic syndrome；CTD:MAHA;CTD:TMA;CTD:TTP,2026-09-22,
MAPK14,Q16539,1432.0,61.51,(pending API key),,inferred:82.60,,,,no (wide set),,GC:atypical hemolytic uremic syndrome/thrombotic thrombocytopenic purpura；CTD:MAHA;CTD:TMA;CTD:TTP,2026-09-22,
HSPB1,P04792,3315.0,61.03,(pending API key),,inferred:73.68,,,,no (wide set),,GC:atypical hemolytic uremic syndrome；CTD:MAHA;CTD:TMA;CTD:TTP,2026-09-22,
OXA1L,Q15070,5018.0,60.81,(pending API key),,inferred:18.44,,,,no (wide set),,GC:atypical hemolytic uremic syndrome/microangiopathic hemolytic anemia；CTD:MAHA;CTD:TMA;CTD:TTP,2026-09-22,
CD22,P20273,933.0,60.49,(pending API key),,inferred:9.35,,,,no (wide set),,GC:atypical hemolytic uremic syndrome；CTD:MAHA;CTD:TMA;CTD:TTP,2026-09-22,
GZMA,P12544,3001.0,60.43,(pending API key),,inferred:40.65,,,,no (wide set),,GC:atypical hemolytic uremic syndrome/microangiopathic hemolytic anemia；CTD:MAHA;CTD:TMA;CTD:TTP,2026-09-22,
CYP3A7,P24462,1551.0,60.11,(pending API key),,inferred:42.07,,,,no (wide set),,GC:atypical hemolytic uremic syndrome；CTD:MAHA;CTD:TMA;CTD:TTP,2026-09-22,
LOC107303343,,107303343.0,59.83,(pending API key),,(pending manual export),,,,no (wide set),,GC:atypical hemolytic uremic syndrome,2026-09-22,
LIPC,P11150,3990.0,59.03,(pending API key),,inferred:56.57,,,,no (wide set),,GC:atypical hemolytic uremic syndrome；CTD:MAHA;CTD:TMA;CTD:TTP,2026-09-22,
HSD3B1,P14060,3283.0,59.02,(pending API key),,inferred:24.06,,,,no (wide set),,GC:atypical hemolytic uremic syndrome；CTD:MAHA;CTD:TMA;CTD:TTP,2026-09-22,
LTA,P01374,4049.0,65.85,(pending API key),,inferred:36.04,,,,yes,,GC:atypical hemolytic uremic syndrome/microangiopathic hemolytic anemia/thrombotic thrombocytopenic pur；CTD:MAHA;CTD:TMA;CTD:TTP;CTD:aHUS,2026-09-22,
LTF,P02788,4057.0,58.70,(pending API key),,inferred:29.22,,,,no (wide set),,GC:atypical hemolytic uremic syndrome/microangiopathic hemolytic anemia；CTD:MAHA;CTD:TMA;CTD:TTP,2026-09-22,
FOXO1,Q12778,2308.0,58.68,(pending API key),,inferred:43.14,,,,no (wide set),,GC:atypical hemolytic uremic syndrome/thrombotic thrombocytopenic purpura；CTD:MAHA;CTD:TMA;CTD:TTP,2026-09-22,
TNFRSF11A,Q9Y6Q6,8792.0,58.57,(pending API key),,inferred:31.49,,,,no (wide set),,GC:atypical hemolytic uremic syndrome；CTD:MAHA;CTD:TMA;CTD:TTP,2026-09-22,
LOX,P28300,4015.0,57.93,(pending API key),,inferred:51.23,,,,no (wide set),,GC:atypical hemolytic uremic syndrome；CTD:MAHA;CTD:TMA;CTD:TTP,2026-09-22,
TPMT,P51580,7172.0,57.89,(pending API key),,inferred:40.01,,,,no (wide set),,GC:atypical hemolytic uremic syndrome；CTD:MAHA;CTD:TMA;CTD:TTP,2026-09-22,
MIR144,,406936.0,57.76,(pending API key),,inferred:11.80,,,,no (wide set),,GC:atypical hemolytic uremic syndrome；CTD:MAHA;CTD:TMA;CTD:TTP,2026-09-22,
MIR125B1,,406911.0,57.19,(pending API key),,inferred:6.30,,,,no (wide set),,GC:atypical hemolytic uremic syndrome；CTD:MAHA,2026-09-22,
MEG8,,79104.0,56.80,(pending API key),,inferred:2.53,,,,no (wide set),,GC:atypical hemolytic uremic syndrome；CTD:MAHA,2026-09-22,
PRKCB,P05771,5579.0,56.77,(pending API key),,inferred:43.85,,,,no (wide set),,GC:atypical hemolytic uremic syndrome；CTD:MAHA;CTD:TMA;CTD:TTP,2026-09-22,
DKK1,O94907,22943.0,56.63,(pending API key),,inferred:37.49,,,,no (wide set),,GC:atypical hemolytic uremic syndrome/thrombotic thrombocytopenic purpura；CTD:MAHA;CTD:TMA;CTD:TTP,2026-09-22,
SOCS3,O14543,9021.0,56.60,(pending API key),,inferred:47.23,,,,no (wide set),,GC:atypical hemolytic uremic syndrome；CTD:MAHA;CTD:TMA;CTD:TTP,2026-09-22,
CD80,P33681,941.0,56.57,(pending API key),,inferred:20.72,,,,no (wide set),,GC:atypical hemolytic uremic syndrome/thrombotic thrombocytopenic purpura；CTD:MAHA;CTD:TMA;CTD:TTP,2026-09-22,
SLCO1A2,P46721,6579.0,56.47,(pending API key),,inferred:43.51,,,,no (wide set),,GC:atypical hemolytic uremic syndrome；CTD:MAHA;CTD:TMA;CTD:TTP,2026-09-22,
GPNMB,Q14956,10457.0,56.40,(pending API key),,inferred:52.97,,,,no (wide set),,GC:atypical hemolytic uremic syndrome；CTD:MAHA;CTD:TMA;CTD:TTP,2026-09-22,
UCP2,P55851,7351.0,55.85,(pending API key),,inferred:70.66,,,,no (wide set),,GC:atypical hemolytic uremic syndrome；CTD:MAHA;CTD:TMA;CTD:TTP,2026-09-22,
KARS1,Q15046,3735.0,55.56,(pending API key),,inferred:17.50,,,,no (wide set),,GC:atypical hemolytic uremic syndrome；CTD:MAHA;CTD:TMA;CTD:TTP,2026-09-22,
VIPR1,P32241,7433.0,55.18,(pending API key),,inferred:18.94,,,,no (wide set),,GC:atypical hemolytic uremic syndrome/microangiopathic hemolytic anemia；CTD:MAHA;CTD:TMA;CTD:TTP,2026-09-22,
MIR16-1,,406950.0,55.11,(pending API key),,inferred:3.58,,,,no (wide set),,GC:atypical hemolytic uremic syndrome；CTD:MAHA;CTD:TMA;CTD:TTP,2026-09-22,
ITGA4,P13612,3676.0,54.77,(pending API key),,inferred:21.54,,,,no (wide set),,GC:atypical hemolytic uremic syndrome；CTD:MAHA;CTD:TMA;CTD:TTP,2026-09-22,
MXI1,P50539,4601.0,54.01,(pending API key),,inferred:47.84,,,,no (wide set),,GC:atypical hemolytic uremic syndrome/microangiopathic hemolytic anemia；CTD:MAHA;CTD:TMA;CTD:TTP;CTD:aHUS,2026-09-22,
EGLN1,Q9GZT9,54583.0,54.00,(pending API key),,inferred:34.77,,,,no (wide set),,GC:atypical hemolytic uremic syndrome；CTD:MAHA;CTD:TMA;CTD:TTP,2026-09-22,
MIR122,,406906.0,53.90,(pending API key),,inferred:22.25,,,,no (wide set),,GC:atypical hemolytic uremic syndrome；CTD:MAHA;CTD:TMA;CTD:TTP,2026-09-22,
RDX,P35241,5962.0,53.61,(pending API key),,inferred:23.48,,,,no (wide set),,GC:atypical hemolytic uremic syndrome；CTD:MAHA;CTD:TMA;CTD:TTP,2026-09-22,
TLN1,Q9Y490,7094.0,53.46,(pending API key),,inferred:21.24,,,,no (wide set),,GC:atypical hemolytic uremic syndrome；CTD:MAHA;CTD:TMA;CTD:TTP,2026-09-22,
MIR18A,,406953.0,52.86,(pending API key),,inferred:28.73,,,,no (wide set),,GC:atypical hemolytic uremic syndrome；CTD:MAHA;CTD:TMA;CTD:TTP,2026-09-22,
GPX3,P22352,2878.0,52.64,(pending API key),,inferred:55.75,,,,no (wide set),,GC:atypical hemolytic uremic syndrome；CTD:MAHA;CTD:TMA;CTD:TTP,2026-09-22,
MAPK9,P45984,5601.0,52.62,(pending API key),,inferred:42.23,,,,no (wide set),,GC:atypical hemolytic uremic syndrome/thrombotic thrombocytopenic purpura；CTD:MAHA;CTD:TMA;CTD:TTP,2026-09-22,
NQO1,P15559,1728.0,52.08,0.50,,direct:marker/mechanism,,,,yes,,GC:atypical hemolytic uremic syndrome/microangiopathic hemolytic anemia；CTD:MAHA;CTD:TMA;CTD:TTP;CTD:aHUS,2026-09-22,promoted to core set by DisGeNET>=0.3
TLX1NB,,100038246.0,51.99,(pending API key),,inferred:3.03,,,,no (wide set),,GC:atypical hemolytic uremic syndrome；CTD:MAHA,2026-09-22,
MIR210,,406992.0,51.98,(pending API key),,inferred:19.33,,,,no (wide set),,GC:atypical hemolytic uremic syndrome；CTD:MAHA;CTD:TMA;CTD:TTP,2026-09-22,
MAP3K7,O43318,6885.0,51.94,(pending API key),,inferred:35.39,,,,no (wide set),,GC:atypical hemolytic uremic syndrome/thrombotic thrombocytopenic purpura；CTD:MAHA;CTD:TMA;CTD:TTP,2026-09-22,
ZIC3,O60481,7547.0,50.78,(pending API key),,inferred:10.92,,,,no (wide set),,GC:atypical hemolytic uremic syndrome；CTD:MAHA;CTD:TMA;CTD:TTP,2026-09-22,
FHL2,Q14192,2274.0,50.54,(pending API key),,inferred:44.59,,,,no (wide set),,GC:atypical hemolytic uremic syndrome；CTD:MAHA;CTD:TMA;CTD:TTP,2026-09-22,
GSTT1,P30711,2952.0,50.48,(pending API key),,inferred:62.80,,,,no (wide set),,GC:atypical hemolytic uremic syndrome/microangiopathic hemolytic anemia；CTD:MAHA;CTD:TMA;CTD:TTP,2026-09-22,
CFLAR,O15519,8837.0,53.93,(pending API key),,inferred:69.59,,,,yes,,GC:atypical hemolytic uremic syndrome/thrombotic thrombocytopenic purpura；CTD:MAHA;CTD:TMA;CTD:TTP,2026-09-22,
CD86,P42081,942.0,56.20,(pending API key),,inferred:36.03,,,,yes,,GC:atypical hemolytic uremic syndrome/thrombotic thrombocytopenic purpura；CTD:MAHA;CTD:TMA;CTD:TTP,2026-09-22,
MIR423,,494335.0,49.06,(pending API key),,inferred:5.52,,,,no (wide set),,GC:atypical hemolytic uremic syndrome；CTD:MAHA;CTD:TMA;CTD:TTP,2026-09-22,
EIF2S1,P05198,1965.0,48.77,(pending API key),,inferred:62.71,,,,no (wide set),,GC:atypical hemolytic uremic syndrome；CTD:MAHA;CTD:TMA;CTD:TTP,2026-09-22,
BAD,Q92934,572.0,48.64,(pending API key),,inferred:59.02,,,,no (wide set),,GC:atypical hemolytic uremic syndrome；CTD:MAHA;CTD:TMA;CTD:TTP,2026-09-22,
ARHGAP24,Q8N264,83478.0,48.41,(pending API key),,inferred:25.70,,,,no (wide set),,GC:atypical hemolytic uremic syndrome；CTD:MAHA;CTD:TMA;CTD:TTP,2026-09-22,
CASP7,P55210,840.0,48.31,(pending API key),,inferred:64.12,,,,no (wide set),,GC:atypical hemolytic uremic syndrome/snakebite envenoming；CTD:MAHA;CTD:TMA;CTD:TTP,2026-09-22,
HSPA4,P34932,3308.0,48.25,(pending API key),,inferred:34.72,,,,no (wide set),,GC:atypical hemolytic uremic syndrome；CTD:MAHA;CTD:TMA;CTD:TTP,2026-09-22,
ERN1,O75460,2081.0,47.82,(pending API key),,inferred:67.65,,,,no (wide set),,GC:atypical hemolytic uremic syndrome/thrombotic thrombocytopenic purpura；CTD:MAHA;CTD:TMA;CTD:TTP,2026-09-22,
VASP,P50552,7408.0,46.92,(pending API key),,inferred:35.64,,,,no (wide set),,GC:atypical hemolytic uremic syndrome/microangiopathic hemolytic anemia；CTD:MAHA;CTD:TMA;CTD:TTP,2026-09-22,
PDE4B,Q07343,5142.0,46.62,(pending API key),,inferred:29.62,,,,no (wide set),,GC:atypical hemolytic uremic syndrome；CTD:MAHA;CTD:TMA;CTD:TTP,2026-09-22,
APOC1,P02654,341.0,46.51,(pending API key),,inferred:45.84,,,,no (wide set),,GC:atypical hemolytic uremic syndrome；CTD:MAHA;CTD:TMA;CTD:TTP,2026-09-22,
ITGAX,P20702,3687.0,46.46,(pending API key),,inferred:28.00,,,,no (wide set),,GC:atypical hemolytic uremic syndrome；CTD:MAHA;CTD:TMA;CTD:TTP,2026-09-22,
TIMP2,P16035,7077.0,45.96,(pending API key),,inferred:53.89,,,,no (wide set),,GC:atypical hemolytic uremic syndrome；CTD:MAHA;CTD:TMA;CTD:TTP,2026-09-22,
MIR16-2,,406951.0,45.63,(pending API key),,inferred:24.45,,,,no (wide set),,GC:atypical hemolytic uremic syndrome；CTD:MAHA;CTD:TMA;CTD:TTP,2026-09-22,
MIR181A1,,406995.0,45.57,(pending API key),,inferred:4.64,,,,no (wide set),,GC:atypical hemolytic uremic syndrome；CTD:MAHA;CTD:TMA;CTD:TTP,2026-09-22,
UGCG,Q16739,7357.0,45.38,(pending API key),,inferred:47.82,,,,no (wide set),,GC:atypical hemolytic uremic syndrome；CTD:MAHA;CTD:TMA;CTD:TTP,2026-09-22,
MIR222,,407007.0,45.38,(pending API key),,inferred:25.17,,,,no (wide set),,GC:atypical hemolytic uremic syndrome；CTD:MAHA;CTD:TMA;CTD:TTP;CTD:aHUS,2026-09-22,
SNORD15A,,6079.0,45.08,(pending API key),,inferred:8.82,,,,no (wide set),,GC:atypical hemolytic uremic syndrome；CTD:MAHA;CTD:TMA;CTD:TTP,2026-09-22,
LAG3,P18627,3902.0,45.01,(pending API key),,inferred:7.24,,,,no (wide set),,GC:atypical hemolytic uremic syndrome；CTD:MAHA;CTD:TMA;CTD:TTP,2026-09-22,
MTHFD1L,Q6UB35,25902.0,44.39,(pending API key),,inferred:37.29,,,,no (wide set),,GC:atypical hemolytic uremic syndrome；CTD:MAHA;CTD:TMA;CTD:TTP,2026-09-22,
SLC35D1,Q9NTN3,23169.0,44.37,(pending API key),,inferred:39.61,,,,no (wide set),,GC:atypical hemolytic uremic syndrome；CTD:MAHA;CTD:TMA;CTD:TTP,2026-09-22,
MIR29B1,,407024.0,44.25,(pending API key),,inferred:9.70,,,,no (wide set),,GC:atypical hemolytic uremic syndrome；CTD:MAHA;CTD:TMA;CTD:TTP,2026-09-22,
CCL20,P78556,6364.0,43.45,(pending API key),,inferred:49.91,,,,no (wide set),,GC:atypical hemolytic uremic syndrome；CTD:MAHA;CTD:TMA;CTD:TTP;CTD:aHUS,2026-09-22,
RARRES2,Q99969,5919.0,43.36,(pending API key),,inferred:28.08,,,,no (wide set),,GC:atypical hemolytic uremic syndrome；CTD:MAHA;CTD:TMA;CTD:TTP,2026-09-22,
AOC3,Q16853,8639.0,43.27,(pending API key),,inferred:29.04,,,,no (wide set),,GC:atypical hemolytic uremic syndrome；CTD:MAHA;CTD:TMA;CTD:TTP,2026-09-22,
SLC24A3,Q9HC58,57419.0,43.07,(pending API key),,inferred:18.81,,,,no (wide set),,GC:atypical hemolytic uremic syndrome；CTD:MAHA;CTD:TMA;CTD:TTP,2026-09-22,
COG2,Q14746,22796.0,42.99,(pending API key),,inferred:4.53,,,,no (wide set),,GC:atypical hemolytic uremic syndrome；CTD:MAHA;CTD:TMA;CTD:TTP,2026-09-22,
ARG2,P78540,384.0,42.79,(pending API key),,inferred:46.54,,,,no (wide set),,GC:atypical hemolytic uremic syndrome；CTD:MAHA;CTD:TMA;CTD:TTP,2026-09-22,
PPP1R9B,Q96SB3,84687.0,42.54,(pending API key),,inferred:6.89,,,,no (wide set),,GC:atypical hemolytic uremic syndrome/thrombotic thrombocytopenic purpura；CTD:MAHA;CTD:TMA;CTD:TTP,2026-09-22,
SELL,P14151,6402.0,42.31,(pending API key),,inferred:45.44,,,,no (wide set),,GC:atypical hemolytic uremic syndrome/microangiopathic hemolytic anemia；CTD:MAHA;CTD:TMA;CTD:TTP,2026-09-22,
IFNL3,Q8IZI9,282617.0,41.96,(pending API key),,inferred:10.25,,,,no (wide set),,GC:atypical hemolytic uremic syndrome；CTD:MAHA;CTD:TMA,2026-09-22,
CS,O75390,1431.0,41.22,(pending API key),,inferred:32.72,,,,no (wide set),,GC:atypical hemolytic uremic syndrome；CTD:MAHA;CTD:TMA;CTD:TTP,2026-09-22,
LINC01554,,202299.0,41.21,(pending API key),,inferred:10.25,,,,no (wide set),,GC:atypical hemolytic uremic syndrome；CTD:MAHA,2026-09-22,
TNFSF10,P50591,8743.0,63.36,(pending API key),,inferred:76.71,,,,yes,,GC:atypical hemolytic uremic syndrome/thrombotic thrombocytopenic purpura；CTD:MAHA;CTD:TMA;CTD:TTP;CTD:aHUS,2026-09-22,
ALOX12,P18054,239.0,40.60,(pending API key),,inferred:28.88,,,,no (wide set),,GC:atypical hemolytic uremic syndrome；CTD:MAHA;CTD:TMA;CTD:TTP,2026-09-22,
MIR324,,442898.0,40.04,(pending API key),,inferred:35.20,,,,no (wide set),,GC:atypical hemolytic uremic syndrome；CTD:MAHA;CTD:TMA;CTD:TTP,2026-09-22,
TRC-GCA24-1,,7183.0,39.23,(pending API key),,(pending manual export),,,,no (wide set),,GC:atypical hemolytic uremic syndrome,2026-09-22,
ICAM2,P13598,3384.0,38.79,(pending API key),,inferred:15.07,,,,no (wide set),,GC:atypical hemolytic uremic syndrome/thrombotic thrombocytopenic purpura；CTD:MAHA;CTD:TMA;CTD:TTP,2026-09-22,
SDC4,P31431,6385.0,38.49,(pending API key),,inferred:40.61,,,,no (wide set),,GC:atypical hemolytic uremic syndrome；CTD:MAHA;CTD:TMA;CTD:TTP,2026-09-22,
FERMT2,Q96AC1,10979.0,38.02,(pending API key),,inferred:34.94,,,,no (wide set),,GC:atypical hemolytic uremic syndrome；CTD:MAHA;CTD:TMA;CTD:TTP,2026-09-22,
FOLR2,P14207,2350.0,36.86,(pending API key),,inferred:12.48,,,,no (wide set),,GC:atypical hemolytic uremic syndrome；CTD:MAHA;CTD:TMA;CTD:TTP,2026-09-22,
PLD1,Q13393,5337.0,36.46,(pending API key),,inferred:40.75,,,,no (wide set),,GC:atypical hemolytic uremic syndrome；CTD:MAHA;CTD:TMA;CTD:TTP,2026-09-22,
CLDN3,O15551,1365.0,36.36,(pending API key),,inferred:36.96,,,,no (wide set),,GC:atypical hemolytic uremic syndrome；CTD:MAHA;CTD:TMA;CTD:TTP,2026-09-22,
CNR2,P34972,1269.0,36.22,(pending API key),,inferred:13.71,,,,no (wide set),,GC:atypical hemolytic uremic syndrome；CTD:MAHA;CTD:TMA;CTD:TTP;CTD:aHUS,2026-09-22,
HGD,Q93099,3081.0,36.22,(pending API key),,inferred:18.63,,,,no (wide set),,GC:atypical hemolytic uremic syndrome；CTD:MAHA;CTD:TMA;CTD:TTP,2026-09-22,
ARF6,P62330,382.0,33.56,(pending API key),,inferred:31.01,,,,no (wide set),,GC:atypical hemolytic uremic syndrome；CTD:MAHA;CTD:TMA;CTD:TTP,2026-09-22,
MAFG,O15525,4097.0,33.39,(pending API key),,inferred:35.07,,,,no (wide set),,GC:atypical hemolytic uremic syndrome；CTD:MAHA;CTD:TMA;CTD:TTP,2026-09-22,
MIR26A1,,407015.0,33.02,(pending API key),,inferred:9.78,,,,no (wide set),,GC:atypical hemolytic uremic syndrome；CTD:MAHA;CTD:TMA;CTD:TTP,2026-09-22,
CPN1,P15169,1369.0,32.83,(pending API key),,inferred:38.85,,,,no (wide set),,GC:atypical hemolytic uremic syndrome/microangiopathic hemolytic anemia；CTD:MAHA;CTD:TMA;CTD:TTP,2026-09-22,
LPCAT4,Q643R3,254531.0,32.82,(pending API key),,inferred:29.27,,,,no (wide set),,GC:atypical hemolytic uremic syndrome；CTD:MAHA;CTD:TMA;CTD:TTP,2026-09-22,
RASSF5,Q8WWW0,83593.0,32.63,(pending API key),,inferred:22.46,,,,no (wide set),,GC:atypical hemolytic uremic syndrome；CTD:MAHA;CTD:TMA;CTD:TTP,2026-09-22,
NR2C2,P49116,7182.0,32.60,(pending API key),,inferred:32.22,,,,no (wide set),,GC:atypical hemolytic uremic syndrome；CTD:MAHA;CTD:TMA;CTD:TTP,2026-09-22,
DGKD,Q16760,8527.0,32.35,(pending API key),,inferred:14.61,,,,no (wide set),,GC:atypical hemolytic uremic syndrome；CTD:MAHA;CTD:TMA;CTD:TTP,2026-09-22,
ABCG1,P45844,9619.0,31.38,(pending API key),,inferred:25.64,,,,no (wide set),,GC:atypical hemolytic uremic syndrome；CTD:MAHA;CTD:TMA;CTD:TTP,2026-09-22,
SLC1A5,Q15758,6510.0,31.26,(pending API key),,inferred:30.58,,,,no (wide set),,GC:atypical hemolytic uremic syndrome；CTD:MAHA;CTD:TMA;CTD:TTP,2026-09-22,
TLN2,Q9Y4G6,83660.0,30.68,(pending API key),,inferred:18.10,,,,no (wide set),,GC:atypical hemolytic uremic syndrome；CTD:MAHA;CTD:TMA;CTD:TTP,2026-09-22,
ORM1,P02763,5004.0,30.47,(pending API key),,inferred:44.75,,,,no (wide set),,GC:atypical hemolytic uremic syndrome；CTD:MAHA;CTD:TMA;CTD:TTP,2026-09-22,
GOLGA5,Q8TBA6,9950.0,30.43,(pending API key),,inferred:7.35,,,,no (wide set),,GC:atypical hemolytic uremic syndrome；CTD:MAHA;CTD:TMA;CTD:TTP,2026-09-22,
LOC126859690,,126859690.0,30.20,(pending API key),,(pending manual export),,,,no (wide set),,GC:atypical hemolytic uremic syndrome,2026-09-22,
MTHFD2,P13995,10797.0,30.10,(pending API key),,inferred:43.46,,,,no (wide set),,GC:atypical hemolytic uremic syndrome；CTD:MAHA;CTD:TMA;CTD:TTP,2026-09-22,
IGFBP7,Q16270,3490.0,29.92,(pending API key),,inferred:36.48,,,,no (wide set),,GC:atypical hemolytic uremic syndrome；CTD:MAHA;CTD:TMA;CTD:TTP,2026-09-22,
BDKRB1,P46663,623.0,29.76,(pending API key),,inferred:21.50,,,,no (wide set),,GC:atypical hemolytic uremic syndrome；CTD:MAHA;CTD:TMA;CTD:TTP,2026-09-22,
MIR182,,406958.0,29.62,(pending API key),,inferred:23.00,,,,no (wide set),,GC:atypical hemolytic uremic syndrome；CTD:MAHA;CTD:TMA;CTD:TTP,2026-09-22,
SDS,P20132,10993.0,29.22,(pending API key),,inferred:26.02,,,,no (wide set),,GC:atypical hemolytic uremic syndrome；CTD:MAHA;CTD:TMA;CTD:TTP,2026-09-22,
NUTM2B-AS1,,101060691.0,28.15,(pending API key),,(pending manual export),,,,no (wide set),,GC:atypical hemolytic uremic syndrome,2026-09-22,
GADD45A,P24522,1647.0,28.15,(pending API key),,inferred:93.01,,,,no (wide set),,GC:atypical hemolytic uremic syndrome；CTD:MAHA;CTD:TMA;CTD:TTP,2026-09-22,
ITGAD,Q13349,3681.0,25.64,(pending API key),,(pending manual export),,,,no (wide set),,GC:atypical hemolytic uremic syndrome,2026-09-22,
CKMT1A,P12532,548596.0,25.19,(pending API key),,inferred:5.41,,,,no (wide set),,GC:atypical hemolytic uremic syndrome；CTD:MAHA;CTD:TMA;CTD:TTP,2026-09-22,
MTHFD2L,Q9H903,441024.0,25.19,(pending API key),,inferred:28.92,,,,no (wide set),,GC:atypical hemolytic uremic syndrome；CTD:MAHA;CTD:TMA;CTD:TTP,2026-09-22,
CCL22,O00626,6367.0,23.54,(pending API key),,inferred:16.97,,,,no (wide set),,GC:atypical hemolytic uremic syndrome；CTD:MAHA;CTD:TMA;CTD:TTP,2026-09-22,
APBB1IP,Q7Z5R6,54518.0,21.55,(pending API key),,inferred:22.61,,,,no (wide set),,GC:atypical hemolytic uremic syndrome；CTD:MAHA;CTD:TMA;CTD:TTP,2026-09-22,
BID,P55957,637.0,20.57,(pending API key),,inferred:47.35,,,,no (wide set),,GC:atypical hemolytic uremic syndrome；CTD:MAHA;CTD:TMA;CTD:TTP;CTD:aHUS,2026-09-22,
RPS3,P23396,6188.0,19.67,(pending API key),,inferred:16.96,,,,no (wide set),,GC:atypical hemolytic uremic syndrome；CTD:MAHA;CTD:TMA;CTD:TTP,2026-09-22,
RPS3A,P61247,6189.0,17.63,(pending API key),,inferred:28.39,,,,no (wide set),,GC:atypical hemolytic uremic syndrome；CTD:MAHA;CTD:TMA;CTD:TTP,2026-09-22,
IFNL4,K9M1U5,101180976.0,17.46,(pending API key),,(pending manual export),,,,no (wide set),,GC:atypical hemolytic uremic syndrome,2026-09-22,
LAMTOR5,O43504,10542.0,14.76,(pending API key),,inferred:7.42,,,,no (wide set),,GC:atypical hemolytic uremic syndrome；CTD:MAHA;CTD:TMA;CTD:TTP,2026-09-22,
HOXB9,P17482,3219.0,14.14,(pending API key),,inferred:23.93,,,,no (wide set),,GC:atypical hemolytic uremic syndrome；CTD:MAHA;CTD:TMA;CTD:TTP,2026-09-22,
NRAS,P01111,4893.0,202.14,(pending API key),,inferred:53.90,,,,yes,,GC:thrombotic thrombocytopenic purpura；CTD:MAHA;CTD:TMA;CTD:TTP,2026-09-22,
DDR2,Q16832,4921.0,126.35,(pending API key),,inferred:27.56,,,,yes,,GC:thrombotic thrombocytopenic purpura；CTD:MAHA;CTD:TMA;CTD:TTP,2026-09-22,
PTPN11,Q06124,5781.0,106.40,(pending API key),,inferred:39.66,,,,yes,,GC:thrombotic thrombocytopenic purpura；CTD:MAHA;CTD:TMA;CTD:TTP;CTD:aHUS,2026-09-22,
HSPG2,P98160,3339.0,99.48,(pending API key),,inferred:16.96,,,,yes,,GC:thrombotic thrombocytopenic purpura；CTD:MAHA;CTD:TMA;CTD:TTP,2026-09-22,
F7,P08709,2155.0,98.22,(pending API key),,inferred:29.90,,,,yes,,GC:thrombotic thrombocytopenic purpura；CTD:MAHA;CTD:TMA;CTD:TTP;CTD:aHUS,2026-09-22,
PPP1R13B-DT,,145216.0,97.42,(pending API key),,(pending manual export),,,,yes,,GC:thrombotic thrombocytopenic purpura,2026-09-22,
OAS1,P00973,4938.0,94.51,(pending API key),,inferred:48.96,,,,yes,,GC:thrombotic thrombocytopenic purpura；CTD:MAHA;CTD:TMA;CTD:TTP,2026-09-22,
IKZF1,Q13422,10320.0,88.86,(pending API key),,inferred:15.08,,,,yes,,GC:thrombotic thrombocytopenic purpura；CTD:MAHA;CTD:TMA;CTD:TTP,2026-09-22,
CARMN,,728264.0,87.08,(pending API key),,inferred:2.38,,,,yes,,GC:thrombotic thrombocytopenic purpura；CTD:MAHA,2026-09-22,
KMT2D,O14686,8085.0,86.45,(pending API key),,inferred:12.99,,,,yes,,GC:thrombotic thrombocytopenic purpura；CTD:MAHA;CTD:TMA,2026-09-22,
CSF1R,P07333,1436.0,85.87,(pending API key),,inferred:29.78,,,,yes,,GC:thrombotic thrombocytopenic purpura；CTD:MAHA;CTD:TMA;CTD:TTP,2026-09-22,
CANT1,Q8WVQ1,124583.0,85.82,(pending API key),,inferred:18.43,,,,yes,,GC:thrombotic thrombocytopenic purpura；CTD:MAHA;CTD:TMA;CTD:TTP,2026-09-22,
ETS1,P14921,2113.0,83.55,(pending API key),,inferred:27.41,,,,yes,,GC:thrombotic thrombocytopenic purpura；CTD:MAHA;CTD:TMA;CTD:TTP,2026-09-22,
ADA2,Q9NZK5,51816.0,82.51,(pending API key),,inferred:9.45,,,,yes,,GC:thrombotic thrombocytopenic purpura；CTD:MAHA;CTD:TMA;CTD:TTP,2026-09-22,
HLA-A,P04439,3105.0,81.63,(pending API key),,inferred:31.11,,,,yes,,GC:thrombotic thrombocytopenic purpura；CTD:MAHA;CTD:TMA;CTD:TTP,2026-09-22,
EZH2,Q15910,2146.0,80.77,(pending API key),,inferred:33.55,,,,yes,,GC:thrombotic thrombocytopenic purpura；CTD:MAHA;CTD:TMA;CTD:TTP,2026-09-22,
LOC121366033,,121366033.0,80.57,(pending API key),,(pending manual export),,,,yes,,GC:thrombotic thrombocytopenic purpura,2026-09-22,
LOC130002909,,130002909.0,80.57,(pending API key),,(pending manual export),,,,yes,,GC:thrombotic thrombocytopenic purpura,2026-09-22,
KDM6A,O15550,7403.0,79.88,(pending API key),,inferred:16.38,,,,yes,,GC:thrombotic thrombocytopenic purpura；CTD:MAHA;CTD:TMA;CTD:TTP,2026-09-22,
CASP10,Q92851,843.0,79.27,(pending API key),,inferred:28.39,,,,yes,,GC:thrombotic thrombocytopenic purpura；CTD:MAHA;CTD:TMA;CTD:TTP,2026-09-22,
CDK4,P11802,1019.0,78.08,(pending API key),,inferred:56.76,,,,yes,,GC:thrombotic thrombocytopenic purpura；CTD:MAHA;CTD:TMA;CTD:TTP;CTD:snakebite,2026-09-22,
BRCA1,P38398,672.0,75.02,(pending API key),,inferred:60.07,,,,yes,,GC:thrombotic thrombocytopenic purpura；CTD:MAHA;CTD:TMA;CTD:TTP;CTD:aHUS,2026-09-22,
HCK,P08631,3055.0,71.69,(pending API key),,inferred:27.00,,,,yes,,GC:thrombotic thrombocytopenic purpura；CTD:MAHA;CTD:TMA;CTD:TTP,2026-09-22,
NOTCH2,Q04721,4853.0,71.63,(pending API key),,inferred:28.96,,,,yes,,GC:thrombotic thrombocytopenic purpura；CTD:MAHA;CTD:TMA;CTD:TTP,2026-09-22,
TGFBR2,P37173,7048.0,70.64,(pending API key),,inferred:58.42,,,,yes,,GC:thrombotic thrombocytopenic purpura；CTD:MAHA;CTD:TMA;CTD:TTP,2026-09-22,
SRSF2,Q01130,6427.0,70.20,(pending API key),,inferred:38.07,,,,yes,,GC:thrombotic thrombocytopenic purpura；CTD:MAHA;CTD:TMA;CTD:TTP,2026-09-22,
SMC3,Q9UQE7,9126.0,69.95,(pending API key),,inferred:32.79,,,,yes,,GC:thrombotic thrombocytopenic purpura；CTD:MAHA;CTD:TMA;CTD:TTP,2026-09-22,
ATM,Q13315,472.0,69.09,(pending API key),,inferred:66.89,,,,yes,,GC:thrombotic thrombocytopenic purpura；CTD:MAHA;CTD:TMA;CTD:TTP,2026-09-22,
TERT,O14746,7015.0,68.45,(pending API key),,inferred:32.77,,,,yes,,GC:thrombotic thrombocytopenic purpura；CTD:MAHA;CTD:TMA;CTD:TTP;CTD:aHUS,2026-09-22,
MET,P08581,4233.0,66.81,(pending API key),,inferred:61.49,,,,yes,,GC:thrombotic thrombocytopenic purpura；CTD:MAHA;CTD:TMA;CTD:TTP,2026-09-22,
PDGFRA,P16234,5156.0,66.01,(pending API key),,inferred:45.87,,,,yes,,GC:thrombotic thrombocytopenic purpura；CTD:MAHA;CTD:TMA;CTD:TTP,2026-09-22,
ANKRD26,Q9UPS8,22852.0,66.00,(pending API key),,inferred:25.40,,,,yes,,GC:thrombotic thrombocytopenic purpura；CTD:MAHA;CTD:TMA;CTD:TTP,2026-09-22,
IL12A,P29459,3592.0,65.26,(pending API key),,inferred:48.99,,,,yes,,GC:thrombotic thrombocytopenic purpura；CTD:MAHA;CTD:TMA;CTD:TTP,2026-09-22,
HLA-DRB3,P79483,3125.0,62.86,(pending API key),,inferred:7.66,,,,yes,,GC:thrombotic thrombocytopenic purpura；CTD:MAHA,2026-09-22,
S100A9,P06702,6280.0,62.83,(pending API key),,inferred:79.56,,,,yes,,GC:thrombotic thrombocytopenic purpura；CTD:MAHA;CTD:TMA;CTD:TTP,2026-09-22,
IL11,P20809,3589.0,62.82,(pending API key),,inferred:41.12,,,,yes,,GC:thrombotic thrombocytopenic purpura；CTD:MAHA;CTD:TMA;CTD:TTP,2026-09-22,
SH2D1A,O60880,4068.0,62.53,(pending API key),,inferred:5.50,,,,yes,,GC:thrombotic thrombocytopenic purpura；CTD:MAHA,2026-09-22,
CD63,P08962,967.0,61.97,(pending API key),,inferred:36.96,,,,yes,,GC:thrombotic thrombocytopenic purpura/venom-induced consumption coagulopathy；CTD:MAHA;CTD:TMA;CTD:TTP,2026-09-22,
NOD2,Q9HC29,64127.0,61.83,(pending API key),,inferred:9.87,,,,yes,,GC:thrombotic thrombocytopenic purpura；CTD:MAHA;CTD:TMA;CTD:TTP,2026-09-22,
MAP2K1,Q02750,5604.0,60.18,(pending API key),,inferred:48.84,,,,yes,,GC:thrombotic thrombocytopenic purpura；CTD:MAHA;CTD:TMA;CTD:TTP,2026-09-22,
P2RY12,Q9H244,64805.0,60.11,(pending API key),,inferred:10.51,,,,yes,,GC:thrombotic thrombocytopenic purpura；CTD:MAHA;CTD:TMA;CTD:TTP,2026-09-22,
UNC13D,Q70J99,201294.0,60.06,(pending API key),,inferred:19.98,,,,yes,,GC:thrombotic thrombocytopenic purpura；CTD:MAHA;CTD:TMA;CTD:TTP,2026-09-22,
PIK3CA,P42336,5290.0,59.92,(pending API key),,inferred:37.81,,,,yes,,GC:thrombotic thrombocytopenic purpura；CTD:MAHA;CTD:TMA;CTD:TTP,2026-09-22,
ADAM10,O14672,102.0,59.76,(pending API key),,inferred:25.01,,,,yes,,GC:thrombotic thrombocytopenic purpura；CTD:MAHA;CTD:TMA;CTD:TTP,2026-09-22,
PRKAR1A,P10644,5573.0,58.09,(pending API key),,inferred:27.85,,,,yes,,GC:thrombotic thrombocytopenic purpura；CTD:MAHA;CTD:TMA;CTD:TTP,2026-09-22,
ARAF,P10398,369.0,57.94,(pending API key),,inferred:35.53,,,,yes,,GC:thrombotic thrombocytopenic purpura；CTD:MAHA;CTD:TMA;CTD:TTP,2026-09-22,
CP,P00450,1356.0,55.57,(pending API key),,inferred:71.12,,,,yes,,GC:thrombotic thrombocytopenic purpura；CTD:MAHA;CTD:TMA;CTD:TTP,2026-09-22,
NOTCH3,Q9UM47,4854.0,62.47,(pending API key),,inferred:15.91,,,,yes,,GC:microangiopathic hemolytic anemia/thrombotic thrombocytopenic purpura；CTD:MAHA;CTD:TMA;CTD:TTP,2026-09-22,
POGLUT1,Q8NBL1,56983.0,53.93,(pending API key),,inferred:13.98,,,,yes,,GC:thrombotic thrombocytopenic purpura；CTD:MAHA;CTD:TMA;CTD:TTP,2026-09-22,
KMT2A,Q03164,4297.0,53.73,(pending API key),,inferred:29.55,,,,yes,,GC:thrombotic thrombocytopenic purpura；CTD:MAHA;CTD:TMA;CTD:TTP,2026-09-22,
SHOC2,Q9UQ13,8036.0,53.56,(pending API key),,inferred:14.11,,,,yes,,GC:thrombotic thrombocytopenic purpura；CTD:MAHA,2026-09-22,
FLI1,Q01543,2313.0,53.30,(pending API key),,inferred:37.91,,,,yes,,GC:thrombotic thrombocytopenic purpura；CTD:MAHA;CTD:TMA;CTD:TTP,2026-09-22,
F2RL3,Q96RI0,9002.0,52.83,(pending API key),,inferred:14.94,,,,yes,,GC:thrombotic thrombocytopenic purpura；CTD:MAHA;CTD:TMA,2026-09-22,
SHBG,P04278,6462.0,52.04,(pending API key),,inferred:24.25,,,,yes,,GC:thrombotic thrombocytopenic purpura；CTD:MAHA;CTD:TMA;CTD:TTP,2026-09-22,
GFI1B,Q5VTD9,8328.0,50.64,(pending API key),,inferred:15.44,,,,yes,,GC:thrombotic thrombocytopenic purpura；CTD:MAHA;CTD:TMA;CTD:TTP,2026-09-22,
BRCA2,P51587,675.0,50.28,(pending API key),,inferred:37.49,,,,yes,,GC:thrombotic thrombocytopenic purpura；CTD:MAHA;CTD:TMA;CTD:TTP,2026-09-22,
ESR1,P03372,2099.0,49.90,(pending API key),,inferred:53.48,,,,yes,,GC:thrombotic thrombocytopenic purpura；CTD:MAHA;CTD:TMA;CTD:TTP;CTD:aHUS,2026-09-22,
RO60,P10155,6738.0,48.85,(pending API key),,inferred:32.46,,,,yes,,GC:thrombotic thrombocytopenic purpura；CTD:MAHA;CTD:TMA;CTD:TTP,2026-09-22,
CBLB,Q13191,868.0,48.30,(pending API key),,inferred:43.62,,,,yes,,GC:thrombotic thrombocytopenic purpura；CTD:MAHA;CTD:TMA;CTD:TTP,2026-09-22,
SUZ12,Q15022,23512.0,48.23,(pending API key),,inferred:27.06,,,,yes,,GC:thrombotic thrombocytopenic purpura；CTD:MAHA;CTD:TMA;CTD:TTP,2026-09-22,
CHEK2,O96017,11200.0,47.95,(pending API key),,inferred:51.96,,,,yes,,GC:thrombotic thrombocytopenic purpura；CTD:MAHA;CTD:TMA;CTD:TTP,2026-09-22,
AURKA,O14965,6790.0,47.95,(pending API key),,inferred:54.69,,,,yes,,GC:thrombotic thrombocytopenic purpura；CTD:MAHA;CTD:TMA;CTD:TTP,2026-09-22,
SMAD4,Q13485,4089.0,47.48,(pending API key),,inferred:28.64,,,,no (wide set),,GC:thrombotic thrombocytopenic purpura；CTD:MAHA;CTD:TMA;CTD:TTP,2026-09-22,
SETD2,Q9BYW2,29072.0,47.21,(pending API key),,inferred:23.66,,,,no (wide set),,GC:thrombotic thrombocytopenic purpura；CTD:MAHA;CTD:TMA,2026-09-22,
ANKRD36C,Q5JPF3,400986.0,46.82,(pending API key),,inferred:2.73,,,,no (wide set),,GC:thrombotic thrombocytopenic purpura；CTD:MAHA,2026-09-22,
IGHG1,,,46.43,(pending API key),,inferred:11.60,,,,no (wide set),,GC:thrombotic thrombocytopenic purpura；CTD:MAHA;CTD:TMA;CTD:TTP,2026-09-22,
PTAFR,P25105,5724.0,46.42,(pending API key),,inferred:16.64,,,,no (wide set),,GC:thrombotic thrombocytopenic purpura；CTD:MAHA;CTD:TMA;CTD:TTP,2026-09-22,
ZRSR2,Q15696,8233.0,45.89,(pending API key),,inferred:18.44,,,,no (wide set),,GC:thrombotic thrombocytopenic purpura；CTD:MAHA;CTD:TMA;CTD:TTP,2026-09-22,
GBA1,P04062,2629.0,45.81,(pending API key),,inferred:20.07,,,,no (wide set),,GC:thrombotic thrombocytopenic purpura；CTD:MAHA;CTD:TMA;CTD:TTP,2026-09-22,
STX11,O75558,8676.0,45.81,(pending API key),,inferred:19.41,,,,no (wide set),,GC:thrombotic thrombocytopenic purpura；CTD:MAHA;CTD:TMA;CTD:TTP,2026-09-22,
KCNQ1,P51787,3784.0,45.78,(pending API key),,inferred:13.90,,,,no (wide set),,GC:thrombotic thrombocytopenic purpura；CTD:MAHA;CTD:TMA;CTD:TTP,2026-09-22,
ADAMTS2,O95450,9509.0,45.78,(pending API key),,inferred:22.03,,,,no (wide set),,GC:thrombotic thrombocytopenic purpura；CTD:MAHA;CTD:TMA;CTD:TTP,2026-09-22,
ADAMTS3,O15072,9508.0,45.78,(pending API key),,inferred:18.16,,,,no (wide set),,GC:thrombotic thrombocytopenic purpura；CTD:MAHA;CTD:TMA;CTD:TTP,2026-09-22,
RAF1,P04049,5894.0,44.85,(pending API key),,inferred:41.18,,,,no (wide set),,GC:thrombotic thrombocytopenic purpura；CTD:MAHA;CTD:TMA;CTD:TTP;CTD:snakebite,2026-09-22,
IGKC,,3514.0,44.66,(pending API key),,inferred:19.13,,,,no (wide set),,GC:thrombotic thrombocytopenic purpura；CTD:MAHA;CTD:TMA;CTD:TTP,2026-09-22,
DNTT,P04053,1791.0,43.32,(pending API key),,inferred:16.14,,,,no (wide set),,GC:thrombotic thrombocytopenic purpura；CTD:MAHA;CTD:TMA;CTD:TTP,2026-09-22,
LMNA,P02545,4000.0,43.21,(pending API key),,inferred:62.72,,,,no (wide set),,GC:thrombotic thrombocytopenic purpura；CTD:MAHA;CTD:TMA;CTD:TTP,2026-09-22,
ERBB4,Q15303,2066.0,42.87,(pending API key),,inferred:28.55,,,,no (wide set),,GC:thrombotic thrombocytopenic purpura；CTD:MAHA;CTD:TMA;CTD:TTP,2026-09-22,
FGFR3,P22607,2261.0,42.87,(pending API key),,inferred:26.93,,,,no (wide set),,GC:thrombotic thrombocytopenic purpura；CTD:MAHA;CTD:TMA;CTD:TTP,2026-09-22,
MAP2K2,P36507,5605.0,42.87,(pending API key),,inferred:55.46,,,,no (wide set),,GC:thrombotic thrombocytopenic purpura；CTD:MAHA;CTD:TMA;CTD:TTP,2026-09-22,
NTRK2,Q16620,4915.0,42.87,(pending API key),,inferred:32.63,,,,no (wide set),,GC:thrombotic thrombocytopenic purpura；CTD:MAHA;CTD:TMA;CTD:TTP,2026-09-22,
NTRK3,Q16288,4916.0,42.87,(pending API key),,inferred:19.69,,,,no (wide set),,GC:thrombotic thrombocytopenic purpura；CTD:MAHA;CTD:TMA;CTD:TTP,2026-09-22,
PIM1,P11309,5292.0,42.87,(pending API key),,inferred:46.91,,,,no (wide set),,GC:thrombotic thrombocytopenic purpura；CTD:MAHA;CTD:TMA;CTD:TTP,2026-09-22,
SEPT5-GP1BB,,100526833.0,42.47,(pending API key),,inferred:4.09,,,,no (wide set),,GC:thrombotic thrombocytopenic purpura；CTD:MAHA;CTD:TMA;CTD:TTP,2026-09-22,
FYN,P06241,2534.0,39.84,(pending API key),,inferred:36.49,,,,no (wide set),,GC:thrombotic thrombocytopenic purpura；CTD:MAHA;CTD:TMA;CTD:TTP,2026-09-22,
IL17F,Q96PD4,112744.0,39.69,(pending API key),,inferred:2.16,,,,no (wide set),,GC:thrombotic thrombocytopenic purpura；CTD:MAHA,2026-09-22,
NR4A3,Q92570,8013.0,38.13,(pending API key),,inferred:50.25,,,,no (wide set),,GC:thrombotic thrombocytopenic purpura；CTD:MAHA;CTD:TMA;CTD:TTP;CTD:aHUS,2026-09-22,
HLA-DQA1,P01909,3117.0,85.14,(pending API key),,inferred:8.85,,,,no (wide set),,GC:microangiopathic hemolytic anemia/thrombotic thrombocytopenic purpura；CTD:MAHA;CTD:TMA,2026-09-22,
LYST,Q99698,1130.0,37.47,(pending API key),,inferred:27.06,,,,no (wide set),,GC:thrombotic thrombocytopenic purpura；CTD:MAHA;CTD:TMA;CTD:TTP,2026-09-22,
IL23R,Q5VWK5,149233.0,37.39,(pending API key),,inferred:5.70,,,,no (wide set),,GC:thrombotic thrombocytopenic purpura；CTD:MAHA;CTD:TMA;CTD:TTP,2026-09-22,
PECAM1,P16284,5175.0,35.76,(pending API key),,inferred:37.35,,,,no (wide set),,GC:thrombotic thrombocytopenic purpura；CTD:MAHA;CTD:TMA;CTD:TTP;CTD:aHUS,2026-09-22,
ARRB1,P49407,408.0,35.15,(pending API key),,inferred:44.56,,,,no (wide set),,GC:thrombotic thrombocytopenic purpura；CTD:MAHA;CTD:TMA;CTD:TTP,2026-09-22,
SNRNP70,P08621,6625.0,35.13,(pending API key),,inferred:15.83,,,,no (wide set),,GC:thrombotic thrombocytopenic purpura；CTD:MAHA;CTD:TMA;CTD:TTP,2026-09-22,
RHOG,P84095,391.0,34.71,(pending API key),,inferred:21.71,,,,no (wide set),,GC:thrombotic thrombocytopenic purpura；CTD:MAHA;CTD:TMA;CTD:TTP,2026-09-22,
CXCL16,Q9H2A7,58191.0,33.63,(pending API key),,inferred:28.23,,,,no (wide set),,GC:thrombotic thrombocytopenic purpura；CTD:MAHA;CTD:TMA;CTD:TTP,2026-09-22,
MAP3K1,Q13233,4214.0,33.23,(pending API key),,inferred:46.88,,,,no (wide set),,GC:thrombotic thrombocytopenic purpura；CTD:MAHA;CTD:TMA;CTD:TTP,2026-09-22,
CD84,Q9UIB8,8832.0,33.09,(pending API key),,inferred:14.39,,,,no (wide set),,GC:thrombotic thrombocytopenic purpura；CTD:MAHA;CTD:TMA;CTD:TTP,2026-09-22,
LINC-ROR,,100885779.0,31.17,(pending API key),,inferred:2.86,,,,no (wide set),,GC:thrombotic thrombocytopenic purpura；CTD:MAHA,2026-09-22,
RAB27A,P51159,5873.0,30.85,(pending API key),,inferred:22.76,,,,no (wide set),,GC:thrombotic thrombocytopenic purpura；CTD:MAHA;CTD:TMA;CTD:TTP,2026-09-22,
IL3,P08700,3562.0,30.10,(pending API key),,inferred:48.70,,,,no (wide set),,GC:thrombotic thrombocytopenic purpura；CTD:MAHA;CTD:TMA;CTD:TTP,2026-09-22,
FBN1,P35555,2200.0,29.91,(pending API key),,inferred:23.47,,,,no (wide set),,GC:thrombotic thrombocytopenic purpura；CTD:MAHA;CTD:TMA;CTD:TTP,2026-09-22,
FADD,Q13158,8772.0,29.44,(pending API key),,inferred:35.68,,,,no (wide set),,GC:thrombotic thrombocytopenic purpura；CTD:MAHA;CTD:TMA;CTD:TTP,2026-09-22,
ADORA2A,P29274,135.0,29.12,(pending API key),,inferred:43.83,,,,no (wide set),,GC:thrombotic thrombocytopenic purpura；CTD:MAHA;CTD:TMA;CTD:TTP,2026-09-22,
SRF,P11831,6722.0,28.51,(pending API key),,inferred:12.38,,,,no (wide set),,GC:thrombotic thrombocytopenic purpura；CTD:MAHA;CTD:TMA;CTD:TTP,2026-09-22,
NFE2,Q16621,4778.0,28.42,(pending API key),,inferred:15.13,,,,no (wide set),,GC:thrombotic thrombocytopenic purpura；CTD:MAHA;CTD:TMA;CTD:TTP,2026-09-22,
PTK2,Q05397,5747.0,27.54,(pending API key),,inferred:39.34,,,,no (wide set),,GC:thrombotic thrombocytopenic purpura；CTD:MAHA;CTD:TMA;CTD:TTP;CTD:aHUS,2026-09-22,
PIK3CG,P48736,5294.0,27.52,(pending API key),,inferred:12.26,,,,no (wide set),,GC:thrombotic thrombocytopenic purpura；CTD:MAHA;CTD:TMA;CTD:TTP,2026-09-22,
STK26,Q9P289,51765.0,27.46,(pending API key),,inferred:24.10,,,,no (wide set),,GC:thrombotic thrombocytopenic purpura；CTD:MAHA;CTD:TMA;CTD:TTP,2026-09-22,
TXK,P42681,7294.0,26.97,(pending API key),,inferred:8.08,,,,no (wide set),,GC:thrombotic thrombocytopenic purpura；CTD:MAHA;CTD:TMA;CTD:TTP,2026-09-22,
CSF2,P04141,1437.0,26.92,(pending API key),,inferred:59.48,,,,no (wide set),,GC:thrombotic thrombocytopenic purpura；CTD:MAHA;CTD:TMA;CTD:TTP;CTD:aHUS,2026-09-22,
FLII,Q13045,2314.0,26.56,(pending API key),,inferred:32.22,,,,no (wide set),,GC:thrombotic thrombocytopenic purpura；CTD:MAHA;CTD:TMA;CTD:TTP,2026-09-22,
CYCS,P99999,54205.0,26.30,(pending API key),,inferred:67.31,,,,no (wide set),,GC:thrombotic thrombocytopenic purpura；CTD:MAHA;CTD:TMA;CTD:TTP,2026-09-22,
RELN,P78509,5649.0,26.27,(pending API key),,inferred:31.38,,,,no (wide set),,GC:thrombotic thrombocytopenic purpura；CTD:MAHA;CTD:TMA;CTD:TTP,2026-09-22,
SLC22A1,O15245,6580.0,26.24,(pending API key),,inferred:97.94,,,,no (wide set),,GC:thrombotic thrombocytopenic purpura；CTD:MAHA;CTD:TMA;CTD:TTP,2026-09-22,
RETN,Q9HD89,56729.0,25.69,(pending API key),,inferred:13.43,,,,no (wide set),,GC:thrombotic thrombocytopenic purpura；CTD:MAHA;CTD:TMA;CTD:TTP,2026-09-22,
ITGB1,P05556,3688.0,25.67,(pending API key),,inferred:64.45,,,,no (wide set),,GC:thrombotic thrombocytopenic purpura；CTD:MAHA;CTD:TMA;CTD:TTP,2026-09-22,
DNAJC6,O75061,9829.0,25.24,(pending API key),,inferred:24.20,,,,no (wide set),,GC:thrombotic thrombocytopenic purpura；CTD:MAHA;CTD:TMA;CTD:TTP,2026-09-22,
ENDOD1,O94919,23052.0,25.24,(pending API key),,inferred:37.36,,,,no (wide set),,GC:thrombotic thrombocytopenic purpura；CTD:MAHA;CTD:TMA;CTD:TTP,2026-09-22,
PKN1,Q16512,5585.0,25.18,(pending API key),,inferred:21.51,,,,no (wide set),,GC:thrombotic thrombocytopenic purpura；CTD:MAHA;CTD:TMA;CTD:TTP,2026-09-22,
MOG,Q16653,4340.0,24.42,(pending API key),,inferred:22.21,,,,no (wide set),,GC:thrombotic thrombocytopenic purpura；CTD:MAHA,2026-09-22,
ERBB3,P21860,2065.0,24.15,(pending API key),,inferred:44.44,,,,no (wide set),,GC:thrombotic thrombocytopenic purpura；CTD:MAHA;CTD:TMA;CTD:TTP,2026-09-22,
PIK3R2,O00459,5296.0,24.15,(pending API key),,inferred:38.02,,,,no (wide set),,GC:thrombotic thrombocytopenic purpura；CTD:MAHA;CTD:TMA;CTD:TTP,2026-09-22,
PICK1,Q9NRD5,9463.0,24.15,(pending API key),,inferred:18.82,,,,no (wide set),,GC:thrombotic thrombocytopenic purpura；CTD:MAHA;CTD:TMA;CTD:TTP,2026-09-22,
ADAMTS19,Q8TE59,171019.0,24.15,(pending API key),,inferred:16.21,,,,no (wide set),,GC:thrombotic thrombocytopenic purpura；CTD:MAHA;CTD:TMA;CTD:TTP,2026-09-22,
ADAMTS6,Q9UKP5,11174.0,24.15,(pending API key),,inferred:13.05,,,,no (wide set),,GC:thrombotic thrombocytopenic purpura；CTD:MAHA;CTD:TMA;CTD:TTP,2026-09-22,
HPLH1,,27259.0,24.15,(pending API key),,(pending manual export),,,,no (wide set),,GC:thrombotic thrombocytopenic purpura,2026-09-22,
EPOR,P19235,2057.0,24.02,(pending API key),,inferred:24.87,,,,no (wide set),,GC:thrombotic thrombocytopenic purpura；CTD:MAHA;CTD:TMA;CTD:TTP,2026-09-22,
MIR494,,574452.0,24.00,(pending API key),,inferred:19.68,,,,no (wide set),,GC:thrombotic thrombocytopenic purpura；CTD:MAHA;CTD:TMA;CTD:TTP,2026-09-22,
S100A12,P80511,6283.0,23.46,(pending API key),,inferred:5.65,,,,no (wide set),,GC:thrombotic thrombocytopenic purpura；CTD:MAHA;CTD:TMA;CTD:TTP,2026-09-22,
PRKACB,P22694,5567.0,22.85,(pending API key),,inferred:40.16,,,,no (wide set),,GC:thrombotic thrombocytopenic purpura；CTD:MAHA;CTD:TMA;CTD:TTP,2026-09-22,
FES,P07332,2242.0,22.85,(pending API key),,inferred:17.05,,,,no (wide set),,GC:thrombotic thrombocytopenic purpura；CTD:MAHA;CTD:TMA;CTD:TTP,2026-09-22,
HLA-C,P10321,3107.0,22.77,(pending API key),,inferred:29.27,,,,no (wide set),,GC:thrombotic thrombocytopenic purpura；CTD:MAHA;CTD:TMA;CTD:TTP,2026-09-22,
DEFA1,P59665,1667.0,22.66,(pending API key),,inferred:11.77,,,,no (wide set),,GC:thrombotic thrombocytopenic purpura；CTD:MAHA;CTD:TMA;CTD:TTP,2026-09-22,
DEFB4A,O15263,1673.0,22.66,(pending API key),,inferred:2.79,,,,no (wide set),,GC:thrombotic thrombocytopenic purpura；CTD:MAHA;CTD:TMA,2026-09-22,
DEFA3,P59666,1668.0,22.66,(pending API key),,inferred:6.59,,,,no (wide set),,GC:thrombotic thrombocytopenic purpura；CTD:MAHA;CTD:TMA;CTD:TTP,2026-09-22,
RUNX1-AS1,,124905014.0,22.61,(pending API key),,(pending manual export),,,,no (wide set),,GC:thrombotic thrombocytopenic purpura,2026-09-22,
PIGF,Q07326,5281.0,22.60,(pending API key),,inferred:23.11,,,,no (wide set),,GC:thrombotic thrombocytopenic purpura；CTD:MAHA;CTD:TMA;CTD:TTP,2026-09-22,
INPPL1,O15357,3636.0,22.55,(pending API key),,inferred:12.57,,,,no (wide set),,GC:thrombotic thrombocytopenic purpura；CTD:MAHA,2026-09-22,
ABCC8,Q09428,6833.0,22.45,(pending API key),,inferred:32.08,,,,no (wide set),,GC:thrombotic thrombocytopenic purpura；CTD:MAHA;CTD:TMA;CTD:TTP,2026-09-22,
TSR1,Q2NL82,55720.0,22.40,(pending API key),,inferred:17.13,,,,no (wide set),,GC:thrombotic thrombocytopenic purpura；CTD:MAHA;CTD:TMA;CTD:TTP,2026-09-22,
TES,Q9UGI8,26136.0,22.40,(pending API key),,inferred:27.92,,,,no (wide set),,GC:thrombotic thrombocytopenic purpura；CTD:MAHA;CTD:TMA;CTD:TTP,2026-09-22,
DYNC2LI1,Q8TCX1,51626.0,21.92,(pending API key),,inferred:18.72,,,,no (wide set),,GC:thrombotic thrombocytopenic purpura；CTD:MAHA;CTD:TMA;CTD:TTP,2026-09-22,
CCR5,P51681,1234.0,21.57,(pending API key),,inferred:28.52,,,,no (wide set),,GC:thrombotic thrombocytopenic purpura；CTD:MAHA;CTD:TMA;CTD:TTP,2026-09-22,
CXCR6,O00574,10663.0,20.72,(pending API key),,inferred:15.38,,,,no (wide set),,GC:thrombotic thrombocytopenic purpura；CTD:MAHA,2026-09-22,
PTPRJ,Q12913,5795.0,20.36,(pending API key),,inferred:33.37,,,,no (wide set),,GC:thrombotic thrombocytopenic purpura；CTD:MAHA;CTD:TMA;CTD:TTP,2026-09-22,
TYRO3,Q06418,7301.0,20.17,(pending API key),,inferred:30.90,,,,no (wide set),,GC:thrombotic thrombocytopenic purpura；CTD:MAHA;CTD:TMA;CTD:TTP,2026-09-22,
PDE5A,O76074,8654.0,20.17,(pending API key),,inferred:22.09,,,,no (wide set),,GC:thrombotic thrombocytopenic purpura；CTD:MAHA;CTD:TMA;CTD:TTP,2026-09-22,
TREM1,Q9NP99,54210.0,20.13,(pending API key),,inferred:10.13,,,,no (wide set),,GC:thrombotic thrombocytopenic purpura；CTD:MAHA;CTD:TMA;CTD:TTP,2026-09-22,
PRKCQ,Q04759,5588.0,20.01,(pending API key),,inferred:25.09,,,,no (wide set),,GC:thrombotic thrombocytopenic purpura；CTD:MAHA;CTD:TMA;CTD:TTP,2026-09-22,
CLEC2B,Q92478,9976.0,19.98,(pending API key),,inferred:11.78,,,,no (wide set),,GC:thrombotic thrombocytopenic purpura；CTD:MAHA;CTD:TMA;CTD:TTP,2026-09-22,
TNNT2,P45379,7139.0,19.61,(pending API key),,inferred:24.20,,,,no (wide set),,GC:thrombotic thrombocytopenic purpura；CTD:MAHA;CTD:TMA;CTD:TTP,2026-09-22,
PRKCE,Q02156,5581.0,19.04,(pending API key),,inferred:26.36,,,,no (wide set),,GC:thrombotic thrombocytopenic purpura；CTD:MAHA;CTD:TMA;CTD:TTP,2026-09-22,
MAPK7,Q13164,5598.0,18.86,(pending API key),,inferred:36.83,,,,no (wide set),,GC:thrombotic thrombocytopenic purpura；CTD:MAHA;CTD:TMA;CTD:TTP,2026-09-22,
BLK,P51451,640.0,18.70,(pending API key),,inferred:16.85,,,,no (wide set),,GC:thrombotic thrombocytopenic purpura；CTD:MAHA;CTD:TMA;CTD:TTP,2026-09-22,
LIMK1,P53667,3984.0,18.62,(pending API key),,inferred:36.94,,,,no (wide set),,GC:thrombotic thrombocytopenic purpura；CTD:MAHA;CTD:TMA;CTD:TTP,2026-09-22,
IGHG2,,3501.0,18.56,(pending API key),,(pending manual export),,,,no (wide set),,GC:thrombotic thrombocytopenic purpura,2026-09-22,
YES1,P07947,7525.0,18.44,(pending API key),,inferred:19.35,,,,no (wide set),,GC:thrombotic thrombocytopenic purpura；CTD:MAHA;CTD:TMA;CTD:TTP,2026-09-22,
FGR,P09769,2268.0,18.44,(pending API key),,inferred:29.39,,,,no (wide set),,GC:thrombotic thrombocytopenic purpura；CTD:MAHA;CTD:TMA;CTD:TTP,2026-09-22,
FRK,P42685,2444.0,18.44,(pending API key),,inferred:20.70,,,,no (wide set),,GC:thrombotic thrombocytopenic purpura；CTD:MAHA;CTD:TMA;CTD:TTP,2026-09-22,
DUSP2,Q05923,1844.0,18.25,(pending API key),,inferred:26.67,,,,no (wide set),,GC:thrombotic thrombocytopenic purpura；CTD:MAHA;CTD:TMA;CTD:TTP,2026-09-22,
IGHG4,,,18.20,(pending API key),,(pending manual export),,,,no (wide set),,GC:thrombotic thrombocytopenic purpura,2026-09-22,
TNK2,Q07912,10188.0,17.77,(pending API key),,inferred:20.22,,,,no (wide set),,GC:thrombotic thrombocytopenic purpura；CTD:MAHA,2026-09-22,
CHEK1,O14757,1111.0,17.77,(pending API key),,inferred:61.20,,,,no (wide set),,GC:thrombotic thrombocytopenic purpura；CTD:MAHA;CTD:TMA;CTD:TTP,2026-09-22,
PTK2B,Q14289,2185.0,17.77,(pending API key),,inferred:24.93,,,,no (wide set),,GC:thrombotic thrombocytopenic purpura；CTD:MAHA;CTD:TMA;CTD:TTP,2026-09-22,
TNIK,Q9UKE5,23043.0,17.77,(pending API key),,inferred:28.31,,,,no (wide set),,GC:thrombotic thrombocytopenic purpura；CTD:MAHA;CTD:TMA;CTD:TTP,2026-09-22,
MINK1,Q8N4C8,50488.0,17.77,(pending API key),,inferred:21.80,,,,no (wide set),,GC:thrombotic thrombocytopenic purpura；CTD:MAHA;CTD:TMA;CTD:TTP,2026-09-22,
PRKAB2,O43741,5565.0,17.77,(pending API key),,inferred:40.87,,,,no (wide set),,GC:thrombotic thrombocytopenic purpura；CTD:MAHA;CTD:TMA;CTD:TTP,2026-09-22,
SLK,Q9H2G2,9748.0,17.77,(pending API key),,inferred:37.25,,,,no (wide set),,GC:thrombotic thrombocytopenic purpura；CTD:MAHA;CTD:TMA;CTD:TTP,2026-09-22,
MAP4K2,Q12851,5871.0,17.77,(pending API key),,inferred:16.78,,,,no (wide set),,GC:thrombotic thrombocytopenic purpura；CTD:MAHA;CTD:TMA;CTD:TTP,2026-09-22,
AAK1,Q2M2I8,22848.0,17.77,(pending API key),,inferred:23.40,,,,no (wide set),,GC:thrombotic thrombocytopenic purpura；CTD:MAHA;CTD:TMA;CTD:TTP,2026-09-22,
PLK1,P53350,5347.0,17.59,(pending API key),,inferred:47.27,,,,no (wide set),,GC:thrombotic thrombocytopenic purpura；CTD:MAHA;CTD:TMA;CTD:TTP;CTD:aHUS,2026-09-22,
RAP1B,P61224,5908.0,16.98,(pending API key),,inferred:26.79,,,,no (wide set),,GC:thrombotic thrombocytopenic purpura；CTD:MAHA;CTD:TMA;CTD:TTP,2026-09-22,
HDAC3,O15379,8841.0,16.74,(pending API key),,inferred:27.07,,,,no (wide set),,GC:thrombotic thrombocytopenic purpura；CTD:MAHA;CTD:TMA;CTD:TTP,2026-09-22,
DAB2,P98082,1601.0,16.56,(pending API key),,inferred:31.38,,,,no (wide set),,GC:thrombotic thrombocytopenic purpura；CTD:MAHA;CTD:TMA;CTD:TTP,2026-09-22,
MIR543,,100126335.0,16.22,(pending API key),,inferred:10.05,,,,no (wide set),,GC:thrombotic thrombocytopenic purpura；CTD:MAHA;CTD:TMA;CTD:TTP,2026-09-22,
RIPK2,O43353,8767.0,16.13,(pending API key),,inferred:46.92,,,,no (wide set),,GC:thrombotic thrombocytopenic purpura；CTD:MAHA;CTD:TMA;CTD:TTP,2026-09-22,
TBK1,Q9UHD2,29110.0,52.06,(pending API key),,inferred:28.00,,,,no (wide set),,GC:microangiopathic hemolytic anemia/thrombotic thrombocytopenic purpura；CTD:MAHA;CTD:TMA;CTD:TTP,2026-09-22,
LOC126863137,,126863137.0,15.82,(pending API key),,(pending manual export),,,,no (wide set),,GC:thrombotic thrombocytopenic purpura,2026-09-22,
PIK3C2B,O00750,5287.0,15.61,(pending API key),,inferred:38.25,,,,no (wide set),,GC:thrombotic thrombocytopenic purpura；CTD:MAHA;CTD:TMA;CTD:TTP,2026-09-22,
XIST,,7503.0,15.39,(pending API key),,inferred:22.22,,,,no (wide set),,GC:thrombotic thrombocytopenic purpura；CTD:MAHA;CTD:TMA;CTD:TTP,2026-09-22,
MRC1,P22897,4360.0,13.68,(pending API key),,inferred:29.95,,,,no (wide set),,GC:thrombotic thrombocytopenic purpura；CTD:MAHA;CTD:TMA;CTD:TTP,2026-09-22,
PRMT1,Q99873,3276.0,13.40,(pending API key),,inferred:49.78,,,,no (wide set),,GC:thrombotic thrombocytopenic purpura；CTD:MAHA;CTD:TMA;CTD:TTP,2026-09-22,
SELENOP,P49908,6414.0,12.08,(pending API key),,inferred:32.77,,,,no (wide set),,GC:thrombotic thrombocytopenic purpura；CTD:MAHA;CTD:TMA;CTD:TTP,2026-09-22,
CD248,Q9HCU0,57124.0,23.45,(pending API key),,inferred:10.55,,,,no (wide set),,GC:microangiopathic hemolytic anemia/thrombotic thrombocytopenic purpura；CTD:MAHA;CTD:TMA;CTD:TTP,2026-09-22,
TLR5,O60602,7100.0,11.67,(pending API key),,inferred:19.14,,,,no (wide set),,GC:thrombotic thrombocytopenic purpura；CTD:MAHA;CTD:TMA,2026-09-22,
MYL9,P24844,10398.0,11.67,(pending API key),,inferred:36.81,,,,no (wide set),,GC:thrombotic thrombocytopenic purpura；CTD:MAHA;CTD:TMA;CTD:TTP,2026-09-22,
MIR326,,442900.0,11.67,(pending API key),,inferred:15.58,,,,no (wide set),,GC:thrombotic thrombocytopenic purpura；CTD:MAHA;CTD:TMA;CTD:TTP,2026-09-22,
AURKB,Q96GD4,9212.0,11.65,(pending API key),,inferred:37.41,,,,no (wide set),,GC:thrombotic thrombocytopenic purpura；CTD:MAHA;CTD:TMA;CTD:TTP,2026-09-22,
MAP3K3,Q99759,4215.0,11.42,(pending API key),,inferred:10.09,,,,no (wide set),,GC:thrombotic thrombocytopenic purpura；CTD:MAHA;CTD:TMA;CTD:TTP,2026-09-22,
PRKCG,P05129,5582.0,11.32,(pending API key),,inferred:13.42,,,,no (wide set),,GC:thrombotic thrombocytopenic purpura；CTD:MAHA;CTD:TMA;CTD:TTP,2026-09-22,
MAPK10,P53779,5602.0,11.32,(pending API key),,inferred:33.32,,,,no (wide set),,GC:thrombotic thrombocytopenic purpura；CTD:MAHA;CTD:TMA;CTD:TTP,2026-09-22,
PRKCI,P41743,5584.0,11.32,(pending API key),,inferred:38.37,,,,no (wide set),,GC:thrombotic thrombocytopenic purpura；CTD:MAHA;CTD:TMA;CTD:TTP,2026-09-22,
CTSS,P25774,1520.0,11.32,(pending API key),,inferred:40.46,,,,no (wide set),,GC:thrombotic thrombocytopenic purpura；CTD:MAHA;CTD:TMA;CTD:TTP,2026-09-22,
FLT4,P35916,2324.0,11.06,(pending API key),,inferred:18.10,,,,no (wide set),,GC:thrombotic thrombocytopenic purpura；CTD:MAHA;CTD:TMA;CTD:TTP,2026-09-22,
GSK3A,P49840,2931.0,11.06,(pending API key),,inferred:31.99,,,,no (wide set),,GC:thrombotic thrombocytopenic purpura；CTD:MAHA;CTD:TMA;CTD:TTP,2026-09-22,
RPS6KA1,Q15418,6195.0,11.06,(pending API key),,inferred:33.47,,,,no (wide set),,GC:thrombotic thrombocytopenic purpura；CTD:MAHA;CTD:TMA;CTD:TTP,2026-09-22,
MAP2K5,Q13163,5607.0,11.06,(pending API key),,inferred:21.83,,,,no (wide set),,GC:thrombotic thrombocytopenic purpura；CTD:MAHA;CTD:TMA;CTD:TTP,2026-09-22,
PDPK1,O15530,5170.0,11.06,(pending API key),,inferred:51.05,,,,no (wide set),,GC:thrombotic thrombocytopenic purpura；CTD:MAHA;CTD:TMA;CTD:TTP;CTD:aHUS,2026-09-22,
SLC29A1,Q99808,2030.0,11.06,(pending API key),,inferred:45.82,,,,no (wide set),,GC:thrombotic thrombocytopenic purpura；CTD:MAHA;CTD:TMA;CTD:TTP;CTD:aHUS,2026-09-22,
TNNI3K,Q59H18,51086.0,11.06,(pending API key),,inferred:20.94,,,,no (wide set),,GC:thrombotic thrombocytopenic purpura；CTD:MAHA;CTD:TMA;CTD:TTP,2026-09-22,
CYP2C18,P33260,1562.0,11.06,(pending API key),,inferred:41.14,,,,no (wide set),,GC:thrombotic thrombocytopenic purpura；CTD:MAHA;CTD:TMA;CTD:TTP,2026-09-22,
THBS2,P35442,7058.0,7.13,(pending API key),,inferred:45.54,,,,no (wide set),,GC:thrombotic thrombocytopenic purpura；CTD:MAHA;CTD:TMA;CTD:TTP,2026-09-22,
PPIB,P23284,5479.0,6.87,(pending API key),,inferred:36.63,,,,no (wide set),,GC:thrombotic thrombocytopenic purpura；CTD:MAHA;CTD:TMA;CTD:TTP,2026-09-22,
GZMM,P51124,3004.0,6.87,(pending API key),,inferred:27.50,,,,no (wide set),,GC:thrombotic thrombocytopenic purpura；CTD:MAHA;CTD:TMA;CTD:TTP,2026-09-22,
POFUT2,Q9Y2G5,23275.0,6.87,(pending API key),,inferred:10.71,,,,no (wide set),,GC:thrombotic thrombocytopenic purpura；CTD:MAHA;CTD:TMA;CTD:TTP,2026-09-22,
SCUBE2,Q9NQ36,57758.0,6.87,(pending API key),,inferred:28.92,,,,no (wide set),,GC:thrombotic thrombocytopenic purpura；CTD:MAHA;CTD:TMA;CTD:TTP,2026-09-22,
CDCP1,Q9H5V8,64866.0,6.87,(pending API key),,inferred:19.07,,,,no (wide set),,GC:thrombotic thrombocytopenic purpura；CTD:MAHA;CTD:TMA;CTD:TTP,2026-09-22,
POLG,P54098,5428.0,166.92,(pending API key),,inferred:26.52,,,,yes,,GC:microangiopathic hemolytic anemia；CTD:MAHA;CTD:TMA,2026-09-22,
ADAR,P55265,103.0,155.72,(pending API key),,inferred:22.39,,,,yes,,GC:microangiopathic hemolytic anemia；CTD:MAHA;CTD:TMA;CTD:TTP,2026-09-22,
HADHA,P40939,3030.0,126.33,(pending API key),,inferred:33.68,,,,yes,,GC:microangiopathic hemolytic anemia；CTD:MAHA;CTD:TMA;CTD:TTP,2026-09-22,
DNASE2,O00115,1777.0,112.18,(pending API key),,inferred:13.39,,,,yes,,GC:microangiopathic hemolytic anemia；CTD:MAHA;CTD:TMA;CTD:TTP,2026-09-22,
ACADL,P28330,33.0,111.54,(pending API key),,inferred:43.64,,,,yes,,GC:microangiopathic hemolytic anemia；CTD:MAHA;CTD:TMA;CTD:TTP,2026-09-22,
IFNAR1,P17181,3454.0,102.80,(pending API key),,inferred:26.69,,,,no (wide set),,GC:microangiopathic hemolytic anemia；CTD:MAHA;CTD:TMA;CTD:TTP,2026-09-22,
SLC17A5,Q9NRA2,26503.0,93.67,(pending API key),,inferred:22.25,,,,no (wide set),,GC:microangiopathic hemolytic anemia；CTD:MAHA;CTD:TMA;CTD:TTP,2026-09-22,
IRAK1,P51617,3654.0,77.65,(pending API key),,inferred:36.56,,,,no (wide set),,GC:microangiopathic hemolytic anemia；CTD:MAHA;CTD:TMA;CTD:TTP,2026-09-22,
GSTP1,P09211,2950.0,73.15,(pending API key),,inferred:127.05,,,,no (wide set),,GC:microangiopathic hemolytic anemia；CTD:MAHA;CTD:TMA;CTD:TTP,2026-09-22,
HELLPAR,,101101692.0,62.97,(pending API key),,(pending manual export),,,,no (wide set),,GC:microangiopathic hemolytic anemia,2026-09-22,
SAMHD1,Q9Y3Z3,25939.0,62.88,(pending API key),,inferred:34.94,,,,no (wide set),,GC:microangiopathic hemolytic anemia；CTD:MAHA;CTD:TMA;CTD:TTP,2026-09-22,
GNA14,O95837,9630.0,53.12,(pending API key),,inferred:22.17,,,,no (wide set),,GC:microangiopathic hemolytic anemia；CTD:MAHA;CTD:TMA;CTD:TTP,2026-09-22,
RNASEH2B,Q5TBB1,79621.0,51.36,(pending API key),,inferred:13.04,,,,no (wide set),,GC:microangiopathic hemolytic anemia；CTD:MAHA;CTD:TMA;CTD:TTP,2026-09-22,
SAT1,P21673,6303.0,50.28,(pending API key),,inferred:81.78,,,,no (wide set),,GC:microangiopathic hemolytic anemia；CTD:MAHA;CTD:TMA;CTD:TTP;CTD:aHUS,2026-09-22,
ISG15,P05161,9636.0,47.26,(pending API key),,inferred:67.50,,,,no (wide set),,GC:microangiopathic hemolytic anemia；CTD:MAHA;CTD:TMA;CTD:TTP,2026-09-22,
RNASEH2A,O75792,10535.0,44.68,(pending API key),,inferred:33.66,,,,no (wide set),,GC:microangiopathic hemolytic anemia；CTD:MAHA;CTD:TMA;CTD:TTP,2026-09-22,
ATG5,Q9H1Y0,9474.0,39.03,(pending API key),,inferred:47.70,,,,no (wide set),,GC:microangiopathic hemolytic anemia；CTD:MAHA;CTD:TMA;CTD:TTP,2026-09-22,
IRF3,Q14653,3661.0,35.94,(pending API key),,inferred:33.86,,,,no (wide set),,GC:microangiopathic hemolytic anemia；CTD:MAHA;CTD:TMA;CTD:TTP;CTD:aHUS,2026-09-22,
CGAS,Q8N884,115004.0,35.58,(pending API key),,inferred:7.05,,,,no (wide set),,GC:microangiopathic hemolytic anemia；CTD:MAHA;CTD:TMA;CTD:TTP,2026-09-22,
PAPPA2,Q9BXP8,60676.0,32.20,(pending API key),,inferred:14.33,,,,no (wide set),,GC:microangiopathic hemolytic anemia；CTD:MAHA;CTD:TMA;CTD:TTP,2026-09-22,
HNF1B,P35680,6928.0,30.83,(pending API key),,inferred:25.94,,,,no (wide set),,GC:microangiopathic hemolytic anemia；CTD:MAHA;CTD:TMA;CTD:TTP,2026-09-22,
OXT,P01178,5020.0,26.80,(pending API key),,inferred:15.76,,,,no (wide set),,GC:microangiopathic hemolytic anemia；CTD:MAHA;CTD:TMA,2026-09-22,
PAPPA,Q13219,5069.0,26.66,(pending API key),,inferred:28.08,,,,no (wide set),,GC:microangiopathic hemolytic anemia；CTD:MAHA;CTD:TMA;CTD:TTP;CTD:aHUS,2026-09-22,
STOX1,Q6ZVD7,219736.0,25.87,(pending API key),,inferred:7.77,,,,no (wide set),,GC:microangiopathic hemolytic anemia；CTD:MAHA;CTD:TMA;CTD:TTP,2026-09-22,
COL4A2,P08572,1284.0,25.07,(pending API key),,inferred:36.72,,,,no (wide set),,GC:microangiopathic hemolytic anemia；CTD:MAHA;CTD:TMA;CTD:TTP,2026-09-22,
ESPL1,Q14674,9700.0,20.28,(pending API key),,inferred:32.80,,,,no (wide set),,GC:microangiopathic hemolytic anemia；CTD:MAHA;CTD:TMA;CTD:TTP,2026-09-22,
TRPT1,Q86TN4,83707.0,20.28,(pending API key),,inferred:15.10,,,,no (wide set),,GC:microangiopathic hemolytic anemia；CTD:MAHA;CTD:TMA;CTD:TTP,2026-09-22,
DEDD,O75618,9191.0,19.82,(pending API key),,inferred:22.11,,,,no (wide set),,GC:microangiopathic hemolytic anemia；CTD:MAHA;CTD:TMA,2026-09-22,
ADAM12,O43184,8038.0,15.61,(pending API key),,inferred:15.07,,,,no (wide set),,GC:microangiopathic hemolytic anemia/venom-induced consumption coagulopathy；CTD:MAHA;CTD:TMA;CTD:TTP,2026-09-22,
GCM1,Q9NP62,8521.0,15.61,(pending API key),,inferred:4.49,,,,no (wide set),,GC:microangiopathic hemolytic anemia；CTD:MAHA,2026-09-22,
LGALS13,Q9UHV8,29124.0,15.61,(pending API key),,(pending manual export),,,,no (wide set),,GC:microangiopathic hemolytic anemia,2026-09-22,
MIR518E,,574487.0,15.61,(pending API key),,(pending manual export),,,,no (wide set),,GC:microangiopathic hemolytic anemia,2026-09-22,
MIR517A,,574479.0,15.61,(pending API key),,(pending manual export),,,,no (wide set),,GC:microangiopathic hemolytic anemia,2026-09-22,
IFIT1,P09914,3434.0,14.61,(pending API key),,inferred:54.55,,,,no (wide set),,GC:microangiopathic hemolytic anemia；CTD:MAHA;CTD:TMA;CTD:TTP;CTD:aHUS,2026-09-22,
TARS3,A2RTX5,123283.0,12.19,(pending API key),,inferred:20.01,,,,no (wide set),,GC:microangiopathic hemolytic anemia；CTD:MAHA;CTD:TMA;CTD:TTP,2026-09-22,
PEMT,Q9UBM1,10400.0,8.07,(pending API key),,inferred:29.48,,,,no (wide set),,GC:microangiopathic hemolytic anemia；CTD:MAHA;CTD:TMA;CTD:TTP,2026-09-22,
CASP5,P51878,838.0,47.90,(pending API key),,inferred:5.80,,,,yes,,GC:snakebite envenoming；CTD:MAHA;CTD:TMA,2026-09-22,
CASP4,P49662,837.0,47.87,(pending API key),,inferred:44.90,,,,yes,,GC:snakebite envenoming；CTD:MAHA;CTD:TMA;CTD:TTP,2026-09-22,
IL4I1,Q96RQ9,259307.0,37.01,(pending API key),,inferred:21.61,,,,yes,,GC:snakebite envenoming/venom-induced consumption coagulopathy；CTD:MAHA;CTD:TMA;CTD:TTP,2026-09-22,
FABP3,P05413,2170.0,56.15,(pending API key),,inferred:43.68,,,,yes,,GC:snakebite envenoming/venom-induced consumption coagulopathy；CTD:MAHA;CTD:TMA;CTD:TTP,2026-09-22,
CSTB,P04080,1476.0,23.17,(pending API key),,inferred:26.09,,,,yes,,GC:snakebite envenoming；CTD:MAHA;CTD:TMA;CTD:TTP,2026-09-22,
B4GALT7,Q9UBV7,11285.0,20.40,(pending API key),,inferred:26.07,,,,yes,,GC:snakebite envenoming；CTD:MAHA;CTD:TMA;CTD:TTP,2026-09-22,
EXTL3,O43909,2137.0,20.40,(pending API key),,inferred:10.64,,,,yes,,GC:snakebite envenoming；CTD:MAHA;CTD:TMA;CTD:TTP,2026-09-22,
NDST1,P52848,3340.0,20.40,(pending API key),,inferred:12.76,,,,yes,,GC:snakebite envenoming；CTD:MAHA;CTD:TMA;CTD:TTP,2026-09-22,
XYLT2,Q9H1B5,64132.0,20.40,(pending API key),,inferred:29.63,,,,yes,,GC:snakebite envenoming；CTD:MAHA;CTD:TMA;CTD:TTP,2026-09-22,
SLC35B2,Q8TB61,347734.0,20.40,(pending API key),,inferred:20.70,,,,yes,,GC:snakebite envenoming；CTD:MAHA;CTD:TMA;CTD:TTP,2026-09-22,
PLA2G4A,P47712,5321.0,13.94,(pending API key),,inferred:80.09,,,,no (wide set),,GC:snakebite envenoming；CTD:MAHA;CTD:TMA;CTD:TTP,2026-09-22,
NEU1,Q99519,4758.0,20.93,(pending API key),,inferred:27.35,,,,no (wide set),,GC:snakebite envenoming/venom-induced consumption coagulopathy；CTD:MAHA;CTD:TMA;CTD:TTP;CTD:aHUS,2026-09-22,
UCHL1,P09936,7345.0,6.92,(pending API key),,inferred:48.70,,,,no (wide set),,GC:snakebite envenoming；CTD:MAHA;CTD:TMA;CTD:TTP,2026-09-22,
MMP14,P50281,4323.0,6.38,(pending API key),,inferred:60.25,,,,no (wide set),,GC:snakebite envenoming；CTD:MAHA;CTD:TMA;CTD:TTP,2026-09-22,
ANXA1,P04083,301.0,6.38,(pending API key),,inferred:45.80,,,,no (wide set),,GC:snakebite envenoming；CTD:MAHA;CTD:TMA;CTD:TTP,2026-09-22,
HGFAC,Q04756,3083.0,12.00,(pending API key),,inferred:14.26,,,,no (wide set),,GC:venom-induced consumption coagulopathy；CTD:MAHA;CTD:TMA;CTD:TTP,2026-09-22,
MMP10,P09238,4319.0,11.00,(pending API key),,inferred:54.58,,,,no (wide set),,GC:venom-induced consumption coagulopathy；CTD:MAHA;CTD:TMA;CTD:TTP,2026-09-22,
EIF2AK1,Q9BQI3,27102.0,,,,direct:marker/mechanism,,,,yes,,CTD:MAHA;CTD:TMA;CTD:TTP,2026-09-22,"CTD direct evidence (Anemia, Hemolytic|Hemolytic-Uremic Syndrome|Purpura, Thrombotic Thrombocytopenic|Thrombotic Microangiopathies)"
GCLC,P48506,2729.0,,,,direct:marker/mechanism,,,,yes,,CTD:MAHA;CTD:TMA;CTD:TTP,2026-09-22,"CTD direct evidence (Anemia, Hemolytic|Hemolytic-Uremic Syndrome|Purpura, Thrombotic Thrombocytopenic|Thrombotic Microangiopathies)"
ITPA,Q9BY32,3704.0,,,,direct:therapeutic,,,,yes,,CTD:MAHA;CTD:TMA;CTD:TTP,2026-09-22,"CTD direct evidence (Anemia, Hemolytic|Hemolytic-Uremic Syndrome|Purpura, Thrombotic Thrombocytopenic|Thrombotic Microangiopathies)"
AFP,P02771,174.0,,,,inferred:61.63,,,,no (wide set),,CTD:MAHA;CTD:TMA;CTD:TTP;CTD:aHUS,2026-09-22,CTD inferred score>=50 via Acetaminophen
ALDH1A1,P00352,216.0,,,,inferred:86.53,,,,no (wide set),,CTD:MAHA;CTD:TMA;CTD:TTP;CTD:aHUS,2026-09-22,CTD inferred score>=50 via Acetaminophen
AREG,P15514,374.0,,,,inferred:55.34,,,,no (wide set),,CTD:MAHA;CTD:TMA;CTD:TTP;CTD:aHUS,2026-09-22,CTD inferred score>=50 via Acetaminophen
ATF3,P18847,467.0,,,,inferred:89.21,,,,no (wide set),,CTD:MAHA;CTD:TMA;CTD:TTP;CTD:aHUS,2026-09-22,CTD inferred score>=50 via Acetaminophen
BCL6,P41182,604.0,,,,inferred:55.17,,,,no (wide set),,CTD:MAHA;CTD:TMA;CTD:TTP;CTD:aHUS,2026-09-22,CTD inferred score>=50 via Acetaminophen
BIRC2,Q13490,329.0,,,,inferred:58.98,,,,no (wide set),,CTD:MAHA;CTD:TMA;CTD:TTP;CTD:aHUS,2026-09-22,CTD inferred score>=50 via Acetaminophen
BIRC3,Q13489,330.0,,,,inferred:60.45,,,,no (wide set),,CTD:MAHA;CTD:TMA;CTD:TTP;CTD:aHUS,2026-09-22,CTD inferred score>=50 via Acetaminophen
BIRC5,O15392,332.0,,,,inferred:90.16,,,,no (wide set),,CTD:MAHA;CTD:TMA;CTD:TTP;CTD:aHUS,2026-09-22,CTD inferred score>=50 via Acetaminophen
CASP6,P55212,839.0,,,,inferred:63.77,,,,no (wide set),,CTD:MAHA;CTD:TMA;CTD:TTP;CTD:aHUS,2026-09-22,CTD inferred score>=50 via Acetaminophen
CCNB1,P14635,891.0,,,,inferred:54.63,,,,no (wide set),,CTD:MAHA;CTD:TMA;CTD:TTP;CTD:aHUS,2026-09-22,CTD inferred score>=50 via Acetaminophen
CCNG2,Q16589,901.0,,,,inferred:57.10,,,,no (wide set),,CTD:MAHA;CTD:TMA;CTD:TTP;CTD:aHUS,2026-09-22,CTD inferred score>=50 via Acetaminophen
CDA,P32320,978.0,,,,inferred:56.44,,,,no (wide set),,CTD:MAHA;CTD:TMA;CTD:TTP;CTD:aHUS,2026-09-22,CTD inferred score>=50 via Acetaminophen
CDKN1B,P46527,1027.0,,,,inferred:90.61,,,,no (wide set),,CTD:MAHA;CTD:TMA;CTD:TTP;CTD:aHUS,2026-09-22,CTD inferred score>=50 via Acetaminophen
CEBPB,P17676,1051.0,,,,inferred:77.27,,,,no (wide set),,CTD:MAHA;CTD:TMA;CTD:TTP;CTD:aHUS,2026-09-22,CTD inferred score>=50 via Acetaminophen
CKB,P12277,1152.0,,,,inferred:63.77,,,,no (wide set),,CTD:MAHA;CTD:TMA;CTD:TTP;CTD:aHUS,2026-09-22,CTD inferred score>=50 via Acetaminophen
CXCL2,P19875,2920.0,,,,inferred:100.07,,,,no (wide set),,CTD:MAHA;CTD:TMA;CTD:TTP;CTD:aHUS,2026-09-22,CTD inferred score>=50 via Acetaminophen
DDIT4,Q9NX09,54541.0,,,,inferred:67.47,,,,no (wide set),,CTD:MAHA;CTD:TMA;CTD:TTP;CTD:aHUS,2026-09-22,CTD inferred score>=50 via Acetaminophen
DPYD,Q12882,1806.0,,,,inferred:62.07,,,,no (wide set),,CTD:MAHA;CTD:TMA;CTD:TTP;CTD:aHUS,2026-09-22,CTD inferred score>=50 via Acetaminophen
EGF,P01133,1950.0,,,,inferred:69.41,,,,no (wide set),,CTD:MAHA;CTD:TMA;CTD:TTP;CTD:aHUS,2026-09-22,CTD inferred score>=50 via Acetaminophen
FOSL2,P15408,2355.0,,,,inferred:56.76,,,,no (wide set),,CTD:MAHA;CTD:TMA;CTD:TTP;CTD:aHUS,2026-09-22,CTD inferred score>=50 via Acetaminophen
GDF15,Q99988,9518.0,,,,inferred:71.02,,,,no (wide set),,CTD:MAHA;CTD:TMA;CTD:TTP;CTD:aHUS,2026-09-22,CTD inferred score>=50 via Acetaminophen
INSIG1,O15503,3638.0,,,,inferred:60.58,,,,no (wide set),,CTD:MAHA;CTD:TMA;CTD:TTP;CTD:aHUS,2026-09-22,CTD inferred score>=50 via Acetaminophen
KRT8,P05787,3856.0,,,,inferred:61.47,,,,no (wide set),,CTD:MAHA;CTD:TMA;CTD:TTP;CTD:aHUS,2026-09-22,CTD inferred score>=50 via Acetaminophen
MARCKS,P29966,4082.0,,,,inferred:72.17,,,,no (wide set),,CTD:MAHA;CTD:TMA;CTD:TTP;CTD:aHUS,2026-09-22,CTD inferred score>=50 via Acetaminophen
MGMT,P16455,4255.0,,,,inferred:60.53,,,,no (wide set),,CTD:MAHA;CTD:TMA;CTD:TTP;CTD:aHUS,2026-09-22,CTD inferred score>=50 via Acetaminophen
MKI67,P46013,4288.0,,,,inferred:92.52,,,,no (wide set),,CTD:MAHA;CTD:TMA;CTD:TTP;CTD:aHUS,2026-09-22,CTD inferred score>=50 via Acetaminophen
MMP3,P08254,4314.0,,,,inferred:60.51,,,,no (wide set),,CTD:MAHA;CTD:TMA;CTD:TTP;CTD:aHUS,2026-09-22,CTD inferred score>=50 via Acetaminophen
NEDD9,Q14511,4739.0,,,,inferred:55.81,,,,no (wide set),,CTD:MAHA;CTD:TMA;CTD:TTP;CTD:aHUS,2026-09-22,CTD inferred score>=50 via Acetaminophen
NFKB2,Q00653,4791.0,,,,inferred:72.47,,,,no (wide set),,CTD:MAHA;CTD:TMA;CTD:TTP;CTD:aHUS,2026-09-22,CTD inferred score>=50 via Acetaminophen
NPM1,P06748,4869.0,,,,inferred:50.66,,,,no (wide set),,CTD:MAHA;CTD:TMA;CTD:TTP;CTD:aHUS,2026-09-22,CTD inferred score>=50 via Acetaminophen
NUPR1,O60356,26471.0,,,,inferred:84.97,,,,no (wide set),,CTD:MAHA;CTD:TMA;CTD:TTP;CTD:aHUS,2026-09-22,CTD inferred score>=50 via Acetaminophen
RGS2,P41220,5997.0,,,,inferred:51.01,,,,no (wide set),,CTD:MAHA;CTD:TMA;CTD:TTP;CTD:aHUS,2026-09-22,CTD inferred score>=50 via Acetaminophen
SCD,O00767,6319.0,,,,inferred:62.31,,,,no (wide set),,CTD:MAHA;CTD:TMA;CTD:TTP;CTD:aHUS,2026-09-22,CTD inferred score>=50 via Acetaminophen
SFN,P31947,2810.0,,,,inferred:67.82,,,,no (wide set),,CTD:MAHA;CTD:TMA;CTD:TTP;CTD:aHUS,2026-09-22,CTD inferred score>=50 via Acetaminophen
SLC2A3,P11169,6515.0,,,,inferred:67.04,,,,no (wide set),,CTD:MAHA;CTD:TMA;CTD:TTP;CTD:aHUS,2026-09-22,CTD inferred score>=50 via Acetaminophen
TGFB2,P61812,7042.0,,,,inferred:64.66,,,,no (wide set),,CTD:MAHA;CTD:TMA;CTD:TTP;CTD:aHUS,2026-09-22,CTD inferred score>=50 via Acetaminophen
TNFRSF10B,O14763,8795.0,,,,inferred:66.19,,,,no (wide set),,CTD:MAHA;CTD:TMA;CTD:TTP;CTD:aHUS,2026-09-22,CTD inferred score>=50 via Acetaminophen
TP53INP1,Q96A56,94241.0,,,,inferred:60.36,,,,no (wide set),,CTD:MAHA;CTD:TMA;CTD:TTP;CTD:aHUS,2026-09-22,CTD inferred score>=50 via Acetaminophen
TRP53,,22059.0,,,,inferred:68.44,,,,no (wide set),,CTD:MAHA;CTD:TMA;CTD:TTP;CTD:aHUS,2026-09-22,CTD inferred score>=50 via Acetaminophen; mygene did not map to UniProt
TYMP,P19971,1890.0,,,,inferred:52.22,,,,no (wide set),,CTD:MAHA;CTD:TMA;CTD:TTP;CTD:aHUS,2026-09-22,CTD inferred score>=50 via Acetaminophen
WNT5A,P41221,7474.0,,,,inferred:54.81,,,,no (wide set),,CTD:MAHA;CTD:TMA;CTD:TTP;CTD:aHUS,2026-09-22,CTD inferred score>=50 via Acetaminophen
XIAP,P98170,331.0,,,,inferred:54.43,,,,no (wide set),,CTD:MAHA;CTD:TMA;CTD:TTP;CTD:aHUS,2026-09-22,CTD inferred score>=50 via Acetaminophen
AACS,Q86V21,65985.0,,,,inferred:59.38,,,,no (wide set),,CTD:MAHA;CTD:TMA;CTD:TTP,2026-09-22,CTD inferred score>=50 via Acetaminophen
ABCB1A,,18671.0,,,,inferred:78.53,,,,no (wide set),,CTD:MAHA;CTD:TMA;CTD:TTP,2026-09-22,CTD inferred score>=50 via Acetaminophen; mygene did not map to UniProt
ABCB1B,,18669.0,,,,inferred:65.95,,,,no (wide set),,CTD:MAHA;CTD:TMA;CTD:TTP,2026-09-22,CTD inferred score>=50 via Acetaminophen; mygene did not map to UniProt
ABCB9,Q9NP78,23457.0,,,,inferred:53.26,,,,no (wide set),,CTD:MAHA;CTD:TMA;CTD:TTP,2026-09-22,CTD inferred score>=50 via Acetaminophen
ABCC1,P33527,4363.0,,,,inferred:99.38,,,,no (wide set),,CTD:MAHA;CTD:TMA;CTD:TTP,2026-09-22,CTD inferred score>=50 via Acetaminophen
ABCC3,O15438,8714.0,,,,inferred:88.73,,,,no (wide set),,CTD:MAHA;CTD:TMA;CTD:TTP,2026-09-22,CTD inferred score>=50 via Acetaminophen
ABCC5,O15440,10057.0,,,,inferred:56.76,,,,no (wide set),,CTD:MAHA;CTD:TMA;CTD:TTP,2026-09-22,CTD inferred score>=50 via Acetaminophen
ABHD4,Q8TB40,63874.0,,,,inferred:51.53,,,,no (wide set),,CTD:MAHA;CTD:TMA;CTD:TTP,2026-09-22,CTD inferred score>=50 via Acetaminophen
ACACA,Q13085,31.0,,,,inferred:66.57,,,,no (wide set),,CTD:MAHA;CTD:TMA;CTD:TTP,2026-09-22,CTD inferred score>=50 via Acetaminophen
ACHE,P22303,43.0,,,,inferred:66.41,,,,no (wide set),,CTD:MAHA;CTD:TMA;CTD:TTP;CTD:snakebite,2026-09-22,CTD inferred score>=50 via Acetaminophen
ACSL1,P33121,2180.0,,,,inferred:55.96,,,,no (wide set),,CTD:MAHA;CTD:TMA;CTD:TTP,2026-09-22,CTD inferred score>=50 via Acetaminophen
ACSS2,Q9NR19,55902.0,,,,inferred:50.22,,,,no (wide set),,CTD:MAHA;CTD:TMA;CTD:TTP,2026-09-22,CTD inferred score>=50 via Acetaminophen
AIFM1,O95831,9131.0,,,,inferred:56.23,,,,no (wide set),,CTD:MAHA;CTD:TMA;CTD:TTP,2026-09-22,CTD inferred score>=50 via Acetaminophen
AK3,Q9UIJ7,50808.0,,,,inferred:50.69,,,,no (wide set),,CTD:MAHA;CTD:TMA;CTD:TTP,2026-09-22,CTD inferred score>=50 via Acetaminophen
AKR1B10,O60218,57016.0,,,,inferred:61.39,,,,no (wide set),,CTD:MAHA;CTD:TMA;CTD:TTP,2026-09-22,CTD inferred score>=50 via Acetaminophen
AKR1C2,P52895,1646.0,,,,inferred:60.60,,,,no (wide set),,CTD:MAHA;CTD:TMA;CTD:TTP,2026-09-22,CTD inferred score>=50 via Acetaminophen
AKR1C3,P42330,8644.0,,,,inferred:52.79,,,,no (wide set),,CTD:MAHA;CTD:TMA;CTD:TTP,2026-09-22,CTD inferred score>=50 via Acetaminophen
ALAS1,P13196,211.0,,,,inferred:60.69,,,,no (wide set),,CTD:MAHA;CTD:TMA;CTD:TTP,2026-09-22,CTD inferred score>=50 via Acetaminophen
ALAS2,P22557,212.0,,,,inferred:50.23,,,,no (wide set),,CTD:MAHA;CTD:TMA;CTD:TTP,2026-09-22,CTD inferred score>=50 via Acetaminophen
ALDH2,P05091,217.0,,,,inferred:55.47,,,,no (wide set),,CTD:MAHA;CTD:TMA;CTD:TTP,2026-09-22,CTD inferred score>=50 via Acetaminophen
ALDOA,P04075,226.0,,,,inferred:73.61,,,,no (wide set),,CTD:MAHA;CTD:TMA;CTD:TTP,2026-09-22,CTD inferred score>=50 via Acetaminophen
ANGPTL4,Q9BY76,51129.0,,,,inferred:56.80,,,,no (wide set),,CTD:MAHA;CTD:TMA;CTD:TTP,2026-09-22,CTD inferred score>=50 via Acetaminophen
ANXA4,P09525,307.0,,,,inferred:60.87,,,,no (wide set),,CTD:MAHA;CTD:TMA;CTD:TTP,2026-09-22,CTD inferred score>=50 via Acetaminophen
APP,P05067,351.0,,,,inferred:56.58,,,,no (wide set),,CTD:MAHA;CTD:TMA;CTD:TTP;CTD:snakebite,2026-09-22,CTD inferred score>=50 via Acetaminophen
ARL6IP5,O75915,10550.0,,,,inferred:50.59,,,,no (wide set),,CTD:MAHA;CTD:TMA;CTD:TTP,2026-09-22,CTD inferred score>=50 via Acetaminophen
ARRDC3,Q96B67,57561.0,,,,inferred:59.06,,,,no (wide set),,CTD:MAHA;CTD:TMA;CTD:TTP,2026-09-22,CTD inferred score>=50 via Acetaminophen
ASNS,P08243,440.0,,,,inferred:82.86,,,,no (wide set),,CTD:MAHA;CTD:TMA;CTD:TTP,2026-09-22,CTD inferred score>=50 via Acetaminophen
ATF2,P15336,1386.0,,,,inferred:51.49,,,,no (wide set),,CTD:MAHA;CTD:TMA;CTD:TTP,2026-09-22,CTD inferred score>=50 via Bortezomib
ATF5,Q9Y2D1,22809.0,,,,inferred:58.40,,,,no (wide set),,CTD:MAHA;CTD:TMA;CTD:TTP,2026-09-22,CTD inferred score>=50 via Acetaminophen
ATF6,P18850,22926.0,,,,inferred:57.65,,,,no (wide set),,CTD:MAHA;CTD:TMA;CTD:TTP,2026-09-22,CTD inferred score>=50 via Acetaminophen
ATP1A1,P05023,476.0,,,,inferred:58.06,,,,no (wide set),,CTD:MAHA;CTD:TMA;CTD:TTP,2026-09-22,CTD inferred score>=50 via Acetaminophen
ATP1B1,P05026,481.0,,,,inferred:59.56,,,,no (wide set),,CTD:MAHA;CTD:TMA;CTD:TTP,2026-09-22,CTD inferred score>=50 via Acetaminophen
BAZ1A,Q9NRL2,11177.0,,,,inferred:59.12,,,,no (wide set),,CTD:MAHA;CTD:TMA;CTD:TTP,2026-09-22,CTD inferred score>=50 via Acetaminophen
BBC3,Q9BXH1,27113.0,,,,inferred:64.87,,,,no (wide set),,CTD:MAHA;CTD:TMA;CTD:TTP,2026-09-22,CTD inferred score>=50 via Acetaminophen
BHLHE40,O14503,8553.0,,,,inferred:65.97,,,,no (wide set),,CTD:MAHA;CTD:TMA;CTD:TTP,2026-09-22,CTD inferred score>=50 via Acetaminophen
BIK,Q13323,638.0,,,,inferred:56.76,,,,no (wide set),,CTD:MAHA;CTD:TMA;CTD:TTP,2026-09-22,CTD inferred score>=50 via Acetaminophen
BMP2K,Q9NSY1,55589.0,,,,inferred:66.65,,,,no (wide set),,CTD:MAHA;CTD:TMA;CTD:TTP,2026-09-22,CTD inferred score>=50 via Acetaminophen
BMP6,P22004,654.0,,,,inferred:51.15,,,,no (wide set),,CTD:MAHA;CTD:TMA;CTD:TTP,2026-09-22,CTD inferred score>=50 via Acetaminophen
BNIP3,Q12983,664.0,,,,inferred:69.14,,,,no (wide set),,CTD:MAHA;CTD:TMA;CTD:TTP,2026-09-22,CTD inferred score>=50 via Acetaminophen
BTG2,P78543,7832.0,,,,inferred:79.61,,,,no (wide set),,CTD:MAHA;CTD:TMA;CTD:TTP,2026-09-22,CTD inferred score>=50 via Acetaminophen
CA2,P00918,760.0,,,,inferred:55.00,,,,no (wide set),,CTD:MAHA;CTD:TMA;CTD:TTP,2026-09-22,CTD inferred score>=50 via Acetaminophen
CAPN2,P17655,824.0,,,,inferred:56.96,,,,no (wide set),,CTD:MAHA;CTD:TMA;CTD:TTP,2026-09-22,CTD inferred score>=50 via Acetaminophen
CASP12,Q6UXS9,100506742.0,,,,inferred:53.31,,,,no (wide set),,CTD:MAHA;CTD:TMA;CTD:TTP,2026-09-22,CTD inferred score>=50 via Acetaminophen
CASP2,P42575,835.0,,,,inferred:59.90,,,,no (wide set),,CTD:MAHA;CTD:TMA;CTD:TTP,2026-09-22,CTD inferred score>=50 via Acetaminophen
CCN1,O00622,3491.0,,,,inferred:79.70,,,,no (wide set),,CTD:MAHA;CTD:TMA;CTD:TTP,2026-09-22,CTD inferred score>=50 via Acetaminophen
CCN2,P29279,1490.0,,,,inferred:82.39,,,,no (wide set),,CTD:MAHA;CTD:TMA;CTD:TTP,2026-09-22,CTD inferred score>=50 via Acetaminophen
CCNB2,O95067,9133.0,,,,inferred:56.67,,,,no (wide set),,CTD:MAHA;CTD:TMA;CTD:TTP,2026-09-22,CTD inferred score>=50 via Acetaminophen
CCND3,P30281,896.0,,,,inferred:62.72,,,,no (wide set),,CTD:MAHA;CTD:TMA;CTD:TTP,2026-09-22,CTD inferred score>=50 via Acetaminophen
CCNE1,P24864,898.0,,,,inferred:69.70,,,,no (wide set),,CTD:MAHA;CTD:TMA;CTD:TTP,2026-09-22,CTD inferred score>=50 via Acetaminophen
CCNG1,P51959,900.0,,,,inferred:66.86,,,,no (wide set),,CTD:MAHA;CTD:TMA;CTD:TTP,2026-09-22,CTD inferred score>=50 via Acetaminophen
CD74,P04233,972.0,,,,inferred:58.24,,,,no (wide set),,CTD:MAHA;CTD:TMA;CTD:TTP,2026-09-22,CTD inferred score>=50 via Acetaminophen
CD83,Q01151,9308.0,,,,inferred:55.08,,,,no (wide set),,CTD:MAHA;CTD:TMA;CTD:TTP,2026-09-22,CTD inferred score>=50 via Acetaminophen
CDC20,Q12834,991.0,,,,inferred:52.82,,,,no (wide set),,CTD:MAHA;CTD:TMA;CTD:TTP,2026-09-22,CTD inferred score>=50 via Acetaminophen
CDC25A,P30304,993.0,,,,inferred:52.28,,,,no (wide set),,CTD:MAHA;CTD:TMA;CTD:TTP,2026-09-22,CTD inferred score>=50 via Acetaminophen
CDC42,P60953,998.0,,,,inferred:56.86,,,,no (wide set),,CTD:MAHA;CTD:TMA;CTD:TTP,2026-09-22,CTD inferred score>=50 via 4-dichlorobenzene
CDC6,Q99741,990.0,,,,inferred:50.41,,,,no (wide set),,CTD:MAHA;CTD:TMA;CTD:TTP,2026-09-22,CTD inferred score>=50 via Acetaminophen
CDK1,P06493,983.0,,,,inferred:50.29,,,,no (wide set),,CTD:MAHA;CTD:TMA;CTD:TTP,2026-09-22,CTD inferred score>=50 via Acetaminophen
CDK2,P24941,1017.0,,,,inferred:69.30,,,,no (wide set),,CTD:MAHA;CTD:TMA;CTD:TTP,2026-09-22,CTD inferred score>=50 via Acetaminophen
CEBPA,P49715,1050.0,,,,inferred:51.46,,,,no (wide set),,CTD:MAHA;CTD:TMA;CTD:TTP,2026-09-22,CTD inferred score>=50 via Acetaminophen
CHAC1,Q9BUX1,79094.0,,,,inferred:51.01,,,,no (wide set),,CTD:MAHA;CTD:TMA;CTD:TTP,2026-09-22,CTD inferred score>=50 via Acetaminophen
CHUK,O15111,1147.0,,,,inferred:63.81,,,,no (wide set),,CTD:MAHA;CTD:TMA;CTD:TTP,2026-09-22,CTD inferred score>=50 via Acetaminophen
CITED2,Q99967,10370.0,,,,inferred:50.25,,,,no (wide set),,CTD:MAHA;CTD:TMA;CTD:TTP,2026-09-22,CTD inferred score>=50 via Acetaminophen
CMPK2,Q5EBM0,129607.0,,,,inferred:50.34,,,,no (wide set),,CTD:MAHA;CTD:TMA;CTD:TTP,2026-09-22,CTD inferred score>=50 via Acetaminophen
COL1A2,P08123,1278.0,,,,inferred:51.29,,,,no (wide set),,CTD:MAHA;CTD:TMA;CTD:TTP,2026-09-22,CTD inferred score>=50 via Acetaminophen
COL3A1,P02461,1281.0,,,,inferred:50.32,,,,no (wide set),,CTD:MAHA;CTD:TMA;CTD:TTP,2026-09-22,CTD inferred score>=50 via Acetaminophen
CPT1A,P50416,1374.0,,,,inferred:59.69,,,,no (wide set),,CTD:MAHA;CTD:TMA;CTD:TTP,2026-09-22,CTD inferred score>=50 via Acetaminophen
CTSC,P53634,1075.0,,,,inferred:51.07,,,,no (wide set),,CTD:MAHA;CTD:TMA;CTD:TTP,2026-09-22,CTD inferred score>=50 via Acetaminophen
CTSD,P07339,1509.0,,,,inferred:73.64,,,,no (wide set),,CTD:MAHA;CTD:TMA;CTD:TTP,2026-09-22,CTD inferred score>=50 via Acetaminophen
CYP26A1,O43174,1592.0,,,,inferred:53.21,,,,no (wide set),,CTD:MAHA;CTD:TMA;CTD:TTP,2026-09-22,CTD inferred score>=50 via Acetaminophen
CYP2B10,,13088.0,,,,inferred:53.59,,,,no (wide set),,CTD:MAHA;CTD:TMA;CTD:TTP,2026-09-22,CTD inferred score>=50 via 4-dichlorobenzene; mygene did not map to UniProt
CYP2C11,,29277.0,,,,inferred:66.29,,,,no (wide set),,CTD:MAHA;CTD:TMA;CTD:TTP,2026-09-22,CTD inferred score>=50 via Acetaminophen; mygene did not map to UniProt
CYP3A23-3A1,,25642.0,,,,inferred:60.60,,,,no (wide set),,CTD:MAHA;CTD:TMA;CTD:TTP,2026-09-22,CTD inferred score>=50 via Acetaminophen; mygene did not map to UniProt
CYP51,,13121.0,,,,inferred:52.01,,,,no (wide set),,CTD:MAHA;CTD:TMA;CTD:TTP,2026-09-22,CTD inferred score>=50 via Acetaminophen; mygene did not map to UniProt
DBI,P07108,1622.0,,,,inferred:54.48,,,,no (wide set),,CTD:MAHA;CTD:TMA;CTD:TTP,2026-09-22,CTD inferred score>=50 via 4-dichlorobenzene
DCN,P07585,1634.0,,,,inferred:54.38,,,,no (wide set),,CTD:MAHA;CTD:TMA;CTD:TTP,2026-09-22,CTD inferred score>=50 via Acetaminophen
DCXR,Q7Z4W1,51181.0,,,,inferred:52.43,,,,no (wide set),,CTD:MAHA;CTD:TMA;CTD:TTP,2026-09-22,"CTD inferred score>=50 via 1,2-naphthoquinone"
DDX39A,O00148,10212.0,,,,inferred:50.58,,,,no (wide set),,CTD:MAHA;CTD:TMA;CTD:TTP,2026-09-22,CTD inferred score>=50 via Acetaminophen
DEPP1,Q9NTK1,11067.0,,,,inferred:55.52,,,,no (wide set),,CTD:MAHA;CTD:TMA;CTD:TTP,2026-09-22,CTD inferred score>=50 via Acetaminophen
DNAJC3,Q13217,5611.0,,,,inferred:50.80,,,,no (wide set),,CTD:MAHA;CTD:TMA;CTD:TTP,2026-09-22,CTD inferred score>=50 via Acetaminophen
DPYSL2,Q16555,1808.0,,,,inferred:50.89,,,,no (wide set),,CTD:MAHA;CTD:TMA;CTD:TTP,2026-09-22,CTD inferred score>=50 via Acetaminophen
DUSP1,P28562,1843.0,,,,inferred:84.49,,,,no (wide set),,CTD:MAHA;CTD:TMA;CTD:TTP,2026-09-22,CTD inferred score>=50 via Acetaminophen
DUT,P33316,1854.0,,,,inferred:56.64,,,,no (wide set),,CTD:MAHA;CTD:TMA;CTD:TTP,2026-09-22,CTD inferred score>=50 via Acetaminophen
E2F1,Q01094,1869.0,,,,inferred:70.76,,,,no (wide set),,CTD:MAHA;CTD:TMA;CTD:TTP,2026-09-22,CTD inferred score>=50 via Acetaminophen
E2F8,A0AVK6,79733.0,,,,inferred:63.05,,,,no (wide set),,CTD:MAHA;CTD:TMA;CTD:TTP,2026-09-22,CTD inferred score>=50 via Acetaminophen
ECH1,Q13011,1891.0,,,,inferred:51.49,,,,no (wide set),,CTD:MAHA;CTD:TMA;CTD:TTP,2026-09-22,CTD inferred score>=50 via Acetaminophen
EGR2,P11161,1959.0,,,,inferred:57.01,,,,no (wide set),,CTD:MAHA;CTD:TMA;CTD:TTP,2026-09-22,CTD inferred score>=50 via Acetaminophen
EIF1,P41567,10209.0,,,,inferred:58.08,,,,no (wide set),,CTD:MAHA;CTD:TMA;CTD:TTP,2026-09-22,CTD inferred score>=50 via Acetaminophen
EIF3A,Q14152,8661.0,,,,inferred:54.74,,,,no (wide set),,CTD:MAHA;CTD:TMA;CTD:TTP,2026-09-22,CTD inferred score>=50 via Acetaminophen
EIF4EBP1,Q13541,1978.0,,,,inferred:63.11,,,,no (wide set),,CTD:MAHA;CTD:TMA;CTD:TTP,2026-09-22,CTD inferred score>=50 via Acetaminophen
ENO2,P09104,2026.0,,,,inferred:53.13,,,,no (wide set),,CTD:MAHA;CTD:TMA;CTD:TTP,2026-09-22,CTD inferred score>=50 via Acetaminophen
EPC2,Q52LR7,26122.0,,,,inferred:50.10,,,,no (wide set),,CTD:MAHA;CTD:TMA;CTD:TTP,2026-09-22,CTD inferred score>=50 via Acetaminophen
ERP29,P30040,10961.0,,,,inferred:50.12,,,,no (wide set),,CTD:MAHA;CTD:TMA,2026-09-22,CTD inferred score>=50 via Acetaminophen
ETS2,P15036,2114.0,,,,inferred:67.13,,,,no (wide set),,CTD:MAHA;CTD:TMA;CTD:TTP,2026-09-22,CTD inferred score>=50 via Acetaminophen
EZR,P15311,7430.0,,,,inferred:50.74,,,,no (wide set),,CTD:MAHA;CTD:TMA;CTD:TTP,2026-09-22,CTD inferred score>=50 via Acetaminophen
FABP4,P15090,2167.0,,,,inferred:55.18,,,,no (wide set),,CTD:MAHA;CTD:TMA;CTD:TTP,2026-09-22,CTD inferred score>=50 via Acetaminophen
FADS1,O60427,3992.0,,,,inferred:53.58,,,,no (wide set),,CTD:MAHA;CTD:TMA;CTD:TTP,2026-09-22,CTD inferred score>=50 via Acetaminophen
FASN,P49327,2194.0,,,,inferred:57.35,,,,no (wide set),,CTD:MAHA;CTD:TMA;CTD:TTP,2026-09-22,CTD inferred score>=50 via Acetaminophen
FDFT1,P37268,2222.0,,,,inferred:57.95,,,,no (wide set),,CTD:MAHA;CTD:TMA;CTD:TTP,2026-09-22,CTD inferred score>=50 via Acetaminophen
FKBP5,Q13451,2289.0,,,,inferred:52.89,,,,no (wide set),,CTD:MAHA;CTD:TMA;CTD:TTP,2026-09-22,CTD inferred score>=50 via Acetaminophen
FMO1,Q01740,2326.0,,,,inferred:51.75,,,,no (wide set),,CTD:MAHA;CTD:TMA;CTD:TTP,2026-09-22,CTD inferred score>=50 via Acetaminophen
FOSL1,P15407,8061.0,,,,inferred:54.08,,,,no (wide set),,CTD:MAHA;CTD:TMA;CTD:TTP,2026-09-22,CTD inferred score>=50 via Acetaminophen
FSHB,P01225,2488.0,,,,inferred:59.25,,,,no (wide set),,CTD:MAHA;CTD:TMA;CTD:TTP,2026-09-22,CTD inferred score>=50 via Bleomycin
FST,P19883,10468.0,,,,inferred:51.32,,,,no (wide set),,CTD:MAHA;CTD:TMA;CTD:TTP,2026-09-22,CTD inferred score>=50 via Acetaminophen
FZD2,Q14332,2535.0,,,,inferred:50.01,,,,no (wide set),,CTD:MAHA;CTD:TMA;CTD:TTP,2026-09-22,CTD inferred score>=50 via Acetaminophen
G0S2,P27469,50486.0,,,,inferred:64.97,,,,no (wide set),,CTD:MAHA;CTD:TMA;CTD:TTP,2026-09-22,CTD inferred score>=50 via Acetaminophen
GADD45B,O75293,4616.0,,,,inferred:51.63,,,,no (wide set),,CTD:MAHA;CTD:TMA;CTD:TTP,2026-09-22,CTD inferred score>=50 via Acetaminophen
GADD45G,O95257,10912.0,,,,inferred:55.30,,,,no (wide set),,CTD:MAHA;CTD:TMA;CTD:TTP,2026-09-22,CTD inferred score>=50 via Acetaminophen
GAPDH,P04406,2597.0,,,,inferred:54.20,,,,no (wide set),,CTD:MAHA;CTD:TMA;CTD:TTP,2026-09-22,"CTD inferred score>=50 via 1,2-naphthoquinone"
GBP1,P32455,2633.0,,,,inferred:56.44,,,,no (wide set),,CTD:MAHA;CTD:TMA;CTD:TTP,2026-09-22,CTD inferred score>=50 via Acetaminophen
GCLM,P48507,2730.0,,,,inferred:87.16,,,,no (wide set),,CTD:MAHA;CTD:TMA;CTD:TTP,2026-09-22,CTD inferred score>=50 via Acetaminophen
GFAP,P14136,2670.0,,,,inferred:64.72,,,,no (wide set),,CTD:MAHA;CTD:TMA;CTD:TTP,2026-09-22,CTD inferred score>=50 via Acetaminophen
GLDC,P23378,2731.0,,,,inferred:56.19,,,,no (wide set),,CTD:MAHA;CTD:TMA;CTD:TTP,2026-09-22,CTD inferred score>=50 via Acetaminophen
GNAT1,P11488,2779.0,,,,inferred:50.30,,,,no (wide set),,CTD:MAHA;CTD:TMA;CTD:TTP,2026-09-22,CTD inferred score>=50 via Acetaminophen
GOT1,P17174,2805.0,,,,inferred:78.72,,,,no (wide set),,CTD:MAHA;CTD:TMA;CTD:TTP,2026-09-22,CTD inferred score>=50 via Acetaminophen
GPX4,P36969,2879.0,,,,inferred:65.14,,,,no (wide set),,CTD:MAHA;CTD:TMA;CTD:TTP,2026-09-22,CTD inferred score>=50 via Acetaminophen
GSN,P06396,2934.0,,,,inferred:78.88,,,,no (wide set),,CTD:MAHA;CTD:TMA;CTD:TTP,2026-09-22,CTD inferred score>=50 via Acetaminophen
GSTA1,P08263,2938.0,,,,inferred:76.23,,,,no (wide set),,CTD:MAHA;CTD:TMA;CTD:TTP,2026-09-22,CTD inferred score>=50 via Acetaminophen
GSTA2,P09210,2939.0,,,,inferred:69.07,,,,no (wide set),,CTD:MAHA;CTD:TMA;CTD:TTP,2026-09-22,CTD inferred score>=50 via Acetaminophen
GSTM3,P21266,2947.0,,,,inferred:68.27,,,,no (wide set),,CTD:MAHA;CTD:TMA;CTD:TTP,2026-09-22,CTD inferred score>=50 via Acetaminophen
GSTO1,P78417,9446.0,,,,inferred:55.17,,,,no (wide set),,CTD:MAHA;CTD:TMA;CTD:TTP,2026-09-22,CTD inferred score>=50 via Acetaminophen
GSTT2,P0CG29,2953.0,,,,inferred:56.53,,,,no (wide set),,CTD:MAHA;CTD:TMA;CTD:TTP,2026-09-22,CTD inferred score>=50 via Acetaminophen
HERPUD1,Q15011,9709.0,,,,inferred:52.66,,,,no (wide set),,CTD:MAHA;CTD:TMA;CTD:TTP,2026-09-22,CTD inferred score>=50 via Acetaminophen
HGF,P14210,3082.0,,,,inferred:52.55,,,,no (wide set),,CTD:MAHA;CTD:TMA;CTD:TTP,2026-09-22,CTD inferred score>=50 via Acetaminophen
HMGCS1,Q01581,3157.0,,,,inferred:56.84,,,,no (wide set),,CTD:MAHA;CTD:TMA;CTD:TTP,2026-09-22,CTD inferred score>=50 via Acetaminophen
HMGCS2,P54868,3158.0,,,,inferred:51.97,,,,no (wide set),,CTD:MAHA;CTD:TMA;CTD:TTP,2026-09-22,CTD inferred score>=50 via Acetaminophen
HPGD,P15428,3248.0,,,,inferred:51.41,,,,no (wide set),,CTD:MAHA;CTD:TMA;CTD:TTP,2026-09-22,CTD inferred score>=50 via Acetaminophen
HSD11B1,P28845,3290.0,,,,inferred:50.31,,,,no (wide set),,CTD:MAHA;CTD:TMA;CTD:TTP,2026-09-22,CTD inferred score>=50 via Acetaminophen
HSD17B4,P51659,3295.0,,,,inferred:55.53,,,,no (wide set),,CTD:MAHA;CTD:TMA;CTD:TTP,2026-09-22,CTD inferred score>=50 via Acetaminophen
HSF1,Q00613,3297.0,,,,inferred:64.29,,,,no (wide set),,CTD:MAHA;CTD:TMA;CTD:TTP,2026-09-22,CTD inferred score>=50 via Acetaminophen
HSP90AA1,P07900,3320.0,,,,inferred:51.18,,,,no (wide set),,CTD:MAHA;CTD:TMA;CTD:TTP,2026-09-22,CTD inferred score>=50 via Acetaminophen
HSP90AB1,P08238,3326.0,,,,inferred:54.39,,,,no (wide set),,CTD:MAHA;CTD:TMA;CTD:TTP,2026-09-22,CTD inferred score>=50 via Acetaminophen
HSP90B1,P14625,7184.0,,,,inferred:59.99,,,,no (wide set),,CTD:MAHA;CTD:TMA;CTD:TTP,2026-09-22,CTD inferred score>=50 via Acetaminophen
HSPA1A,P0DMV9,3303.0,,,,inferred:88.42,,,,no (wide set),,CTD:MAHA;CTD:TMA;CTD:TTP,2026-09-22,CTD inferred score>=50 via Acetaminophen
HSPA1B,P0DMV9,3304.0,,,,inferred:70.43,,,,no (wide set),,CTD:MAHA;CTD:TMA;CTD:TTP,2026-09-22,CTD inferred score>=50 via Acetaminophen
HSPA2,P54652,3306.0,,,,inferred:56.47,,,,no (wide set),,CTD:MAHA;CTD:TMA;CTD:TTP,2026-09-22,CTD inferred score>=50 via Acetaminophen
HSPA9,P38646,3313.0,,,,inferred:52.42,,,,no (wide set),,CTD:MAHA;CTD:TMA;CTD:TTP,2026-09-22,CTD inferred score>=50 via Acetaminophen
HSPE1,P61604,3336.0,,,,inferred:67.18,,,,no (wide set),,CTD:MAHA;CTD:TMA;CTD:TTP,2026-09-22,CTD inferred score>=50 via Acetaminophen
HSPH1,Q92598,10808.0,,,,inferred:53.24,,,,no (wide set),,CTD:MAHA;CTD:TMA;CTD:TTP,2026-09-22,CTD inferred score>=50 via Acetaminophen
ID2,Q02363,3398.0,,,,inferred:63.57,,,,no (wide set),,CTD:MAHA;CTD:TMA;CTD:TTP,2026-09-22,CTD inferred score>=50 via Acetaminophen
ID3,Q02535,3399.0,,,,inferred:58.26,,,,no (wide set),,CTD:MAHA;CTD:TMA;CTD:TTP,2026-09-22,CTD inferred score>=50 via Acetaminophen
IDI1,Q13907,3422.0,,,,inferred:54.39,,,,no (wide set),,CTD:MAHA;CTD:TMA;CTD:TTP,2026-09-22,CTD inferred score>=50 via Acetaminophen
IER3,P46695,8870.0,,,,inferred:52.15,,,,no (wide set),,CTD:MAHA;CTD:TMA;CTD:TTP,2026-09-22,CTD inferred score>=50 via Acetaminophen
IFI27,P40305,3429.0,,,,inferred:61.43,,,,no (wide set),,CTD:MAHA;CTD:TMA;CTD:TTP,2026-09-22,CTD inferred score>=50 via Acetaminophen
IFI44,Q8TCB0,10561.0,,,,inferred:54.99,,,,no (wide set),,CTD:MAHA;CTD:TMA;CTD:TTP,2026-09-22,CTD inferred score>=50 via Acetaminophen
IFITM1,P13164,8519.0,,,,inferred:54.68,,,,no (wide set),,CTD:MAHA;CTD:TMA;CTD:TTP,2026-09-22,CTD inferred score>=50 via 4-dichlorobenzene
IFRD1,O00458,3475.0,,,,inferred:60.78,,,,no (wide set),,CTD:MAHA;CTD:TMA;CTD:TTP,2026-09-22,CTD inferred score>=50 via Acetaminophen
IGF1,P05019,3479.0,,,,inferred:85.17,,,,no (wide set),,CTD:MAHA;CTD:TMA;CTD:TTP,2026-09-22,CTD inferred score>=50 via Acetaminophen
IGFBP5,P24593,3488.0,,,,inferred:55.85,,,,no (wide set),,CTD:MAHA;CTD:TMA;CTD:TTP,2026-09-22,CTD inferred score>=50 via Acetaminophen
IGFBP6,P24592,3489.0,,,,inferred:61.83,,,,no (wide set),,CTD:MAHA;CTD:TMA;CTD:TTP,2026-09-22,CTD inferred score>=50 via Acetaminophen
IL13RA1,P78552,3597.0,,,,inferred:56.99,,,,no (wide set),,CTD:MAHA;CTD:TMA;CTD:TTP,2026-09-22,CTD inferred score>=50 via Acetaminophen
INHBE,P58166,83729.0,,,,inferred:62.05,,,,no (wide set),,CTD:MAHA;CTD:TMA;CTD:TTP,2026-09-22,CTD inferred score>=50 via Acetaminophen
IRF7,Q92985,3665.0,,,,inferred:65.16,,,,no (wide set),,CTD:MAHA;CTD:TMA;CTD:TTP,2026-09-22,CTD inferred score>=50 via Acetaminophen
IRF9,Q00978,10379.0,,,,inferred:55.77,,,,no (wide set),,CTD:MAHA;CTD:TMA;CTD:TTP,2026-09-22,CTD inferred score>=50 via Acetaminophen
ISYNA1,Q9NPH2,51477.0,,,,inferred:65.96,,,,no (wide set),,CTD:MAHA;CTD:TMA;CTD:TTP,2026-09-22,CTD inferred score>=50 via Acetaminophen
JAG1,P78504,182.0,,,,inferred:50.02,,,,no (wide set),,CTD:MAHA;CTD:TMA;CTD:TTP,2026-09-22,CTD inferred score>=50 via Acetaminophen
JUNB,P17275,3726.0,,,,inferred:62.97,,,,no (wide set),,CTD:MAHA;CTD:TMA;CTD:TTP,2026-09-22,CTD inferred score>=50 via Acetaminophen
JUND,P17535,3727.0,,,,inferred:59.73,,,,no (wide set),,CTD:MAHA;CTD:TMA;CTD:TTP,2026-09-22,CTD inferred score>=50 via Acetaminophen
KCNH2,Q12809,3757.0,,,,inferred:60.15,,,,no (wide set),,CTD:MAHA;CTD:TMA;CTD:TTP,2026-09-22,CTD inferred score>=50 via Acetaminophen
KLF6,Q99612,1316.0,,,,inferred:56.34,,,,no (wide set),,CTD:MAHA;CTD:TMA;CTD:TTP,2026-09-22,CTD inferred score>=50 via Acetaminophen
KLF9,Q13886,687.0,,,,inferred:58.42,,,,no (wide set),,CTD:MAHA;CTD:TMA;CTD:TTP,2026-09-22,CTD inferred score>=50 via Acetaminophen
KRT19,P08727,3880.0,,,,inferred:52.66,,,,no (wide set),,CTD:MAHA;CTD:TMA;CTD:TTP,2026-09-22,CTD inferred score>=50 via Acetaminophen
LAMC2,Q13753,3918.0,,,,inferred:53.49,,,,no (wide set),,CTD:MAHA;CTD:TMA;CTD:TTP,2026-09-22,CTD inferred score>=50 via Acetaminophen
LDLR,P01130,3949.0,,,,inferred:55.99,,,,no (wide set),,CTD:MAHA;CTD:TMA;CTD:TTP,2026-09-22,CTD inferred score>=50 via Acetaminophen
LHB,P01229,3972.0,,,,inferred:58.52,,,,no (wide set),,CTD:MAHA;CTD:TMA;CTD:TTP,2026-09-22,CTD inferred score>=50 via Acetaminophen
LITAF,Q99732,9516.0,,,,inferred:53.58,,,,no (wide set),,CTD:MAHA;CTD:TMA;CTD:TTP,2026-09-22,CTD inferred score>=50 via Acetaminophen
LMCD1,Q9NZU5,29995.0,,,,inferred:54.62,,,,no (wide set),,CTD:MAHA;CTD:TMA;CTD:TTP,2026-09-22,CTD inferred score>=50 via Acetaminophen
MAFF,Q9ULX9,23764.0,,,,inferred:63.26,,,,no (wide set),,CTD:MAHA;CTD:TMA;CTD:TTP,2026-09-22,CTD inferred score>=50 via Acetaminophen
MAOA,P21397,4128.0,,,,inferred:72.75,,,,no (wide set),,CTD:MAHA;CTD:TMA;CTD:TTP,2026-09-22,CTD inferred score>=50 via Acetaminophen
MAP1LC3B,Q9GZQ8,81631.0,,,,inferred:53.71,,,,no (wide set),,CTD:MAHA;CTD:TMA;CTD:TTP,2026-09-22,CTD inferred score>=50 via Acetaminophen
MAPKAPK2,P49137,9261.0,,,,inferred:54.02,,,,no (wide set),,CTD:MAHA;CTD:TMA;CTD:TTP,2026-09-22,CTD inferred score>=50 via Acetaminophen
MCAM,P43121,4162.0,,,,inferred:55.85,,,,no (wide set),,CTD:MAHA;CTD:TMA;CTD:TTP,2026-09-22,CTD inferred score>=50 via Acetaminophen
MCL1,Q07820,4170.0,,,,inferred:66.05,,,,no (wide set),,CTD:MAHA;CTD:TMA;CTD:TTP,2026-09-22,CTD inferred score>=50 via Acetaminophen
MR1,Q95460,3140.0,,,,inferred:70.36,,,,no (wide set),,CTD:MAHA;CTD:TMA;CTD:TTP,2026-09-22,CTD inferred score>=50 via Acetaminophen
MSMO1,Q15800,6307.0,,,,inferred:50.18,,,,no (wide set),,CTD:MAHA;CTD:TMA;CTD:TTP,2026-09-22,CTD inferred score>=50 via Acetaminophen
MT1A,P04731,4489.0,,,,inferred:54.84,,,,no (wide set),,CTD:MAHA;CTD:TMA;CTD:TTP,2026-09-22,CTD inferred score>=50 via Acetaminophen
MT2,,17750.0,,,,inferred:55.15,,,,no (wide set),,CTD:MAHA;CTD:TMA;CTD:TTP,2026-09-22,CTD inferred score>=50 via Acetaminophen; mygene did not map to UniProt
MX1,P20591,4599.0,,,,inferred:52.73,,,,no (wide set),,CTD:MAHA;CTD:TMA;CTD:TTP,2026-09-22,CTD inferred score>=50 via Acetaminophen
MYBL2,P10244,4605.0,,,,inferred:56.64,,,,no (wide set),,CTD:MAHA;CTD:TMA;CTD:TTP,2026-09-22,CTD inferred score>=50 via Acetaminophen
MYH6,P13533,4624.0,,,,inferred:62.61,,,,no (wide set),,CTD:MAHA;CTD:TMA;CTD:TTP,2026-09-22,CTD inferred score>=50 via Acetaminophen
NAMPT,P43490,10135.0,,,,inferred:59.48,,,,no (wide set),,CTD:MAHA;CTD:TMA;CTD:TTP,2026-09-22,CTD inferred score>=50 via Acetaminophen
NCOR1,O75376,9611.0,,,,inferred:55.20,,,,no (wide set),,CTD:MAHA;CTD:TMA;CTD:TTP,2026-09-22,CTD inferred score>=50 via Acetaminophen
NDRG2,Q9UN36,57447.0,,,,inferred:56.53,,,,no (wide set),,CTD:MAHA;CTD:TMA;CTD:TTP,2026-09-22,CTD inferred score>=50 via Acetaminophen
NDUFS5,O43920,4725.0,,,,inferred:51.94,,,,no (wide set),,CTD:MAHA;CTD:TMA;CTD:TTP,2026-09-22,CTD inferred score>=50 via Acetaminophen
NFE2L1,Q14494,4779.0,,,,inferred:51.41,,,,no (wide set),,CTD:MAHA;CTD:TMA;CTD:TTP,2026-09-22,CTD inferred score>=50 via Acetaminophen
NGF,P01138,4803.0,,,,inferred:53.15,,,,no (wide set),,CTD:MAHA;CTD:TMA;CTD:TTP;CTD:snakebite,2026-09-22,CTD inferred score>=50 via Acetaminophen
NINJ1,Q92982,4814.0,,,,inferred:51.66,,,,no (wide set),,CTD:MAHA;CTD:TMA;CTD:TTP,2026-09-22,CTD inferred score>=50 via Acetaminophen
NME7,Q9Y5B8,29922.0,,,,inferred:52.26,,,,no (wide set),,CTD:MAHA;CTD:TMA;CTD:TTP,2026-09-22,CTD inferred score>=50 via Acetaminophen
NQO2,P16083,4835.0,,,,inferred:51.90,,,,no (wide set),,CTD:MAHA;CTD:TMA;CTD:TTP,2026-09-22,CTD inferred score>=50 via Acetaminophen
NR1D1,P20393,9572.0,,,,inferred:63.95,,,,no (wide set),,CTD:MAHA;CTD:TMA;CTD:TTP,2026-09-22,CTD inferred score>=50 via Acetaminophen
NR1H4,Q96RI1,9971.0,,,,inferred:61.33,,,,no (wide set),,CTD:MAHA;CTD:TMA;CTD:TTP,2026-09-22,CTD inferred score>=50 via Acetaminophen
NR1I3,Q14994,9970.0,,,,inferred:76.33,,,,no (wide set),,CTD:MAHA;CTD:TMA;CTD:TTP,2026-09-22,CTD inferred score>=50 via 4-dichlorobenzene
NR4A1,P22736,3164.0,,,,inferred:52.55,,,,no (wide set),,CTD:MAHA;CTD:TMA;CTD:TTP,2026-09-22,CTD inferred score>=50 via Acetaminophen
OAT,P04181,4942.0,,,,inferred:53.46,,,,no (wide set),,CTD:MAHA;CTD:TMA;CTD:TTP,2026-09-22,CTD inferred score>=50 via Acetaminophen
OLFML3,Q9NRN5,56944.0,,,,inferred:54.50,,,,no (wide set),,CTD:MAHA;CTD:TMA;CTD:TTP,2026-09-22,CTD inferred score>=50 via Acetaminophen
P4HB,P07237,5034.0,,,,inferred:75.29,,,,no (wide set),,CTD:MAHA;CTD:TMA;CTD:TTP,2026-09-22,"CTD inferred score>=50 via 1,2-naphthoquinone"
PA2G4,Q9UQ80,5036.0,,,,inferred:53.66,,,,no (wide set),,CTD:MAHA;CTD:TMA;CTD:TTP,2026-09-22,CTD inferred score>=50 via Ampicillin
PBX3,P40426,5090.0,,,,inferred:57.13,,,,no (wide set),,CTD:MAHA;CTD:TMA;CTD:TTP,2026-09-22,CTD inferred score>=50 via Acetaminophen
PCK1,P35558,5105.0,,,,inferred:57.54,,,,no (wide set),,CTD:MAHA;CTD:TMA;CTD:TTP,2026-09-22,CTD inferred score>=50 via Acetaminophen
PCNA,P12004,5111.0,,,,inferred:86.72,,,,no (wide set),,CTD:MAHA;CTD:TMA;CTD:TTP;CTD:snakebite,2026-09-22,CTD inferred score>=50 via 4-dichlorobenzene
PDCD4,Q53EL6,27250.0,,,,inferred:51.75,,,,no (wide set),,CTD:MAHA;CTD:TMA;CTD:TTP,2026-09-22,CTD inferred score>=50 via Acetaminophen
PDIA3,P30101,2923.0,,,,inferred:57.88,,,,no (wide set),,CTD:MAHA;CTD:TMA;CTD:TTP,2026-09-22,CTD inferred score>=50 via Acetaminophen
PDIA4,P13667,9601.0,,,,inferred:56.38,,,,no (wide set),,CTD:MAHA;CTD:TMA;CTD:TTP,2026-09-22,CTD inferred score>=50 via Acetaminophen
PDK4,Q16654,5166.0,,,,inferred:58.20,,,,no (wide set),,CTD:MAHA;CTD:TMA;CTD:TTP,2026-09-22,CTD inferred score>=50 via Acetaminophen
PDLIM7,Q9NR12,9260.0,,,,inferred:60.56,,,,no (wide set),,CTD:MAHA;CTD:TMA;CTD:TTP,2026-09-22,CTD inferred score>=50 via Acetaminophen
PDXK,O00764,8566.0,,,,inferred:50.34,,,,no (wide set),,CTD:MAHA;CTD:TMA;CTD:TTP,2026-09-22,CTD inferred score>=50 via Acetaminophen
PER1,O15534,5187.0,,,,inferred:60.35,,,,no (wide set),,CTD:MAHA;CTD:TMA;CTD:TTP,2026-09-22,CTD inferred score>=50 via Acetaminophen
PFKFB3,Q16875,5209.0,,,,inferred:55.35,,,,no (wide set),,CTD:MAHA;CTD:TMA;CTD:TTP,2026-09-22,CTD inferred score>=50 via Acetaminophen
PGRMC1,O00264,10857.0,,,,inferred:53.32,,,,no (wide set),,CTD:MAHA;CTD:TMA;CTD:TTP,2026-09-22,CTD inferred score>=50 via Acetaminophen
PHIP,Q8WWQ0,55023.0,,,,inferred:50.73,,,,no (wide set),,CTD:MAHA;CTD:TMA;CTD:TTP,2026-09-22,CTD inferred score>=50 via Acetaminophen
PHLDA2,Q53GA4,7262.0,,,,inferred:51.70,,,,no (wide set),,CTD:MAHA;CTD:TMA;CTD:TTP,2026-09-22,CTD inferred score>=50 via Acetaminophen
PHLDA3,Q9Y5J5,23612.0,,,,inferred:54.68,,,,no (wide set),,CTD:MAHA;CTD:TMA;CTD:TTP,2026-09-22,CTD inferred score>=50 via Acetaminophen
PIK3R1,P27986,5295.0,,,,inferred:54.26,,,,no (wide set),,CTD:MAHA;CTD:TMA;CTD:TTP,2026-09-22,CTD inferred score>=50 via Acetaminophen
PIR,O00625,8544.0,,,,inferred:68.94,,,,no (wide set),,CTD:MAHA;CTD:TMA;CTD:TTP,2026-09-22,CTD inferred score>=50 via Acetaminophen
PLA1A,Q53H76,51365.0,,,,inferred:52.29,,,,no (wide set),,CTD:MAHA;CTD:TMA;CTD:TTP,2026-09-22,CTD inferred score>=50 via Acetaminophen
PLIN2,Q99541,123.0,,,,inferred:62.28,,,,no (wide set),,CTD:MAHA;CTD:TMA;CTD:TTP,2026-09-22,CTD inferred score>=50 via Acetaminophen
PLPP3,O14495,8613.0,,,,inferred:53.01,,,,no (wide set),,CTD:MAHA;CTD:TMA;CTD:TTP,2026-09-22,CTD inferred score>=50 via Acetaminophen
PLSCR1,O15162,5359.0,,,,inferred:55.25,,,,no (wide set),,CTD:MAHA;CTD:TMA;CTD:TTP,2026-09-22,CTD inferred score>=50 via Acetaminophen
POMC,P01189,5443.0,,,,inferred:52.56,,,,no (wide set),,CTD:MAHA;CTD:TMA;CTD:TTP,2026-09-22,CTD inferred score>=50 via Acetaminophen
POR,P16435,5447.0,,,,inferred:72.54,,,,no (wide set),,CTD:MAHA;CTD:TMA;CTD:TTP,2026-09-22,CTD inferred score>=50 via Acetaminophen
PPARGC1A,Q9UBK2,10891.0,,,,inferred:60.37,,,,no (wide set),,CTD:MAHA;CTD:TMA;CTD:TTP,2026-09-22,CTD inferred score>=50 via Acetaminophen
PPP3CA,Q08209,5530.0,,,,inferred:50.51,,,,no (wide set),,CTD:MAHA;CTD:TMA;CTD:TTP,2026-09-22,CTD inferred score>=50 via Acetaminophen
PRL,P01236,5617.0,,,,inferred:84.31,,,,no (wide set),,CTD:MAHA;CTD:TMA;CTD:TTP,2026-09-22,CTD inferred score>=50 via Amiodarone
PTGR1,Q14914,22949.0,,,,inferred:52.12,,,,no (wide set),,CTD:MAHA;CTD:TMA;CTD:TTP,2026-09-22,CTD inferred score>=50 via Acetaminophen
QTMAN,Q4AE62,79712.0,,,,inferred:50.28,,,,no (wide set),,CTD:MAHA;CTD:TMA;CTD:TTP,2026-09-22,CTD inferred score>=50 via Acetaminophen
RAD51,Q06609,5888.0,,,,inferred:52.75,,,,no (wide set),,CTD:MAHA;CTD:TMA;CTD:TTP,2026-09-22,CTD inferred score>=50 via Acetaminophen
REV3L,O60673,5980.0,,,,inferred:52.10,,,,no (wide set),,CTD:MAHA;CTD:TMA;CTD:TTP,2026-09-22,CTD inferred score>=50 via Acetaminophen
RGS16,O15492,6004.0,,,,inferred:52.73,,,,no (wide set),,CTD:MAHA;CTD:TMA;CTD:TTP,2026-09-22,CTD inferred score>=50 via Acetaminophen
RGS4,P49798,5999.0,,,,inferred:53.39,,,,no (wide set),,CTD:MAHA;CTD:TMA;CTD:TTP,2026-09-22,CTD inferred score>=50 via Acetaminophen
RHOBTB3,O94955,22836.0,,,,inferred:50.88,,,,no (wide set),,CTD:MAHA;CTD:TMA;CTD:TTP,2026-09-22,CTD inferred score>=50 via Acetaminophen
RND3,P61587,390.0,,,,inferred:58.19,,,,no (wide set),,CTD:MAHA;CTD:TMA;CTD:TTP,2026-09-22,CTD inferred score>=50 via Acetaminophen
RNF19B,Q6ZMZ0,127544.0,,,,inferred:56.17,,,,no (wide set),,CTD:MAHA;CTD:TMA;CTD:TTP,2026-09-22,CTD inferred score>=50 via Acetaminophen
RPA3,P35244,6119.0,,,,inferred:53.51,,,,no (wide set),,CTD:MAHA;CTD:TMA;CTD:TTP,2026-09-22,CTD inferred score>=50 via Acetaminophen
RUNX2,Q13950,860.0,,,,inferred:57.83,,,,no (wide set),,CTD:MAHA;CTD:TMA;CTD:TTP,2026-09-22,CTD inferred score>=50 via Acetaminophen
RXRA,P19793,6256.0,,,,inferred:51.00,,,,no (wide set),,CTD:MAHA;CTD:TMA;CTD:TTP,2026-09-22,CTD inferred score>=50 via Acetaminophen
S100A1,P23297,6271.0,,,,inferred:50.16,,,,no (wide set),,CTD:MAHA;CTD:TMA;CTD:TTP,2026-09-22,CTD inferred score>=50 via Acetaminophen
S100A10,P60903,6281.0,,,,inferred:52.73,,,,no (wide set),,CTD:MAHA;CTD:TMA;CTD:TTP,2026-09-22,CTD inferred score>=50 via Acetaminophen
S100A11,P31949,6282.0,,,,inferred:60.35,,,,no (wide set),,CTD:MAHA;CTD:TMA;CTD:TTP,2026-09-22,CTD inferred score>=50 via Acetaminophen
S100A6,P06703,6277.0,,,,inferred:55.17,,,,no (wide set),,CTD:MAHA;CTD:TMA;CTD:TTP,2026-09-22,CTD inferred score>=50 via Acetaminophen
SDHC,Q99643,6391.0,,,,inferred:60.12,,,,no (wide set),,CTD:MAHA;CTD:TMA;CTD:TTP,2026-09-22,CTD inferred score>=50 via Acetaminophen
SELENBP1,Q13228,8991.0,,,,inferred:50.58,,,,no (wide set),,CTD:MAHA;CTD:TMA;CTD:TTP,2026-09-22,CTD inferred score>=50 via Acetaminophen
SESN1,Q9Y6P5,27244.0,,,,inferred:53.78,,,,no (wide set),,CTD:MAHA;CTD:TMA;CTD:TTP,2026-09-22,CTD inferred score>=50 via Acetaminophen
SESN2,P58004,83667.0,,,,inferred:58.18,,,,no (wide set),,CTD:MAHA;CTD:TMA;CTD:TTP,2026-09-22,CTD inferred score>=50 via Acetaminophen
SIK1,P57059,150094.0,,,,inferred:53.68,,,,no (wide set),,CTD:MAHA;CTD:TMA;CTD:TTP,2026-09-22,CTD inferred score>=50 via Acetaminophen
SIVA1,O15304,10572.0,,,,inferred:50.88,,,,no (wide set),,CTD:MAHA;CTD:TMA;CTD:TTP,2026-09-22,CTD inferred score>=50 via Acetaminophen
SLC10A1,Q14973,6554.0,,,,inferred:66.95,,,,no (wide set),,CTD:MAHA;CTD:TMA;CTD:TTP,2026-09-22,CTD inferred score>=50 via Acetaminophen
SLC1A2,P43004,6506.0,,,,inferred:52.58,,,,no (wide set),,CTD:MAHA;CTD:TMA;CTD:TTP,2026-09-22,CTD inferred score>=50 via Acetaminophen
SLC22A11,Q9NSA0,55867.0,,,,inferred:50.83,,,,no (wide set),,CTD:MAHA;CTD:TMA,2026-09-22,CTD inferred score>=50 via Acetaminophen
SLC22A2,O15244,6582.0,,,,inferred:110.81,,,,no (wide set),,CTD:MAHA;CTD:TMA;CTD:TTP,2026-09-22,CTD inferred score>=50 via Acetaminophen
SLC22A3,O75751,6581.0,,,,inferred:52.64,,,,no (wide set),,CTD:MAHA;CTD:TMA;CTD:TTP,2026-09-22,CTD inferred score>=50 via Acetaminophen
SLC22A6,Q4U2R8,9356.0,,,,inferred:88.00,,,,no (wide set),,CTD:MAHA;CTD:TMA;CTD:TTP,2026-09-22,CTD inferred score>=50 via Acetaminophen
SLC22A7,Q9Y694,10864.0,,,,inferred:105.59,,,,no (wide set),,CTD:MAHA;CTD:TMA;CTD:TTP,2026-09-22,CTD inferred score>=50 via Acetaminophen
SLC22A9,Q8IVM8,114571.0,,,,inferred:75.15,,,,no (wide set),,CTD:MAHA;CTD:TMA;CTD:TTP,2026-09-22,CTD inferred score>=50 via Acetaminophen
SLC23A2,Q9UGH3,9962.0,,,,inferred:57.00,,,,no (wide set),,CTD:MAHA;CTD:TMA;CTD:TTP,2026-09-22,CTD inferred score>=50 via Acetaminophen
SLC25A20,O43772,788.0,,,,inferred:50.41,,,,no (wide set),,CTD:MAHA;CTD:TMA;CTD:TTP,2026-09-22,CTD inferred score>=50 via Acetaminophen
SLC27A3,Q5K4L6,11000.0,,,,inferred:52.26,,,,no (wide set),,CTD:MAHA;CTD:TMA;CTD:TTP,2026-09-22,CTD inferred score>=50 via Acetaminophen
SLC39A14,Q15043,23516.0,,,,inferred:51.90,,,,no (wide set),,CTD:MAHA;CTD:TMA;CTD:TTP,2026-09-22,CTD inferred score>=50 via Acetaminophen
SLC3A2,P08195,6520.0,,,,inferred:76.86,,,,no (wide set),,CTD:MAHA;CTD:TMA;CTD:TTP,2026-09-22,CTD inferred score>=50 via Acetaminophen
SLC40A1,Q9NP59,30061.0,,,,inferred:56.34,,,,no (wide set),,CTD:MAHA;CTD:TMA;CTD:TTP,2026-09-22,CTD inferred score>=50 via Acetaminophen
SLC47A1,Q96FL8,55244.0,,,,inferred:66.77,,,,no (wide set),,CTD:MAHA;CTD:TMA;CTD:TTP,2026-09-22,CTD inferred score>=50 via Acetaminophen
SLC5A3,P53794,6526.0,,,,inferred:50.34,,,,no (wide set),,CTD:MAHA;CTD:TMA;CTD:TTP,2026-09-22,CTD inferred score>=50 via Acetaminophen
SLC6A8,P48029,6535.0,,,,inferred:52.54,,,,no (wide set),,CTD:MAHA;CTD:TMA;CTD:TTP,2026-09-22,CTD inferred score>=50 via Acetaminophen
SLC7A11,Q9UPY5,23657.0,,,,inferred:108.14,,,,no (wide set),,CTD:MAHA;CTD:TMA;CTD:TTP,2026-09-22,CTD inferred score>=50 via Acetaminophen
SLC7A5,Q01650,8140.0,,,,inferred:58.34,,,,no (wide set),,CTD:MAHA;CTD:TMA;CTD:TTP,2026-09-22,CTD inferred score>=50 via Acetaminophen
SLCO1A1,,28248.0,,,,inferred:68.60,,,,no (wide set),,CTD:MAHA;CTD:TMA;CTD:TTP,2026-09-22,CTD inferred score>=50 via Acetaminophen; mygene did not map to UniProt
SLPI,P03973,6590.0,,,,inferred:66.35,,,,no (wide set),,CTD:MAHA;CTD:TMA;CTD:TTP,2026-09-22,CTD inferred score>=50 via Acetaminophen
SMARCA5,O60264,8467.0,,,,inferred:51.63,,,,no (wide set),,CTD:MAHA;CTD:TMA;CTD:TTP,2026-09-22,CTD inferred score>=50 via Acetaminophen
SP1,P08047,6667.0,,,,inferred:52.42,,,,no (wide set),,CTD:MAHA;CTD:TMA;CTD:TTP,2026-09-22,CTD inferred score>=50 via Acetaminophen
SPARC,P09486,6678.0,,,,inferred:52.19,,,,no (wide set),,CTD:MAHA;CTD:TMA;CTD:TTP,2026-09-22,CTD inferred score>=50 via Acetaminophen
SQSTM1,Q13501,8878.0,,,,inferred:73.83,,,,no (wide set),,CTD:MAHA;CTD:TMA;CTD:TTP,2026-09-22,CTD inferred score>=50 via Acetaminophen
SREBF1,P36956,6720.0,,,,inferred:59.11,,,,no (wide set),,CTD:MAHA;CTD:TMA;CTD:TTP,2026-09-22,CTD inferred score>=50 via Acetaminophen
SRXN1,Q9BYN0,140809.0,,,,inferred:74.80,,,,no (wide set),,CTD:MAHA;CTD:TMA;CTD:TTP,2026-09-22,CTD inferred score>=50 via Acetaminophen
TAGLN,Q01995,6876.0,,,,inferred:75.61,,,,no (wide set),,CTD:MAHA;CTD:TMA;CTD:TTP,2026-09-22,CTD inferred score>=50 via Acetaminophen
TCF4,P15884,6925.0,,,,inferred:53.68,,,,no (wide set),,CTD:MAHA;CTD:TMA;CTD:TTP,2026-09-22,CTD inferred score>=50 via Acetaminophen
TF,P02787,7018.0,,,,inferred:56.31,,,,no (wide set),,CTD:MAHA;CTD:TMA;CTD:TTP,2026-09-22,CTD inferred score>=50 via Acetaminophen
TFRC,P02786,7037.0,,,,inferred:68.04,,,,no (wide set),,CTD:MAHA;CTD:TMA;CTD:TTP,2026-09-22,CTD inferred score>=50 via Acetaminophen
TGFA,P01135,7039.0,,,,inferred:58.18,,,,no (wide set),,CTD:MAHA;CTD:TMA;CTD:TTP,2026-09-22,CTD inferred score>=50 via Acetaminophen
TGFB3,P10600,7043.0,,,,inferred:53.21,,,,no (wide set),,CTD:MAHA;CTD:TMA;CTD:TTP,2026-09-22,CTD inferred score>=50 via Acetaminophen
TGFBI,Q15582,7045.0,,,,inferred:54.12,,,,no (wide set),,CTD:MAHA;CTD:TMA;CTD:TTP,2026-09-22,CTD inferred score>=50 via Acetaminophen
TGFBR1,P36897,7046.0,,,,inferred:57.97,,,,no (wide set),,CTD:MAHA;CTD:TMA;CTD:TTP,2026-09-22,CTD inferred score>=50 via Acetaminophen
TIMP3,P35625,7078.0,,,,inferred:58.66,,,,no (wide set),,CTD:MAHA;CTD:TMA;CTD:TTP,2026-09-22,CTD inferred score>=50 via Acetaminophen
TK1,P04183,7083.0,,,,inferred:63.86,,,,no (wide set),,CTD:MAHA;CTD:TMA;CTD:TTP,2026-09-22,CTD inferred score>=50 via Acetaminophen
TMPRSS2,O15393,7113.0,,,,inferred:101.89,,,,no (wide set),,CTD:MAHA;CTD:TMA;CTD:TTP,2026-09-22,CTD inferred score>=50 via Acetaminophen
TMSB10,P63313,9168.0,,,,inferred:50.23,,,,no (wide set),,CTD:MAHA;CTD:TMA;CTD:TTP,2026-09-22,CTD inferred score>=50 via Acetaminophen
TNFAIP8,O95379,25816.0,,,,inferred:54.87,,,,no (wide set),,CTD:MAHA;CTD:TMA;CTD:TTP,2026-09-22,CTD inferred score>=50 via Acetaminophen
TNFRSF1A,P19438,7132.0,,,,inferred:75.95,,,,no (wide set),,CTD:MAHA;CTD:TMA;CTD:TTP,2026-09-22,CTD inferred score>=50 via Acetaminophen
TOB1,P50616,10140.0,,,,inferred:61.69,,,,no (wide set),,CTD:MAHA;CTD:TMA;CTD:TTP,2026-09-22,CTD inferred score>=50 via Acetaminophen
TOPBP1,Q92547,11073.0,,,,inferred:50.59,,,,no (wide set),,CTD:MAHA;CTD:TMA;CTD:TTP,2026-09-22,CTD inferred score>=50 via Acetaminophen
TRAFD1,O14545,10906.0,,,,inferred:51.17,,,,no (wide set),,CTD:MAHA;CTD:TMA;CTD:TTP,2026-09-22,CTD inferred score>=50 via Acetaminophen
TRIB3,Q96RU7,57761.0,,,,inferred:84.14,,,,no (wide set),,CTD:MAHA;CTD:TMA;CTD:TTP,2026-09-22,CTD inferred score>=50 via Acetaminophen
TSC22D1,Q15714,8848.0,,,,inferred:57.97,,,,no (wide set),,CTD:MAHA;CTD:TMA;CTD:TTP,2026-09-22,CTD inferred score>=50 via Acetaminophen
TTR,P02766,7276.0,,,,inferred:55.47,,,,no (wide set),,CTD:MAHA;CTD:TMA;CTD:TTP,2026-09-22,CTD inferred score>=50 via Acetaminophen
TXNRD1,Q16881,7296.0,,,,inferred:78.83,,,,no (wide set),,CTD:MAHA;CTD:TMA;CTD:TTP,2026-09-22,CTD inferred score>=50 via Acetaminophen
UBE2B,P63146,7320.0,,,,inferred:51.02,,,,no (wide set),,CTD:MAHA;CTD:TMA;CTD:TTP,2026-09-22,CTD inferred score>=50 via Acetaminophen
UGT2B1,,71773.0,,,,inferred:50.80,,,,no (wide set),,CTD:MAHA;CTD:TMA;CTD:TTP,2026-09-22,CTD inferred score>=50 via Acetaminophen; mygene did not map to UniProt
UGT2B7,P16662,7364.0,,,,inferred:60.25,,,,no (wide set),,CTD:MAHA;CTD:TMA;CTD:TTP,2026-09-22,CTD inferred score>=50 via Acetaminophen
UNG,P13051,7374.0,,,,inferred:69.17,,,,no (wide set),,CTD:MAHA;CTD:TMA;CTD:TTP,2026-09-22,CTD inferred score>=50 via Acetaminophen
USP2,O75604,9099.0,,,,inferred:51.09,,,,no (wide set),,CTD:MAHA;CTD:TMA;CTD:TTP,2026-09-22,CTD inferred score>=50 via Acetaminophen
VCP,P55072,7415.0,,,,inferred:50.70,,,,no (wide set),,CTD:MAHA;CTD:TMA;CTD:TTP,2026-09-22,CTD inferred score>=50 via Acetaminophen
WARS1,P23381,7453.0,,,,inferred:53.49,,,,no (wide set),,CTD:MAHA;CTD:TMA;CTD:TTP,2026-09-22,CTD inferred score>=50 via 4-dichlorobenzene
WEE1,P30291,7465.0,,,,inferred:60.15,,,,no (wide set),,CTD:MAHA;CTD:TMA;CTD:TTP,2026-09-22,CTD inferred score>=50 via Acetaminophen
WIPI1,Q5MNZ9,55062.0,,,,inferred:62.88,,,,no (wide set),,CTD:MAHA;CTD:TMA;CTD:TTP,2026-09-22,CTD inferred score>=50 via Acetaminophen
YWHAE,P62258,7531.0,,,,inferred:53.21,,,,no (wide set),,CTD:MAHA;CTD:TMA;CTD:TTP,2026-09-22,CTD inferred score>=50 via Acetaminophen
ZCCHC7,Q8N3Z6,84186.0,,,,inferred:51.02,,,,no (wide set),,CTD:MAHA;CTD:TMA;CTD:TTP,2026-09-22,CTD inferred score>=50 via Acetaminophen
ZFAND2A,Q8N6M9,90637.0,,,,inferred:53.20,,,,no (wide set),,CTD:MAHA;CTD:TMA;CTD:TTP,2026-09-22,CTD inferred score>=50 via Acetaminophen
ZFP36,P26651,7538.0,,,,inferred:52.66,,,,no (wide set),,CTD:MAHA;CTD:TMA;CTD:TTP;CTD:snakebite,2026-09-22,CTD inferred score>=50 via Acetaminophen
ZFP36L1,Q07352,677.0,,,,inferred:56.99,,,,no (wide set),,CTD:MAHA;CTD:TMA;CTD:TTP,2026-09-22,CTD inferred score>=50 via Acetaminophen
ZMYND8,Q9ULU4,23613.0,,,,inferred:51.91,,,,no (wide set),,CTD:MAHA;CTD:TMA;CTD:TTP,2026-09-22,CTD inferred score>=50 via Acetaminophen
CHRNA9,Q9UGM1,55584.0,,,,inferred:15.00,,,,no (wide set),,CTD:MAHA;CTD:TMA;CTD:TTP;CTD:snakebite,2026-09-22,CTD inferred via Acetaminophen (full-inclusion exception for the snakebite query)
CHRNB2,P17787,1141.0,,,,inferred:24.15,,,,no (wide set),,CTD:MAHA;CTD:TMA;CTD:TTP;CTD:snakebite,2026-09-22,CTD inferred via Acetaminophen (full-inclusion exception for the snakebite query)
CHRNB4,P30926,1143.0,,,,inferred:21.83,,,,no (wide set),,CTD:MAHA;CTD:TMA;CTD:snakebite,2026-09-22,CTD inferred via Acetaminophen (full-inclusion exception for the snakebite query)
CHRND,Q07001,1144.0,,,,inferred:14.27,,,,no (wide set),,CTD:MAHA;CTD:TMA;CTD:TTP;CTD:snakebite,2026-09-22,CTD inferred via Acetaminophen (full-inclusion exception for the snakebite query)
CHRNG,P07510,1146.0,,,,inferred:6.18,,,,no (wide set),,CTD:MAHA;CTD:snakebite,2026-09-22,CTD inferred via Bungarotoxins (full-inclusion exception for the snakebite query)
CNTN1,Q12860,1272.0,,,,inferred:15.32,,,,no (wide set),,CTD:MAHA;CTD:TMA;CTD:TTP;CTD:snakebite,2026-09-22,CTD inferred via Acetaminophen (full-inclusion exception for the snakebite query)
FGF21,Q9NSA1,26291.0,,,,inferred:37.35,,,,no (wide set),,CTD:MAHA;CTD:TMA;CTD:TTP;CTD:snakebite,2026-09-22,CTD inferred via Acetaminophen (full-inclusion exception for the snakebite query)
GOT1L1,Q8NHS2,137362.0,,,,inferred:13.34,,,,no (wide set),,CTD:MAHA;CTD:snakebite,2026-09-22,CTD inferred via Acetaminophen (full-inclusion exception for the snakebite query)
SLBP,Q14493,7884.0,,,,inferred:37.04,,,,no (wide set),,CTD:MAHA;CTD:TMA;CTD:TTP;CTD:snakebite,2026-09-22,CTD inferred via Acetaminophen (full-inclusion exception for the snakebite query)
TFF3,Q07654,7033.0,,,,inferred:36.23,,,,no (wide set),,CTD:MAHA;CTD:TMA;CTD:TTP;CTD:snakebite,2026-09-22,CTD inferred via Acetaminophen (full-inclusion exception for the snakebite query)
NACHRALPHA1,,42918.0,,,,inferred:6.72,,,,no (wide set),,CTD:snakebite,2026-09-22,CTD inferred via Bungarotoxins (full-inclusion exception for the snakebite query); mygene did not map to UniProt
NACHRALPHA2,,42919.0,,,,inferred:7.04,,,,no (wide set),,CTD:snakebite,2026-09-22,CTD inferred via Bungarotoxins (full-inclusion exception for the snakebite query); mygene did not map to UniProt
NACHRALPHA3,,31767.0,,,,inferred:7.50,,,,no (wide set),,CTD:snakebite,2026-09-22,CTD inferred via Bungarotoxins (full-inclusion exception for the snakebite query); mygene did not map to UniProt
