disease_id,disease_name,symbol,ensembl,score
MONDO_0019737,thrombotic microangiopathy,ADAMTS13,ENSG00000160323,0.8743
MONDO_0019737,thrombotic microangiopathy,CFI,ENSG00000205403,0.8234
MONDO_0019737,thrombotic microangiopathy,CD46,ENSG00000117335,0.8192
MONDO_0019737,thrombotic microangiopathy,C3,ENSG00000125730,0.818
MONDO_0019737,thrombotic microangiopathy,CFB,ENSG00000243649,0.8082
MONDO_0019737,thrombotic microangiopathy,DGKE,ENSG00000153933,0.7682
MONDO_0019737,thrombotic microangiopathy,CFH,ENSG00000000971,0.7523
MONDO_0019737,thrombotic microangiopathy,THBD,ENSG00000178726,0.7507
MONDO_0019737,thrombotic microangiopathy,MPL,ENSG00000117400,0.6327
MONDO_0019737,thrombotic microangiopathy,NR3C1,ENSG00000113580,0.6161
MONDO_0019737,thrombotic microangiopathy,VWF,ENSG00000110799,0.5871
MONDO_0019737,thrombotic microangiopathy,SYK,ENSG00000165025,0.5727
MONDO_0019737,thrombotic microangiopathy,C5,ENSG00000106804,0.5553
MONDO_0019737,thrombotic microangiopathy,BTK,ENSG00000010671,0.519
MONDO_0019737,thrombotic microangiopathy,ATP4A,ENSG00000105675,0.4749
MONDO_0019737,thrombotic microangiopathy,ATP4B,ENSG00000186009,0.4624
MONDO_0019737,thrombotic microangiopathy,NNT,ENSG00000112992,0.4158
MONDO_0019737,thrombotic microangiopathy,CFHR5,ENSG00000134389,0.4146
MONDO_0019737,thrombotic microangiopathy,MS4A1,ENSG00000156738,0.4133
MONDO_0019737,thrombotic microangiopathy,FCGRT,ENSG00000104870,0.4104
MONDO_0019737,thrombotic microangiopathy,CFHR1,ENSG00000244414,0.3591
MONDO_0019737,thrombotic microangiopathy,RARG,ENSG00000172819,0.3551
MONDO_0019737,thrombotic microangiopathy,RARA,ENSG00000131759,0.3551
MONDO_0019737,thrombotic microangiopathy,RARB,ENSG00000077092,0.3551
MONDO_0019737,thrombotic microangiopathy,COL4A5,ENSG00000188153,0.355
MONDO_0019737,thrombotic microangiopathy,CD38,ENSG00000004468,0.3535
MONDO_0019737,thrombotic microangiopathy,TNFRSF13C,ENSG00000159958,0.3524
MONDO_0019737,thrombotic microangiopathy,IMPDH2,ENSG00000178035,0.3521
MONDO_0019737,thrombotic microangiopathy,IMPDH1,ENSG00000106348,0.3521
MONDO_0019737,thrombotic microangiopathy,MASP2,ENSG00000009724,0.3493
MONDO_0019737,thrombotic microangiopathy,CFHR3,ENSG00000116785,0.3452
MONDO_0019737,thrombotic microangiopathy,TNFSF13B,ENSG00000102524,0.3446
MONDO_0019737,thrombotic microangiopathy,C1GALT1C1,ENSG00000171155,0.34
MONDO_0019737,thrombotic microangiopathy,PPIA,ENSG00000196262,0.3395
MONDO_0019737,thrombotic microangiopathy,MMACHC,ENSG00000132763,0.3339
MONDO_0019737,thrombotic microangiopathy,LTB4R,ENSG00000213903,0.3234
MONDO_0019737,thrombotic microangiopathy,LTB4R2,ENSG00000213906,0.3234
MONDO_0019737,thrombotic microangiopathy,PSMB9,ENSG00000240065,0.3072
MONDO_0019737,thrombotic microangiopathy,NAV2,ENSG00000166833,0.3053
MONDO_0019737,thrombotic microangiopathy,PSMB8,ENSG00000204264,0.3004
MONDO_0019737,thrombotic microangiopathy,PSMA6,ENSG00000100902,0.295
MONDO_0019737,thrombotic microangiopathy,PSMB5,ENSG00000100804,0.2943
MONDO_0019737,thrombotic microangiopathy,PSMB6,ENSG00000142507,0.2935
MONDO_0019737,thrombotic microangiopathy,PSMD1,ENSG00000173692,0.2933
MONDO_0019737,thrombotic microangiopathy,PSMC2,ENSG00000161057,0.293
MONDO_0019737,thrombotic microangiopathy,PSMD3,ENSG00000108344,0.293
MONDO_0019737,thrombotic microangiopathy,PSMC5,ENSG00000087191,0.293
MONDO_0019737,thrombotic microangiopathy,PSMD6,ENSG00000163636,0.293
MONDO_0019737,thrombotic microangiopathy,PSMD4,ENSG00000159352,0.293
MONDO_0019737,thrombotic microangiopathy,PSMD11,ENSG00000108671,0.293
MONDO_0019737,thrombotic microangiopathy,PSMB11,ENSG00000222028,0.293
MONDO_0019737,thrombotic microangiopathy,PSMD12,ENSG00000197170,0.293
MONDO_0019737,thrombotic microangiopathy,PSMC4,ENSG00000013275,0.293
MONDO_0019737,thrombotic microangiopathy,PSMA1,ENSG00000129084,0.293
MONDO_0019737,thrombotic microangiopathy,PSMA5,ENSG00000143106,0.293
MONDO_0019737,thrombotic microangiopathy,PSMA3,ENSG00000100567,0.293
MONDO_0019737,thrombotic microangiopathy,PSMB3,ENSG00000277791,0.293
MONDO_0019737,thrombotic microangiopathy,PSMA8,ENSG00000154611,0.293
MONDO_0019737,thrombotic microangiopathy,PSMA7,ENSG00000101182,0.293
MONDO_0019737,thrombotic microangiopathy,SEM1,ENSG00000127922,0.293
MONDO_0019737,thrombotic microangiopathy,PSMB1,ENSG00000008018,0.293
MONDO_0019737,thrombotic microangiopathy,PSMC6,ENSG00000100519,0.293
MONDO_0019737,thrombotic microangiopathy,PSMD7,ENSG00000103035,0.293
MONDO_0019737,thrombotic microangiopathy,PSMB4,ENSG00000159377,0.293
MONDO_0019737,thrombotic microangiopathy,PSMD13,ENSG00000185627,0.293
MONDO_0019737,thrombotic microangiopathy,PSMB10,ENSG00000205220,0.293
MONDO_0019737,thrombotic microangiopathy,ADRM1,ENSG00000130706,0.293
MONDO_0019737,thrombotic microangiopathy,PSMD2,ENSG00000175166,0.293
MONDO_0019737,thrombotic microangiopathy,PSMA2,ENSG00000106588,0.293
MONDO_0019737,thrombotic microangiopathy,PSMD14,ENSG00000115233,0.293
MONDO_0019737,thrombotic microangiopathy,PSMB2,ENSG00000126067,0.293
MONDO_0019737,thrombotic microangiopathy,PSMB7,ENSG00000136930,0.293
MONDO_0019737,thrombotic microangiopathy,PSMD8,ENSG00000099341,0.293
MONDO_0019737,thrombotic microangiopathy,PSMC1,ENSG00000100764,0.293
MONDO_0019737,thrombotic microangiopathy,PSMA4,ENSG00000041357,0.293
MONDO_0019737,thrombotic microangiopathy,PSMC3,ENSG00000165916,0.293
MONDO_0019737,thrombotic microangiopathy,SMARCAL1,ENSG00000138375,0.2883
MONDO_0019737,thrombotic microangiopathy,DNMT3A,ENSG00000119772,0.2825
MONDO_0019737,thrombotic microangiopathy,DNMT1,ENSG00000130816,0.28
MONDO_0019737,thrombotic microangiopathy,SOCS1,ENSG00000185338,0.278
MONDO_0019737,thrombotic microangiopathy,TREX1,ENSG00000213689,0.272
MONDO_0019737,thrombotic microangiopathy,HBB,ENSG00000244734,0.2689
MONDO_0019737,thrombotic microangiopathy,ATRIP,ENSG00000164053,0.2587
MONDO_0019737,thrombotic microangiopathy,RMI2,ENSG00000175643,0.2587
MONDO_0019737,thrombotic microangiopathy,BRD7,ENSG00000166164,0.2222
MONDO_0019737,thrombotic microangiopathy,CD52,ENSG00000169442,0.2049
MONDO_0019737,thrombotic microangiopathy,HMGCR,ENSG00000113161,0.2013
MONDO_0019737,thrombotic microangiopathy,TUBB1,ENSG00000101162,0.2005
MONDO_0019737,thrombotic microangiopathy,TUBA4A,ENSG00000127824,0.1988
MONDO_0019737,thrombotic microangiopathy,NKD1,ENSG00000140807,0.1873
MONDO_0019737,thrombotic microangiopathy,TUBA1A,ENSG00000167552,0.1866
MONDO_0019737,thrombotic microangiopathy,TUBA3E,ENSG00000152086,0.1848
MONDO_0019737,thrombotic microangiopathy,TUBB4A,ENSG00000104833,0.1848
MONDO_0019737,thrombotic microangiopathy,TUBB6,ENSG00000176014,0.1848
MONDO_0019737,thrombotic microangiopathy,TUBB3,ENSG00000258947,0.1848
MONDO_0019737,thrombotic microangiopathy,TUBB4B,ENSG00000188229,0.1848
MONDO_0019737,thrombotic microangiopathy,TUBA3C,ENSG00000198033,0.1848
MONDO_0019737,thrombotic microangiopathy,TUBB,ENSG00000196230,0.1848
MONDO_0019737,thrombotic microangiopathy,TUBA1B,ENSG00000123416,0.1848
MONDO_0019737,thrombotic microangiopathy,TUBB2B,ENSG00000137285,0.1848
MONDO_0019737,thrombotic microangiopathy,TUBB8,ENSG00000261456,0.1848
MONDO_0019737,thrombotic microangiopathy,TUBA1C,ENSG00000167553,0.1848
MONDO_0019737,thrombotic microangiopathy,TUBB2A,ENSG00000137267,0.1848
MONDO_0019737,thrombotic microangiopathy,FOXF1,ENSG00000103241,0.1514
MONDO_0019737,thrombotic microangiopathy,TET2,ENSG00000168769,0.1513
MONDO_0019737,thrombotic microangiopathy,NPHP3,ENSG00000113971,0.135
MONDO_0019737,thrombotic microangiopathy,KCNV2,ENSG00000168263,0.1346
MONDO_0019737,thrombotic microangiopathy,PTGS2,ENSG00000073756,0.1311
MONDO_0019737,thrombotic microangiopathy,JAK2,ENSG00000096968,0.1283
MONDO_0019737,thrombotic microangiopathy,ITGA2B,ENSG00000005961,0.1253
MONDO_0019737,thrombotic microangiopathy,PLG,ENSG00000122194,0.1237
MONDO_0019737,thrombotic microangiopathy,PGR,ENSG00000082175,0.1236
MONDO_0019737,thrombotic microangiopathy,AR,ENSG00000169083,0.1214
MONDO_0019737,thrombotic microangiopathy,IFNG,ENSG00000111537,0.1208
MONDO_0019737,thrombotic microangiopathy,CEP290,ENSG00000198707,0.1183
MONDO_0019737,thrombotic microangiopathy,TMEM67,ENSG00000164953,0.1183
MONDO_0019737,thrombotic microangiopathy,JAK1,ENSG00000162434,0.1174
MONDO_0019737,thrombotic microangiopathy,CD4,ENSG00000010610,0.1166
MONDO_0019737,thrombotic microangiopathy,TGFB1,ENSG00000105329,0.1164
MONDO_0019737,thrombotic microangiopathy,TPO,ENSG00000115705,0.114
MONDO_0019737,thrombotic microangiopathy,CD8A,ENSG00000153563,0.1136
MONDO_0019737,thrombotic microangiopathy,PDCD1,ENSG00000188389,0.1116
MONDO_0019737,thrombotic microangiopathy,TRAF3IP2,ENSG00000056972,0.1098
MONDO_0019737,thrombotic microangiopathy,MIF,ENSG00000240972,0.1097
MONDO_0019737,thrombotic microangiopathy,GP1BA,ENSG00000185245,0.1087
MONDO_0019737,thrombotic microangiopathy,IL10,ENSG00000136634,0.1071
MONDO_0019737,thrombotic microangiopathy,IL1B,ENSG00000125538,0.107
MONDO_0019737,thrombotic microangiopathy,IL17A,ENSG00000112115,0.1051
MONDO_0019737,thrombotic microangiopathy,BCL2L1,ENSG00000171552,0.1045
MONDO_0019737,thrombotic microangiopathy,CTLA4,ENSG00000163599,0.104
MONDO_0019737,thrombotic microangiopathy,TLR7,ENSG00000196664,0.1003
MONDO_0019737,thrombotic microangiopathy,CD19,ENSG00000177455,0.1003
MONDO_0019737,thrombotic microangiopathy,SELP,ENSG00000174175,0.0991
MONDO_0019737,thrombotic microangiopathy,CD28,ENSG00000178562,0.0985
MONDO_0019737,thrombotic microangiopathy,ADRB2,ENSG00000169252,0.0957
MONDO_0019737,thrombotic microangiopathy,THPO,ENSG00000090534,0.0955
MONDO_0019737,thrombotic microangiopathy,IL37,ENSG00000125571,0.0955
MONDO_0019737,thrombotic microangiopathy,CXCL12,ENSG00000107562,0.0944
MONDO_0019737,thrombotic microangiopathy,RRM2B,ENSG00000048392,0.0936
MONDO_0019737,thrombotic microangiopathy,TPM4,ENSG00000167460,0.0933
MONDO_0019737,thrombotic microangiopathy,IL6,ENSG00000136244,0.0932
MONDO_0019737,thrombotic microangiopathy,FKBP1A,ENSG00000088832,0.0928
MONDO_0019737,thrombotic microangiopathy,CXCR5,ENSG00000160683,0.0927
MONDO_0019737,thrombotic microangiopathy,IL4,ENSG00000113520,0.0926
MONDO_0019737,thrombotic microangiopathy,IL18,ENSG00000150782,0.0925
MONDO_0019737,thrombotic microangiopathy,DHODH,ENSG00000102967,0.0924
MONDO_0019737,thrombotic microangiopathy,IL22,ENSG00000127318,0.0923
MONDO_0019737,thrombotic microangiopathy,IL21,ENSG00000138684,0.092
MONDO_0019737,thrombotic microangiopathy,CLU,ENSG00000120885,0.0917
MONDO_0019737,thrombotic microangiopathy,RASA3,ENSG00000185989,0.0915
MONDO_0019737,thrombotic microangiopathy,NFKB1,ENSG00000109320,0.091
MONDO_0019737,thrombotic microangiopathy,IL23A,ENSG00000110944,0.0909
MONDO_0019737,thrombotic microangiopathy,TP53,ENSG00000141510,0.0908
MONDO_0019737,thrombotic microangiopathy,CCR7,ENSG00000126353,0.0905
MONDO_0019737,thrombotic microangiopathy,CD40LG,ENSG00000102245,0.0903
MONDO_0019737,thrombotic microangiopathy,TNF,ENSG00000232810,0.0902
MONDO_0019737,thrombotic microangiopathy,MYH9,ENSG00000100345,0.0899
MONDO_0019737,thrombotic microangiopathy,FYB1,ENSG00000082074,0.0894
MONDO_0019737,thrombotic microangiopathy,NLRP3,ENSG00000162711,0.089
MONDO_0019737,thrombotic microangiopathy,GAS5,ENSG00000234741,0.089
MONDO_0019737,thrombotic microangiopathy,COL4A3,ENSG00000169031,0.0889
MONDO_0019737,thrombotic microangiopathy,GP1BB,ENSG00000203618,0.0885
MONDO_0019737,thrombotic microangiopathy,NPHS2,ENSG00000116218,0.0882
MONDO_0019737,thrombotic microangiopathy,BTG3,ENSG00000154640,0.0873
MONDO_0019737,thrombotic microangiopathy,WT1,ENSG00000184937,0.0869
MONDO_0019737,thrombotic microangiopathy,FASLG,ENSG00000117560,0.0863
MONDO_0019737,thrombotic microangiopathy,LAMA5,ENSG00000130702,0.0858
MONDO_0019737,thrombotic microangiopathy,COL4A4,ENSG00000081052,0.0857
MONDO_0019737,thrombotic microangiopathy,IL27,ENSG00000197272,0.0853
MONDO_0019737,thrombotic microangiopathy,CD151,ENSG00000177697,0.0849
MONDO_0019737,thrombotic microangiopathy,COL4A1,ENSG00000187498,0.0841
MONDO_0019737,thrombotic microangiopathy,IL2RA,ENSG00000134460,0.0841
MONDO_0019737,thrombotic microangiopathy,C1GALT1,ENSG00000106392,0.0835
MONDO_0019737,thrombotic microangiopathy,MAGI2,ENSG00000187391,0.0835
MONDO_0019737,thrombotic microangiopathy,CRBN,ENSG00000113851,0.0831
MONDO_0019737,thrombotic microangiopathy,NBEAL2,ENSG00000160796,0.0826
MONDO_0019737,thrombotic microangiopathy,CCNI,ENSG00000118816,0.0825
MONDO_0019737,thrombotic microangiopathy,IL2RB,ENSG00000100385,0.0824
MONDO_0019737,thrombotic microangiopathy,MYO1E,ENSG00000157483,0.0823
MONDO_0019737,thrombotic microangiopathy,GNE,ENSG00000159921,0.0821
MONDO_0019737,thrombotic microangiopathy,FOXP3,ENSG00000049768,0.082
MONDO_0019737,thrombotic microangiopathy,UMOD,ENSG00000169344,0.082
MONDO_0019737,thrombotic microangiopathy,TYK2,ENSG00000105397,0.0816
MONDO_0019737,thrombotic microangiopathy,FCGR3A,ENSG00000203747,0.0812
MONDO_0019737,thrombotic microangiopathy,NRP1,ENSG00000099250,0.0811
MONDO_0019737,thrombotic microangiopathy,ST3GAL4,ENSG00000110080,0.0808
MONDO_0019737,thrombotic microangiopathy,LEP,ENSG00000174697,0.0808
MONDO_0019737,thrombotic microangiopathy,FAS,ENSG00000026103,0.0807
MONDO_0019737,thrombotic microangiopathy,BECN1,ENSG00000126581,0.0807
MONDO_0019737,thrombotic microangiopathy,CRP,ENSG00000132693,0.0801
MONDO_0019737,thrombotic microangiopathy,STAT3,ENSG00000168610,0.08
MONDO_0019737,thrombotic microangiopathy,HLA-DRB5,ENSG00000198502,0.0799
MONDO_0019737,thrombotic microangiopathy,WAS,ENSG00000015285,0.0798
MONDO_0019737,thrombotic microangiopathy,CD2AP,ENSG00000198087,0.0798
MONDO_0019737,thrombotic microangiopathy,C5AR1,ENSG00000197405,0.0795
MONDO_0019737,thrombotic microangiopathy,RHD,ENSG00000187010,0.0795
MONDO_0019737,thrombotic microangiopathy,IDO1,ENSG00000131203,0.0794
MONDO_0019737,thrombotic microangiopathy,HSPA8,ENSG00000109971,0.0792
MONDO_0019737,thrombotic microangiopathy,INS,ENSG00000254647,0.0787
MONDO_0019737,thrombotic microangiopathy,ACE,ENSG00000159640,0.0783
MONDO_0019737,thrombotic microangiopathy,ZFPM1,ENSG00000179588,0.0782
MONDO_0019737,thrombotic microangiopathy,MAS1,ENSG00000130368,0.078
MONDO_0019737,thrombotic microangiopathy,DPP4,ENSG00000197635,0.0779
MONDO_0019737,thrombotic microangiopathy,SLC12A1,ENSG00000074803,0.0777
MONDO_0019737,thrombotic microangiopathy,IL18BP,ENSG00000137496,0.0776
MONDO_0019737,thrombotic microangiopathy,CD9,ENSG00000010278,0.0774
MONDO_0019737,thrombotic microangiopathy,HP,ENSG00000257017,0.0772
MONDO_0019737,thrombotic microangiopathy,TNFAIP2,ENSG00000185215,0.0769
MONDO_0019737,thrombotic microangiopathy,IL16,ENSG00000172349,0.0769
MONDO_0019737,thrombotic microangiopathy,SLC7A9,ENSG00000021488,0.0768
MONDO_0019737,thrombotic microangiopathy,CLCN5,ENSG00000171365,0.0768
MONDO_0019737,thrombotic microangiopathy,EMCN,ENSG00000164035,0.0767
MONDO_0019737,thrombotic microangiopathy,RUNX1,ENSG00000159216,0.0764
MONDO_0019737,thrombotic microangiopathy,GDNF,ENSG00000168621,0.0763
MONDO_0019737,thrombotic microangiopathy,IGF2BP1,ENSG00000159217,0.0763
MONDO_0019737,thrombotic microangiopathy,JAK3,ENSG00000105639,0.0761
MONDO_0019737,thrombotic microangiopathy,TNFRSF4,ENSG00000186827,0.0759
MONDO_0019737,thrombotic microangiopathy,SLC2A9,ENSG00000109667,0.0759
MONDO_0019737,thrombotic microangiopathy,ENTPD1,ENSG00000138185,0.0757
MONDO_0019737,thrombotic microangiopathy,ITGAL,ENSG00000005844,0.0756
MONDO_0019737,thrombotic microangiopathy,CLEC2D,ENSG00000069493,0.0753
MONDO_0019737,thrombotic microangiopathy,MECOM,ENSG00000085276,0.0752
MONDO_0019737,thrombotic microangiopathy,CRLF3,ENSG00000176390,0.0751
MONDO_0019737,thrombotic microangiopathy,CLDN2,ENSG00000165376,0.0751
MONDO_0019737,thrombotic microangiopathy,LEPR,ENSG00000116678,0.0751
MONDO_0019737,thrombotic microangiopathy,GLIS2,ENSG00000126603,0.075
MONDO_0019737,thrombotic microangiopathy,TNFSF4,ENSG00000117586,0.075
MONDO_0019737,thrombotic microangiopathy,CDKN1A,ENSG00000124762,0.0748
MONDO_0019737,thrombotic microangiopathy,HLA-G,ENSG00000204632,0.0748
MONDO_0019737,thrombotic microangiopathy,CR1,ENSG00000203710,0.0748
MONDO_0019737,thrombotic microangiopathy,CRIM1,ENSG00000150938,0.0746
MONDO_0019737,thrombotic microangiopathy,LIN7C,ENSG00000148943,0.0745
MONDO_0019737,thrombotic microangiopathy,SEMA3A,ENSG00000075213,0.0743
MONDO_0019737,thrombotic microangiopathy,AKT1,ENSG00000142208,0.0743
MONDO_0019737,thrombotic microangiopathy,BCL2,ENSG00000171791,0.0742
MONDO_0019737,thrombotic microangiopathy,HPX,ENSG00000110169,0.0742
MONDO_0019737,thrombotic microangiopathy,GUCA2B,ENSG00000044012,0.0742
MONDO_0019737,thrombotic microangiopathy,ACTN4,ENSG00000130402,0.0742
MONDO_0019737,thrombotic microangiopathy,CXCR3,ENSG00000186810,0.0741
MONDO_0019737,thrombotic microangiopathy,WHAMM,ENSG00000156232,0.074
MONDO_0019737,thrombotic microangiopathy,CUL4A,ENSG00000139842,0.0739
MONDO_0019737,thrombotic microangiopathy,POLD1,ENSG00000062822,0.0739
MONDO_0019737,thrombotic microangiopathy,POLA2,ENSG00000014138,0.0739
MONDO_0019737,thrombotic microangiopathy,DDB1,ENSG00000167986,0.0739
MONDO_0019737,thrombotic microangiopathy,IL2RG,ENSG00000147168,0.0739
MONDO_0019737,thrombotic microangiopathy,POLA1,ENSG00000101868,0.0739
MONDO_0019737,thrombotic microangiopathy,PRIM1,ENSG00000198056,0.0739
MONDO_0019737,thrombotic microangiopathy,NKG7,ENSG00000105374,0.0739
MONDO_0019737,thrombotic microangiopathy,POLD4,ENSG00000175482,0.0739
MONDO_0019737,thrombotic microangiopathy,POLD2,ENSG00000106628,0.0739
MONDO_0019737,thrombotic microangiopathy,IGF1R,ENSG00000140443,0.0739
MONDO_0019737,thrombotic microangiopathy,POLE2,ENSG00000100479,0.0739
MONDO_0019737,thrombotic microangiopathy,HUWE1,ENSG00000086758,0.0739
MONDO_0019737,thrombotic microangiopathy,MLKL,ENSG00000168404,0.0739
MONDO_0019737,thrombotic microangiopathy,RRM1,ENSG00000167325,0.0739
MONDO_0019737,thrombotic microangiopathy,TOP2A,ENSG00000131747,0.0739
MONDO_0019737,thrombotic microangiopathy,RBX1,ENSG00000100387,0.0739
MONDO_0019737,thrombotic microangiopathy,POLD3,ENSG00000077514,0.0739
MONDO_0019737,thrombotic microangiopathy,POLE3,ENSG00000148229,0.0739
MONDO_0019737,thrombotic microangiopathy,POLE,ENSG00000177084,0.0739
MONDO_0019737,thrombotic microangiopathy,RRM2,ENSG00000171848,0.0739
MONDO_0019737,thrombotic microangiopathy,PRIM2,ENSG00000146143,0.0739
MONDO_0019737,thrombotic microangiopathy,LCAT,ENSG00000213398,0.0737
MONDO_0019737,thrombotic microangiopathy,IL1A,ENSG00000115008,0.0736
MONDO_0019737,thrombotic microangiopathy,SLC3A1,ENSG00000138079,0.0736
MONDO_0019737,thrombotic microangiopathy,CES2,ENSG00000172831,0.0736
MONDO_0019737,thrombotic microangiopathy,CLDN4,ENSG00000189143,0.0735
MONDO_0019737,thrombotic microangiopathy,NPHS1,ENSG00000161270,0.0735
MONDO_0019737,thrombotic microangiopathy,PDGFRB,ENSG00000113721,0.0734
MONDO_0019737,thrombotic microangiopathy,LAMB2,ENSG00000172037,0.0732
MONDO_0019737,thrombotic microangiopathy,AQP11,ENSG00000178301,0.0732
MONDO_0019737,thrombotic microangiopathy,IGF2,ENSG00000167244,0.0732
MONDO_0019737,thrombotic microangiopathy,FCGR2A,ENSG00000143226,0.0731
MONDO_0019737,thrombotic microangiopathy,IKZF3,ENSG00000161405,0.073
MONDO_0019737,thrombotic microangiopathy,POU3F3,ENSG00000198914,0.073
MONDO_0019737,thrombotic microangiopathy,TRPV5,ENSG00000127412,0.0729
MONDO_0019737,thrombotic microangiopathy,CXCL13,ENSG00000156234,0.0727
MONDO_0019737,thrombotic microangiopathy,IL1R1,ENSG00000115594,0.0726
MONDO_0019737,thrombotic microangiopathy,UOX,ENSG00000240520,0.0725
MONDO_0019737,thrombotic microangiopathy,EP300,ENSG00000100393,0.0723
MONDO_0019737,thrombotic microangiopathy,REN,ENSG00000143839,0.0721
MONDO_0019737,thrombotic microangiopathy,DNASE1,ENSG00000213918,0.072
MONDO_0019737,thrombotic microangiopathy,KCTD1,ENSG00000134504,0.072
MONDO_0019737,thrombotic microangiopathy,CCR2,ENSG00000121807,0.0719
MONDO_0019737,thrombotic microangiopathy,HPRT1,ENSG00000165704,0.0717
MONDO_0019737,thrombotic microangiopathy,CD59,ENSG00000085063,0.0715
MONDO_0019737,thrombotic microangiopathy,SLC6A18,ENSG00000164363,0.0714
MONDO_0019737,thrombotic microangiopathy,ADD2,ENSG00000075340,0.0714
MONDO_0019737,thrombotic microangiopathy,CD1D,ENSG00000158473,0.0713
MONDO_0019737,thrombotic microangiopathy,WDR83,ENSG00000123154,0.0712
MONDO_0019737,thrombotic microangiopathy,CDKN1C,ENSG00000129757,0.0712
MONDO_0019737,thrombotic microangiopathy,PTEN,ENSG00000171862,0.0711
MONDO_0019737,thrombotic microangiopathy,GAS6,ENSG00000183087,0.0709
MONDO_0019737,thrombotic microangiopathy,ABCC2,ENSG00000023839,0.0709
MONDO_0019737,thrombotic microangiopathy,RXFP4,ENSG00000173080,0.0708
MONDO_0019737,thrombotic microangiopathy,CD47,ENSG00000196776,0.0708
MONDO_0019737,thrombotic microangiopathy,MAFB,ENSG00000204103,0.0706
MONDO_0019737,thrombotic microangiopathy,ITGA1,ENSG00000213949,0.0706
MONDO_0019737,thrombotic microangiopathy,LAIR1,ENSG00000167613,0.0706
MONDO_0019737,thrombotic microangiopathy,AKR1B1,ENSG00000085662,0.0703
MONDO_0019737,thrombotic microangiopathy,AGT,ENSG00000135744,0.0702
MONDO_0019737,thrombotic microangiopathy,CYP4A22,ENSG00000162365,0.0701
MONDO_0019737,thrombotic microangiopathy,CYP4A11,ENSG00000187048,0.0701
MONDO_0019737,thrombotic microangiopathy,KIRREL1,ENSG00000183853,0.0701
MONDO_0019737,thrombotic microangiopathy,CFHR2,ENSG00000080910,0.07
MONDO_0019737,thrombotic microangiopathy,SLC14A2,ENSG00000132874,0.07
MONDO_0019737,thrombotic microangiopathy,RIPK3,ENSG00000129465,0.0699
MONDO_0019737,thrombotic microangiopathy,APRT,ENSG00000198931,0.0698
MONDO_0019737,thrombotic microangiopathy,MEP1B,ENSG00000141434,0.0698
MONDO_0019737,thrombotic microangiopathy,SERPINE1,ENSG00000106366,0.0697
MONDO_0019737,thrombotic microangiopathy,ANK1,ENSG00000029534,0.0696
MONDO_0019737,thrombotic microangiopathy,CR1L,ENSG00000197721,0.0696
MONDO_0019737,thrombotic microangiopathy,HPR,ENSG00000261701,0.0695
MONDO_0019737,thrombotic microangiopathy,CCR1,ENSG00000163823,0.0694
MONDO_0019737,thrombotic microangiopathy,CD44,ENSG00000026508,0.0693
MONDO_0019737,thrombotic microangiopathy,SERPINB2,ENSG00000197632,0.0689
MONDO_0019737,thrombotic microangiopathy,FCGR2B,ENSG00000072694,0.0689
MONDO_0019737,thrombotic microangiopathy,UPK3A,ENSG00000100373,0.0688
MONDO_0019737,thrombotic microangiopathy,ERMP1,ENSG00000099219,0.0688
MONDO_0019737,thrombotic microangiopathy,BRCC3,ENSG00000185515,0.0688
MONDO_0019737,thrombotic microangiopathy,CD274,ENSG00000120217,0.0687
MONDO_0019737,thrombotic microangiopathy,LGMN,ENSG00000100600,0.0686
MONDO_0019737,thrombotic microangiopathy,MAN2A1,ENSG00000112893,0.0686
MONDO_0019737,thrombotic microangiopathy,CYP4F12,ENSG00000186204,0.0686
MONDO_0019737,thrombotic microangiopathy,CYP4F11,ENSG00000171903,0.0686
MONDO_0019737,thrombotic microangiopathy,CLCNKB,ENSG00000184908,0.0685
MONDO_0019737,thrombotic microangiopathy,CLCNKA,ENSG00000186510,0.0685
MONDO_0019737,thrombotic microangiopathy,SLC22A12,ENSG00000197891,0.0685
MONDO_0019737,thrombotic microangiopathy,ADCY6,ENSG00000174233,0.0683
MONDO_0019737,thrombotic microangiopathy,ABCG2,ENSG00000118777,0.0683
MONDO_0019737,thrombotic microangiopathy,AGXT,ENSG00000172482,0.0682
MONDO_0019737,thrombotic microangiopathy,SPTA1,ENSG00000163554,0.0681
MONDO_0019737,thrombotic microangiopathy,PROCR,ENSG00000101000,0.0681
MONDO_0019737,thrombotic microangiopathy,RC3H1,ENSG00000135870,0.0681
MONDO_0019737,thrombotic microangiopathy,CAV1,ENSG00000105974,0.0681
MONDO_0019737,thrombotic microangiopathy,B4GALT1,ENSG00000086062,0.068
MONDO_0019737,thrombotic microangiopathy,PTPN22,ENSG00000134242,0.0679
MONDO_0019737,thrombotic microangiopathy,NR3C2,ENSG00000151623,0.0678
MONDO_0019737,thrombotic microangiopathy,CORO1C,ENSG00000110880,0.0678
MONDO_0019737,thrombotic microangiopathy,GALNT3,ENSG00000115339,0.0676
MONDO_0019737,thrombotic microangiopathy,SRSF9,ENSG00000111786,0.0676
MONDO_0019737,thrombotic microangiopathy,RHOF,ENSG00000139725,0.0676
MONDO_0019737,thrombotic microangiopathy,KCTD2,ENSG00000180901,0.0676
MONDO_0019737,thrombotic microangiopathy,C16orf86,ENSG00000159761,0.0676
MONDO_0019737,thrombotic microangiopathy,KCNIP4,ENSG00000185774,0.0676
MONDO_0019737,thrombotic microangiopathy,PIK3C2A,ENSG00000011405,0.0675
MONDO_0019737,thrombotic microangiopathy,LIF,ENSG00000128342,0.0674
MONDO_0019737,thrombotic microangiopathy,FSBP,ENSG00000265817,0.0674
MONDO_0019737,thrombotic microangiopathy,SMAD3,ENSG00000166949,0.0674
MONDO_0019737,thrombotic microangiopathy,COLEC11,ENSG00000118004,0.0674
MONDO_0019737,thrombotic microangiopathy,LYN,ENSG00000254087,0.0673
MONDO_0019737,thrombotic microangiopathy,SLC14A1,ENSG00000141469,0.067
MONDO_0019737,thrombotic microangiopathy,NPHP3-ACAD11,ENSG00000274810,0.0669
MONDO_0019737,thrombotic microangiopathy,NFE2L2,ENSG00000116044,0.0669
MONDO_0019737,thrombotic microangiopathy,SGK1,ENSG00000118515,0.0668
MONDO_0019737,thrombotic microangiopathy,HAVCR2,ENSG00000135077,0.0668
MONDO_0019737,thrombotic microangiopathy,AGTR1,ENSG00000144891,0.0667
MONDO_0019737,thrombotic microangiopathy,GRN,ENSG00000030582,0.0665
MONDO_0019737,thrombotic microangiopathy,BSG,ENSG00000172270,0.0663
MONDO_0019737,thrombotic microangiopathy,CYBB,ENSG00000165168,0.0661
MONDO_0019737,thrombotic microangiopathy,DDR1,ENSG00000204580,0.0661
MONDO_0019737,thrombotic microangiopathy,GSK3B,ENSG00000082701,0.066
MONDO_0019737,thrombotic microangiopathy,SIRPA,ENSG00000198053,0.0659
MONDO_0019737,thrombotic microangiopathy,HTR3A,ENSG00000166736,0.0659
MONDO_0019737,thrombotic microangiopathy,BDKRB2,ENSG00000168398,0.0659
MONDO_0019737,thrombotic microangiopathy,MOCOS,ENSG00000075643,0.0658
MONDO_0019737,thrombotic microangiopathy,NPR3,ENSG00000113389,0.0658
MONDO_0019737,thrombotic microangiopathy,SPSB2,ENSG00000111671,0.0657
MONDO_0019737,thrombotic microangiopathy,CYP3A5,ENSG00000106258,0.0657
MONDO_0019737,thrombotic microangiopathy,CYP3A43,ENSG00000021461,0.0657
MONDO_0019737,thrombotic microangiopathy,CHRAC1,ENSG00000104472,0.0656
MONDO_0019737,thrombotic microangiopathy,ADORA1,ENSG00000163485,0.0656
MONDO_0019737,thrombotic microangiopathy,RTN3,ENSG00000133318,0.0655
MONDO_0019737,thrombotic microangiopathy,NSUN5P2,ENSG00000106133,0.0655
MONDO_0019737,thrombotic microangiopathy,NSUN5,ENSG00000130305,0.0655
MONDO_0019737,thrombotic microangiopathy,PACSIN2,ENSG00000100266,0.0654
MONDO_0019737,thrombotic microangiopathy,MEG3,ENSG00000214548,0.0653
MONDO_0019737,thrombotic microangiopathy,TPI1,ENSG00000111669,0.0652
MONDO_0019737,thrombotic microangiopathy,AQP7B,ENSG00000259916,0.0652
MONDO_0019737,thrombotic microangiopathy,AQP7,ENSG00000165269,0.0652
MONDO_0019737,thrombotic microangiopathy,AQP7P3,ENSG00000279688,0.0652
MONDO_0019737,thrombotic microangiopathy,SUCNR1,ENSG00000198829,0.0651
MONDO_0019737,thrombotic microangiopathy,RSAD2,ENSG00000134321,0.065
MONDO_0019737,thrombotic microangiopathy,SIRT7,ENSG00000187531,0.065
MONDO_0019737,thrombotic microangiopathy,C4A,ENSG00000244731,0.065
MONDO_0019737,thrombotic microangiopathy,MTOR,ENSG00000198793,0.065
MONDO_0019737,thrombotic microangiopathy,ZNF219,ENSG00000165804,0.0648
MONDO_0019737,thrombotic microangiopathy,AQP4,ENSG00000171885,0.0646
MONDO_0019737,thrombotic microangiopathy,PHEX,ENSG00000102174,0.0646
MONDO_0019737,thrombotic microangiopathy,SCTR,ENSG00000080293,0.0646
MONDO_0019737,thrombotic microangiopathy,BSND,ENSG00000162399,0.0645
MONDO_0019737,thrombotic microangiopathy,LMX1B,ENSG00000136944,0.0644
MONDO_0019737,thrombotic microangiopathy,NPPA,ENSG00000175206,0.0643
MONDO_0019737,thrombotic microangiopathy,UPK2,ENSG00000110375,0.0643
MONDO_0019737,thrombotic microangiopathy,SLC28A1,ENSG00000156222,0.0642
MONDO_0019737,thrombotic microangiopathy,FECH,ENSG00000066926,0.0641
MONDO_0019737,thrombotic microangiopathy,CD72,ENSG00000137101,0.0641
MONDO_0019737,thrombotic microangiopathy,CX3CR1,ENSG00000168329,0.0641
MONDO_0019737,thrombotic microangiopathy,MYO9A,ENSG00000066933,0.064
MONDO_0019737,thrombotic microangiopathy,TNFAIP3,ENSG00000118503,0.064
MONDO_0019737,thrombotic microangiopathy,STAT4,ENSG00000138378,0.064
MONDO_0019737,thrombotic microangiopathy,AGPAT1,ENSG00000204310,0.0639
MONDO_0019737,thrombotic microangiopathy,ADORA3,ENSG00000282608,0.0639
MONDO_0019737,thrombotic microangiopathy,WNK4,ENSG00000126562,0.0639
MONDO_0019737,thrombotic microangiopathy,FAH,ENSG00000103876,0.0638
MONDO_0019737,thrombotic microangiopathy,TNS1,ENSG00000079308,0.0636
MONDO_0019737,thrombotic microangiopathy,IL2,ENSG00000109471,0.0635
MONDO_0019737,thrombotic microangiopathy,ABCB4,ENSG00000005471,0.0634
MONDO_0019737,thrombotic microangiopathy,SLC4A5,ENSG00000188687,0.0634
MONDO_0019737,thrombotic microangiopathy,AQP2,ENSG00000167580,0.0634
MONDO_0019737,thrombotic microangiopathy,ARHGDIA,ENSG00000141522,0.0634
MONDO_0019737,thrombotic microangiopathy,MMUT,ENSG00000146085,0.0633
MONDO_0019737,thrombotic microangiopathy,VEGFA,ENSG00000112715,0.0632
MONDO_0019737,thrombotic microangiopathy,SPTB,ENSG00000070182,0.0632
MONDO_0019737,thrombotic microangiopathy,HNF1A,ENSG00000135100,0.0631
MONDO_0019737,thrombotic microangiopathy,GRHPR,ENSG00000137106,0.0631
MONDO_0019737,thrombotic microangiopathy,SLC12A3,ENSG00000070915,0.0631
MONDO_0019737,thrombotic microangiopathy,AIF1,ENSG00000204472,0.0629
MONDO_0019737,thrombotic microangiopathy,CLEC10A,ENSG00000132514,0.0628
MONDO_0019737,thrombotic microangiopathy,ATP6V1B1,ENSG00000116039,0.0628
MONDO_0019737,thrombotic microangiopathy,XDH,ENSG00000158125,0.0627
MONDO_0019737,thrombotic microangiopathy,PTGS1,ENSG00000095303,0.0627
MONDO_0019737,thrombotic microangiopathy,SLC5A2,ENSG00000140675,0.0626
MONDO_0019737,thrombotic microangiopathy,STUB1,ENSG00000103266,0.0625
MONDO_0019737,thrombotic microangiopathy,PLA2G6,ENSG00000184381,0.0625
MONDO_0019737,thrombotic microangiopathy,SLC4A1,ENSG00000004939,0.0625
MONDO_0019737,thrombotic microangiopathy,KIT,ENSG00000157404,0.0624
MONDO_0019737,thrombotic microangiopathy,ZNF574,ENSG00000105732,0.0624
MONDO_0019737,thrombotic microangiopathy,AGTR2,ENSG00000180772,0.0623
MONDO_0019737,thrombotic microangiopathy,TNS2,ENSG00000111077,0.0623
MONDO_0019737,thrombotic microangiopathy,THUMPD3-AS1,ENSG00000206573,0.0623
MONDO_0019737,thrombotic microangiopathy,USP18,ENSG00000184979,0.0622
MONDO_0019737,thrombotic microangiopathy,USP41P,ENSG00000161133,0.0622
MONDO_0019737,thrombotic microangiopathy,ZNF880,ENSG00000221923,0.0621
MONDO_0019737,thrombotic microangiopathy,SCARF1,ENSG00000074660,0.0621
MONDO_0019737,thrombotic microangiopathy,ITGB3,ENSG00000259207,0.0621
MONDO_0019737,thrombotic microangiopathy,C9orf72,ENSG00000147894,0.062
MONDO_0019737,thrombotic microangiopathy,PLEK,ENSG00000115956,0.0619
MONDO_0019737,thrombotic microangiopathy,LYL1,ENSG00000104903,0.0619
MONDO_0019737,thrombotic microangiopathy,PRKAB1,ENSG00000111725,0.0618
MONDO_0019737,thrombotic microangiopathy,MIR204,ENSG00000207935,0.0618
MONDO_0019737,thrombotic microangiopathy,PTPRO,ENSG00000151490,0.0618
MONDO_0019737,thrombotic microangiopathy,DTNBP1,ENSG00000047579,0.0617
MONDO_0019737,thrombotic microangiopathy,TAL1,ENSG00000162367,0.0615
MONDO_0019737,thrombotic microangiopathy,GNB1L,ENSG00000185838,0.0615
MONDO_0019737,thrombotic microangiopathy,WDR1,ENSG00000071127,0.0615
MONDO_0019737,thrombotic microangiopathy,DLL1,ENSG00000198719,0.0615
MONDO_0019737,thrombotic microangiopathy,GATA5,ENSG00000130700,0.0614
MONDO_0019737,thrombotic microangiopathy,CLDN16,ENSG00000113946,0.0613
MONDO_0019737,thrombotic microangiopathy,INSR,ENSG00000171105,0.0611
MONDO_0019737,thrombotic microangiopathy,GSTM1,ENSG00000134184,0.0611
MONDO_0019737,thrombotic microangiopathy,FERRY3,ENSG00000047621,0.0611
MONDO_0019737,thrombotic microangiopathy,SLC5A10,ENSG00000154025,0.061
MONDO_0019737,thrombotic microangiopathy,HPS1,ENSG00000107521,0.061
MONDO_0019737,thrombotic microangiopathy,SUSD6,ENSG00000100647,0.061
MONDO_0019737,thrombotic microangiopathy,UNC93B1,ENSG00000110057,0.0609
MONDO_0019737,thrombotic microangiopathy,CYP2C23P,ENSG00000283232,0.0608
MONDO_0019737,thrombotic microangiopathy,PILRA,ENSG00000085514,0.0608
MONDO_0019737,thrombotic microangiopathy,PILRB,ENSG00000121716,0.0608
MONDO_0019737,thrombotic microangiopathy,FBXO42,ENSG00000037637,0.0607
MONDO_0019737,thrombotic microangiopathy,ERG,ENSG00000157554,0.0607
MONDO_0019737,thrombotic microangiopathy,MYD88,ENSG00000172936,0.0606
MONDO_0019737,thrombotic microangiopathy,HLA-DQB1,ENSG00000179344,0.0606
MONDO_0019737,thrombotic microangiopathy,BLOC1S5-TXNDC5,ENSG00000259040,0.0606
MONDO_0019737,thrombotic microangiopathy,BLOC1S5,ENSG00000188428,0.0606
MONDO_0019737,thrombotic microangiopathy,TNIP1,ENSG00000145901,0.0605
MONDO_0019737,thrombotic microangiopathy,PF4,ENSG00000163737,0.0605
MONDO_0019737,thrombotic microangiopathy,GPI,ENSG00000105220,0.0605
MONDO_0019737,thrombotic microangiopathy,STEAP3,ENSG00000115107,0.0604
MONDO_0019737,thrombotic microangiopathy,HK1,ENSG00000156515,0.0603
MONDO_0019737,thrombotic microangiopathy,BCR,ENSG00000186716,0.0603
MONDO_0019737,thrombotic microangiopathy,ZFP36L2,ENSG00000152518,0.0602
MONDO_0019737,thrombotic microangiopathy,TP73,ENSG00000078900,0.0602
MONDO_0019737,thrombotic microangiopathy,CASP3,ENSG00000164305,0.0601
MONDO_0019737,thrombotic microangiopathy,ATP11C,ENSG00000101974,0.0601
MONDO_0019737,thrombotic microangiopathy,PRF1,ENSG00000180644,0.0601
MONDO_0019737,thrombotic microangiopathy,BCL2L11,ENSG00000153094,0.0601
MONDO_0019737,thrombotic microangiopathy,SLC15A2,ENSG00000163406,0.0601
MONDO_0019737,thrombotic microangiopathy,PKD1,ENSG00000008710,0.06
MONDO_0019737,thrombotic microangiopathy,CLTRN,ENSG00000147003,0.06
MONDO_0019737,thrombotic microangiopathy,KCNJ1,ENSG00000151704,0.0599
MONDO_0019737,thrombotic microangiopathy,HBA2,ENSG00000188536,0.0599
MONDO_0019737,thrombotic microangiopathy,HBA1,ENSG00000206172,0.0599
MONDO_0019737,thrombotic microangiopathy,BIVM-ERCC5,ENSG00000270181,0.0599
MONDO_0019737,thrombotic microangiopathy,BIVM,ENSG00000134897,0.0599
MONDO_0019737,thrombotic microangiopathy,ERCC5,ENSG00000134899,0.0599
MONDO_0019737,thrombotic microangiopathy,PKLR,ENSG00000143627,0.0598
MONDO_0019737,thrombotic microangiopathy,RHBDL2,ENSG00000158315,0.0597
MONDO_0019737,thrombotic microangiopathy,MTSS1,ENSG00000170873,0.0597
MONDO_0019737,thrombotic microangiopathy,STK39,ENSG00000198648,0.0597
MONDO_0019737,thrombotic microangiopathy,PARP1,ENSG00000143799,0.0594
MONDO_0019737,thrombotic microangiopathy,SLC29A3,ENSG00000198246,0.0593
MONDO_0019737,thrombotic microangiopathy,EPB41,ENSG00000159023,0.0592
MONDO_0019737,thrombotic microangiopathy,MAP3K15,ENSG00000180815,0.0591
MONDO_0019737,thrombotic microangiopathy,MOCS2,ENSG00000164172,0.0591
MONDO_0019737,thrombotic microangiopathy,PKHD1,ENSG00000170927,0.0591
MONDO_0019737,thrombotic microangiopathy,GPR4,ENSG00000177464,0.0591
MONDO_0019737,thrombotic microangiopathy,NT5E,ENSG00000135318,0.0591
MONDO_0019737,thrombotic microangiopathy,SGPL1,ENSG00000166224,0.0588
MONDO_0019737,thrombotic microangiopathy,SLC26A1,ENSG00000145217,0.0588
MONDO_0019737,thrombotic microangiopathy,PLD3,ENSG00000105223,0.0587
MONDO_0019737,thrombotic microangiopathy,BAK1,ENSG00000030110,0.0587
MONDO_0019737,thrombotic microangiopathy,PRKAG1,ENSG00000181929,0.0586
MONDO_0019737,thrombotic microangiopathy,MPV17,ENSG00000115204,0.0586
MONDO_0019737,thrombotic microangiopathy,PAX2,ENSG00000075891,0.0586
MONDO_0019737,thrombotic microangiopathy,CD70,ENSG00000125726,0.0585
MONDO_0019737,thrombotic microangiopathy,RRAGC,ENSG00000116954,0.0585
MONDO_0019737,thrombotic microangiopathy,KLHL2,ENSG00000109466,0.0584
MONDO_0019737,thrombotic microangiopathy,LRRC55,ENSG00000183908,0.0584
MONDO_0019737,thrombotic microangiopathy,KCNMA1,ENSG00000156113,0.0584
MONDO_0019737,thrombotic microangiopathy,AMPD2,ENSG00000116337,0.0583
MONDO_0019737,thrombotic microangiopathy,NOS3,ENSG00000164867,0.0583
MONDO_0019737,thrombotic microangiopathy,TBC1D22A,ENSG00000054611,0.0583
MONDO_0019737,thrombotic microangiopathy,SLC13A1,ENSG00000081800,0.0582
MONDO_0019737,thrombotic microangiopathy,NTN4,ENSG00000074527,0.0582
MONDO_0019737,thrombotic microangiopathy,UROS,ENSG00000188690,0.0582
MONDO_0019737,thrombotic microangiopathy,PDE1A,ENSG00000115252,0.0581
MONDO_0019737,thrombotic microangiopathy,CXCR2,ENSG00000180871,0.0581
MONDO_0019737,thrombotic microangiopathy,WWTR1,ENSG00000018408,0.058
MONDO_0019737,thrombotic microangiopathy,CD55,ENSG00000196352,0.0579
MONDO_0019737,thrombotic microangiopathy,ASL,ENSG00000126522,0.0578
MONDO_0019737,thrombotic microangiopathy,LDHA,ENSG00000134333,0.0577
MONDO_0019737,thrombotic microangiopathy,ADIPOQ,ENSG00000181092,0.0577
MONDO_0019737,thrombotic microangiopathy,VAV2,ENSG00000160293,0.0577
MONDO_0019737,thrombotic microangiopathy,IRF4,ENSG00000137265,0.0577
MONDO_0019737,thrombotic microangiopathy,KCNK1,ENSG00000135750,0.0577
MONDO_0019737,thrombotic microangiopathy,DRD5,ENSG00000169676,0.0576
MONDO_0019737,thrombotic microangiopathy,PKD2,ENSG00000118762,0.0576
MONDO_0019737,thrombotic microangiopathy,KCNK5,ENSG00000164626,0.0575
MONDO_0019737,thrombotic microangiopathy,SIRPG,ENSG00000089012,0.0575
MONDO_0019737,thrombotic microangiopathy,SIRPB1,ENSG00000101307,0.0575
MONDO_0019737,thrombotic microangiopathy,CLDN17,ENSG00000156282,0.0575
MONDO_0019737,thrombotic microangiopathy,EPHX1,ENSG00000143819,0.0574
MONDO_0019737,thrombotic microangiopathy,TBX21,ENSG00000073861,0.0574
MONDO_0019737,thrombotic microangiopathy,VAV3,ENSG00000134215,0.0573
MONDO_0019737,thrombotic microangiopathy,NFAT5,ENSG00000102908,0.0573
MONDO_0019737,thrombotic microangiopathy,EVL,ENSG00000196405,0.0573
MONDO_0019737,thrombotic microangiopathy,HMOX1,ENSG00000100292,0.0571
MONDO_0019737,thrombotic microangiopathy,SMC5,ENSG00000198887,0.0571
MONDO_0019737,thrombotic microangiopathy,GP5,ENSG00000178732,0.0571
MONDO_0019737,thrombotic microangiopathy,MIR142,ENSG00000284353,0.0571
MONDO_0019737,thrombotic microangiopathy,ABCG8,ENSG00000143921,0.0571
MONDO_0019737,thrombotic microangiopathy,HLA-DQB2,ENSG00000232629,0.0571
MONDO_0019737,thrombotic microangiopathy,DNTTIP1,ENSG00000101457,0.057
MONDO_0019737,thrombotic microangiopathy,RDH16,ENSG00000139547,0.057
MONDO_0019737,thrombotic microangiopathy,ETV6,ENSG00000139083,0.057
MONDO_0019737,thrombotic microangiopathy,GRM1,ENSG00000152822,0.057
MONDO_0019737,thrombotic microangiopathy,LYPD2,ENSG00000197353,0.057
MONDO_0019737,thrombotic microangiopathy,ZNF34,ENSG00000196378,0.057
MONDO_0019737,thrombotic microangiopathy,FGL2,ENSG00000127951,0.057
MONDO_0019737,thrombotic microangiopathy,BICC1,ENSG00000122870,0.0569
MONDO_0019737,thrombotic microangiopathy,TIPARP,ENSG00000163659,0.0569
MONDO_0019737,thrombotic microangiopathy,KLF1,ENSG00000105610,0.0569
MONDO_0019737,thrombotic microangiopathy,PIP4K2C,ENSG00000166908,0.0568
MONDO_0019737,thrombotic microangiopathy,EXOC6,ENSG00000138190,0.0568
MONDO_0019737,thrombotic microangiopathy,ZSCAN10,ENSG00000130182,0.0567
MONDO_0019737,thrombotic microangiopathy,TFAP2B,ENSG00000008196,0.0567
MONDO_0019737,thrombotic microangiopathy,AVPR2,ENSG00000126895,0.0567
MONDO_0019737,thrombotic microangiopathy,SLC6A19,ENSG00000174358,0.0566
MONDO_0019737,thrombotic microangiopathy,NEDD4L,ENSG00000049759,0.0566
MONDO_0019737,thrombotic microangiopathy,AQP3,ENSG00000165272,0.0565
MONDO_0019737,thrombotic microangiopathy,LCN2,ENSG00000148346,0.0565
MONDO_0019737,thrombotic microangiopathy,TLR4,ENSG00000136869,0.0564
MONDO_0019737,thrombotic microangiopathy,PDSS2,ENSG00000164494,0.0564
MONDO_0019737,thrombotic microangiopathy,NUDT15,ENSG00000136159,0.0564
MONDO_0019737,thrombotic microangiopathy,PTGER3,ENSG00000050628,0.0564
MONDO_0019737,thrombotic microangiopathy,CTSA,ENSG00000064601,0.0563
MONDO_0019737,thrombotic microangiopathy,HSPA4L,ENSG00000164070,0.0563
MONDO_0019737,thrombotic microangiopathy,TREML1,ENSG00000161911,0.0562
MONDO_0019737,thrombotic microangiopathy,MYB,ENSG00000118513,0.0562
MONDO_0019737,thrombotic microangiopathy,USP6,ENSG00000129204,0.0562
MONDO_0019737,thrombotic microangiopathy,USP32,ENSG00000170832,0.0562
MONDO_0019737,thrombotic microangiopathy,HERC6,ENSG00000138642,0.0561
MONDO_0019737,thrombotic microangiopathy,CYS1,ENSG00000205795,0.056
MONDO_0019737,thrombotic microangiopathy,FOXC2,ENSG00000176692,0.056
MONDO_0019737,thrombotic microangiopathy,HIPK3,ENSG00000110422,0.056
MONDO_0019737,thrombotic microangiopathy,CD5,ENSG00000110448,0.056
MONDO_0019737,thrombotic microangiopathy,SLC4A4,ENSG00000080493,0.056
MONDO_0019737,thrombotic microangiopathy,PDGFC,ENSG00000145431,0.0559
MONDO_0019737,thrombotic microangiopathy,SLC16A10,ENSG00000112394,0.0559
MONDO_0019737,thrombotic microangiopathy,GALNT11,ENSG00000178234,0.0559
MONDO_0019737,thrombotic microangiopathy,BPGM,ENSG00000172331,0.0559
MONDO_0019737,thrombotic microangiopathy,PIEZO1,ENSG00000103335,0.0558
MONDO_0019737,thrombotic microangiopathy,RET,ENSG00000165731,0.0558
MONDO_0019737,thrombotic microangiopathy,PDC,ENSG00000116703,0.0558
MONDO_0019737,thrombotic microangiopathy,SNCA,ENSG00000145335,0.0558
MONDO_0019737,thrombotic microangiopathy,COL18A1,ENSG00000182871,0.0558
MONDO_0019737,thrombotic microangiopathy,LACTB,ENSG00000103642,0.0557
MONDO_0019737,thrombotic microangiopathy,IRF8,ENSG00000140968,0.0557
MONDO_0019737,thrombotic microangiopathy,S100A8,ENSG00000143546,0.0557
MONDO_0019737,thrombotic microangiopathy,MFSD2B,ENSG00000205639,0.0557
MONDO_0019737,thrombotic microangiopathy,TSPAN32,ENSG00000064201,0.0556
MONDO_0019737,thrombotic microangiopathy,RPL17,ENSG00000265681,0.0554
MONDO_0019737,thrombotic microangiopathy,PRKDC,ENSG00000253729,0.0554
MONDO_0019737,thrombotic microangiopathy,NPHP1,ENSG00000144061,0.0553
MONDO_0019737,thrombotic microangiopathy,STK24,ENSG00000102572,0.0553
MONDO_0019737,thrombotic microangiopathy,NMNAT3,ENSG00000163864,0.0553
MONDO_0019737,thrombotic microangiopathy,APCS,ENSG00000132703,0.0552
MONDO_0019737,thrombotic microangiopathy,SUGCT,ENSG00000175600,0.0552
MONDO_0019737,thrombotic microangiopathy,GSTZ1,ENSG00000100577,0.0552
MONDO_0019737,thrombotic microangiopathy,GIPC3,ENSG00000179855,0.0552
MONDO_0019737,thrombotic microangiopathy,FAN1,ENSG00000198690,0.0551
MONDO_0019737,thrombotic microangiopathy,SERPINA3,ENSG00000196136,0.0551
MONDO_0019737,thrombotic microangiopathy,COG6,ENSG00000133103,0.0551
MONDO_0019737,thrombotic microangiopathy,KNSTRN,ENSG00000128944,0.055
MONDO_0019737,thrombotic microangiopathy,ALMS1,ENSG00000116127,0.055
MONDO_0019737,thrombotic microangiopathy,KCNE2,ENSG00000159197,0.0549
MONDO_0019737,thrombotic microangiopathy,PROS1,ENSG00000184500,0.0549
MONDO_0019737,thrombotic microangiopathy,RHPN1,ENSG00000158106,0.0549
MONDO_0019737,thrombotic microangiopathy,ABCG5,ENSG00000138075,0.0549
MONDO_0019737,thrombotic microangiopathy,PPP2R2B,ENSG00000156475,0.0547
MONDO_0019737,thrombotic microangiopathy,URAHP,ENSG00000222019,0.0547
MONDO_0019737,thrombotic microangiopathy,PRKAG2,ENSG00000106617,0.0547
MONDO_0019737,thrombotic microangiopathy,CLK1,ENSG00000013441,0.0546
MONDO_0019737,thrombotic microangiopathy,PPP1R15A,ENSG00000087074,0.0546
MONDO_0019737,thrombotic microangiopathy,SLC6A6,ENSG00000131389,0.0545
MONDO_0019737,thrombotic microangiopathy,VSIG4,ENSG00000155659,0.0545
MONDO_0019737,thrombotic microangiopathy,ATP13A3,ENSG00000133657,0.0544
MONDO_0019737,thrombotic microangiopathy,TMEM127,ENSG00000135956,0.0543
MONDO_0019737,thrombotic microangiopathy,CEBPD,ENSG00000221869,0.0543
MONDO_0019737,thrombotic microangiopathy,PPBP,ENSG00000163736,0.0542
MONDO_0019737,thrombotic microangiopathy,TPH1,ENSG00000129167,0.054
MONDO_0019737,thrombotic microangiopathy,KCNJ10,ENSG00000177807,0.054
MONDO_0019737,thrombotic microangiopathy,SLC22A5,ENSG00000197375,0.0539
MONDO_0019737,thrombotic microangiopathy,CLEC4G,ENSG00000182566,0.0538
MONDO_0019737,thrombotic microangiopathy,ITCH,ENSG00000078747,0.0538
MONDO_0019737,thrombotic microangiopathy,CTH,ENSG00000116761,0.0538
MONDO_0019737,thrombotic microangiopathy,ADIPOR1,ENSG00000159346,0.0538
MONDO_0019737,thrombotic microangiopathy,GRAMD1C,ENSG00000178075,0.0538
MONDO_0019737,thrombotic microangiopathy,MYL12A,ENSG00000101608,0.0537
MONDO_0019737,thrombotic microangiopathy,MYL12B,ENSG00000118680,0.0537
MONDO_0019737,thrombotic microangiopathy,MTUS1,ENSG00000129422,0.0537
MONDO_0019737,thrombotic microangiopathy,ATG4B,ENSG00000168397,0.0537
MONDO_0019737,thrombotic microangiopathy,ERMN,ENSG00000136541,0.0536
MONDO_0019737,thrombotic microangiopathy,PF4V1,ENSG00000109272,0.0535
MONDO_0019737,thrombotic microangiopathy,METTL5,ENSG00000138382,0.0534
MONDO_0019737,thrombotic microangiopathy,PGM3,ENSG00000013375,0.0534
MONDO_0019737,thrombotic microangiopathy,FGA,ENSG00000171560,0.0534
MONDO_0019737,thrombotic microangiopathy,SLC26A4,ENSG00000091137,0.0534
MONDO_0019737,thrombotic microangiopathy,CLDN7,ENSG00000181885,0.0531
MONDO_0019737,thrombotic microangiopathy,ADM,ENSG00000148926,0.0531
MONDO_0019737,thrombotic microangiopathy,GNA11,ENSG00000088256,0.053
MONDO_0019737,thrombotic microangiopathy,LAMA4,ENSG00000112769,0.053
MONDO_0019737,thrombotic microangiopathy,MYBBP1A,ENSG00000132382,0.053
MONDO_0019737,thrombotic microangiopathy,CIMIP2B,ENSG00000215187,0.0529
MONDO_0019737,thrombotic microangiopathy,ATP8B1,ENSG00000081923,0.0528
MONDO_0019737,thrombotic microangiopathy,PDGFB,ENSG00000100311,0.0528
MONDO_0019737,thrombotic microangiopathy,PTPRC,ENSG00000081237,0.0528
MONDO_0019737,thrombotic microangiopathy,SCARB2,ENSG00000138760,0.0527
MONDO_0019737,thrombotic microangiopathy,PLD4,ENSG00000166428,0.0527
MONDO_0019737,thrombotic microangiopathy,GOLT1A,ENSG00000174567,0.0527
MONDO_0019737,thrombotic microangiopathy,MSN,ENSG00000147065,0.0526
MONDO_0019737,thrombotic microangiopathy,NCKAP1L,ENSG00000123338,0.0526
MONDO_0019737,thrombotic microangiopathy,KLHL3,ENSG00000146021,0.0525
MONDO_0019737,thrombotic microangiopathy,LY6G6D,ENSG00000244355,0.0525
MONDO_0019737,thrombotic microangiopathy,ARPC1B,ENSG00000130429,0.0525
MONDO_0019737,thrombotic microangiopathy,CLPP,ENSG00000125656,0.0524
MONDO_0019737,thrombotic microangiopathy,HYAL2,ENSG00000068001,0.0524
MONDO_0019737,thrombotic microangiopathy,TSPAN33,ENSG00000158457,0.0524
MONDO_0019737,thrombotic microangiopathy,HPSE2,ENSG00000172987,0.0524
MONDO_0019737,thrombotic microangiopathy,NFYA,ENSG00000001167,0.0523
MONDO_0019737,thrombotic microangiopathy,C4B,ENSG00000224389,0.0523
MONDO_0019737,thrombotic microangiopathy,GIMAP5,ENSG00000196329,0.0523
MONDO_0019737,thrombotic microangiopathy,GIMAP1-GIMAP5,ENSG00000281887,0.0523
MONDO_0019737,thrombotic microangiopathy,KCNN4,ENSG00000104783,0.0522
MONDO_0019737,thrombotic microangiopathy,FBXO10,ENSG00000147912,0.0522
MONDO_0019737,thrombotic microangiopathy,EFTUD2,ENSG00000108883,0.0521
MONDO_0019737,thrombotic microangiopathy,TMEM174,ENSG00000164325,0.052
MONDO_0019737,thrombotic microangiopathy,PLCG2,ENSG00000197943,0.052
MONDO_0019737,thrombotic microangiopathy,TULP3,ENSG00000078246,0.052
MONDO_0019737,thrombotic microangiopathy,WDR53,ENSG00000185798,0.0518
MONDO_0019737,thrombotic microangiopathy,WNT4,ENSG00000162552,0.0518
MONDO_0019737,thrombotic microangiopathy,TMEM218,ENSG00000150433,0.0518
MONDO_0019737,thrombotic microangiopathy,USP33,ENSG00000077254,0.0516
MONDO_0019737,thrombotic microangiopathy,BCL2L15,ENSG00000188761,0.0516
MONDO_0019737,thrombotic microangiopathy,SPNS2,ENSG00000183018,0.0516
MONDO_0019737,thrombotic microangiopathy,GEN1,ENSG00000178295,0.0515
MONDO_0019737,thrombotic microangiopathy,TXNIP,ENSG00000265972,0.0515
MONDO_0019737,thrombotic microangiopathy,ITGB2,ENSG00000160255,0.0512
MONDO_0019737,thrombotic microangiopathy,LAT,ENSG00000213658,0.0511
MONDO_0019737,thrombotic microangiopathy,SLC46A1,ENSG00000076351,0.0511
MONDO_0019737,thrombotic microangiopathy,CYP19A1,ENSG00000137869,0.0511
MONDO_0019737,thrombotic microangiopathy,ADD1,ENSG00000087274,0.0509
MONDO_0019737,thrombotic microangiopathy,HLA-DRB1,ENSG00000196126,0.0509
MONDO_0019737,thrombotic microangiopathy,TLK1,ENSG00000198586,0.0509
MONDO_0019737,thrombotic microangiopathy,ARHGEF2,ENSG00000116584,0.0509
MONDO_0019737,thrombotic microangiopathy,SLFN14,ENSG00000236320,0.0508
MONDO_0019737,thrombotic microangiopathy,FCGR2C,ENSG00000244682,0.0508
MONDO_0019737,thrombotic microangiopathy,TTC7A,ENSG00000068724,0.0508
MONDO_0019737,thrombotic microangiopathy,GPR146,ENSG00000164849,0.0507
MONDO_0019737,thrombotic microangiopathy,ANKRD44,ENSG00000065413,0.0507
MONDO_0019737,thrombotic microangiopathy,PYHIN1,ENSG00000163564,0.0507
MONDO_0019737,thrombotic microangiopathy,OXR1,ENSG00000164830,0.0507
MONDO_0019737,thrombotic microangiopathy,MAPDA,ENSG00000168803,0.0507
MONDO_0019737,thrombotic microangiopathy,GRIN1,ENSG00000176884,0.0507
MONDO_0019737,thrombotic microangiopathy,MNDA,ENSG00000163563,0.0507
MONDO_0019737,thrombotic microangiopathy,SRCAP,ENSG00000080603,0.0507
MONDO_0019737,thrombotic microangiopathy,AQP12A,ENSG00000184945,0.0507
MONDO_0019737,thrombotic microangiopathy,LAMC3,ENSG00000050555,0.0507
MONDO_0019737,thrombotic microangiopathy,AKAP8L,ENSG00000011243,0.0507
MONDO_0019737,thrombotic microangiopathy,AQP12B,ENSG00000185176,0.0507
MONDO_0019737,thrombotic microangiopathy,ZNF496,ENSG00000162714,0.0507
MONDO_0019737,thrombotic microangiopathy,VLDLR,ENSG00000147852,0.0507
MONDO_0019737,thrombotic microangiopathy,NEK8,ENSG00000160602,0.0507
MONDO_0019737,thrombotic microangiopathy,MUC2,ENSG00000198788,0.0507
MONDO_0019737,thrombotic microangiopathy,TLR2,ENSG00000137462,0.0506
MONDO_0019737,thrombotic microangiopathy,SLCO1B3,ENSG00000111700,0.0506
MONDO_0019737,thrombotic microangiopathy,OIT3,ENSG00000138315,0.0506
MONDO_0019737,thrombotic microangiopathy,BACH2,ENSG00000112182,0.0506
MONDO_0019737,thrombotic microangiopathy,GATA3,ENSG00000107485,0.0505
MONDO_0019737,thrombotic microangiopathy,GATM,ENSG00000171766,0.0504
MONDO_0019737,thrombotic microangiopathy,HDDC2,ENSG00000111906,0.0504
MONDO_0019737,thrombotic microangiopathy,SH3TC1,ENSG00000125089,0.0503
MONDO_0019737,thrombotic microangiopathy,GPR68,ENSG00000119714,0.0503
MONDO_0019737,thrombotic microangiopathy,SLCO1B7,ENSG00000205754,0.0502
MONDO_0019737,thrombotic microangiopathy,SLCO1B1,ENSG00000134538,0.0502
MONDO_0019737,thrombotic microangiopathy,SLCO1B3-SLCO1B7,ENSG00000257046,0.0502
MONDO_0019737,thrombotic microangiopathy,DPH6,ENSG00000134146,0.0502
MONDO_0019737,thrombotic microangiopathy,HS3ST3A1,ENSG00000153976,0.0502
MONDO_0019737,thrombotic microangiopathy,LCA5L,ENSG00000157578,0.0501
MONDO_0019737,thrombotic microangiopathy,INPP5D,ENSG00000168918,0.0501
MONDO_0019737,thrombotic microangiopathy,LCP1,ENSG00000136167,0.0501
MONDO_0019737,thrombotic microangiopathy,AGXT2,ENSG00000113492,0.05
MONDO_0019737,thrombotic microangiopathy,TNFRSF8,ENSG00000120949,0.05
MONDO_0018896,thrombotic thrombocytopenic purpura,ADAMTS13,ENSG00000160323,0.8736
MONDO_0018896,thrombotic thrombocytopenic purpura,VWF,ENSG00000110799,0.5788
MONDO_0018896,thrombotic thrombocytopenic purpura,MS4A1,ENSG00000156738,0.2956
MONDO_0018896,thrombotic thrombocytopenic purpura,PPIA,ENSG00000196262,0.2663
MONDO_0018896,thrombotic thrombocytopenic purpura,NR3C1,ENSG00000113580,0.2587
MONDO_0018896,thrombotic thrombocytopenic purpura,GP1BA,ENSG00000185245,0.0851
MONDO_0018896,thrombotic thrombocytopenic purpura,PGR,ENSG00000082175,0.0739
MONDO_0018896,thrombotic thrombocytopenic purpura,AR,ENSG00000169083,0.0739
MONDO_0018896,thrombotic thrombocytopenic purpura,C3,ENSG00000125730,0.0673
MONDO_0018896,thrombotic thrombocytopenic purpura,SPTA1,ENSG00000163554,0.0652
MONDO_0018896,thrombotic thrombocytopenic purpura,COL4A1,ENSG00000187498,0.0637
MONDO_0018896,thrombotic thrombocytopenic purpura,ANK1,ENSG00000029534,0.0615
MONDO_0018896,thrombotic thrombocytopenic purpura,KCTD1,ENSG00000134504,0.0599
MONDO_0018896,thrombotic thrombocytopenic purpura,ADD2,ENSG00000075340,0.0596
MONDO_0018896,thrombotic thrombocytopenic purpura,FECH,ENSG00000066926,0.0574
MONDO_0018896,thrombotic thrombocytopenic purpura,PDGFRB,ENSG00000113721,0.057
MONDO_0018896,thrombotic thrombocytopenic purpura,GSTM1,ENSG00000134184,0.057
MONDO_0018896,thrombotic thrombocytopenic purpura,UMOD,ENSG00000169344,0.0563
MONDO_0018896,thrombotic thrombocytopenic purpura,VEGFA,ENSG00000112715,0.0563
MONDO_0018896,thrombotic thrombocytopenic purpura,SLC12A1,ENSG00000074803,0.0561
MONDO_0018896,thrombotic thrombocytopenic purpura,CFH,ENSG00000000971,0.056
MONDO_0018896,thrombotic thrombocytopenic purpura,SPTB,ENSG00000070182,0.056
MONDO_0018896,thrombotic thrombocytopenic purpura,ABCB4,ENSG00000005471,0.0559
MONDO_0018896,thrombotic thrombocytopenic purpura,HNF1A,ENSG00000135100,0.0559
MONDO_0018896,thrombotic thrombocytopenic purpura,PRKAB1,ENSG00000111725,0.0552
MONDO_0018896,thrombotic thrombocytopenic purpura,AGT,ENSG00000135744,0.0552
MONDO_0018896,thrombotic thrombocytopenic purpura,COL4A4,ENSG00000081052,0.0551
MONDO_0018896,thrombotic thrombocytopenic purpura,ZNF880,ENSG00000221923,0.0548
MONDO_0018896,thrombotic thrombocytopenic purpura,DLL1,ENSG00000198719,0.0545
MONDO_0018896,thrombotic thrombocytopenic purpura,COL4A5,ENSG00000188153,0.0542
MONDO_0018896,thrombotic thrombocytopenic purpura,ZSCAN10,ENSG00000130182,0.0539
MONDO_0018896,thrombotic thrombocytopenic purpura,CYBB,ENSG00000165168,0.0534
MONDO_0018896,thrombotic thrombocytopenic purpura,NFE2L2,ENSG00000116044,0.0531
MONDO_0018896,thrombotic thrombocytopenic purpura,PTGS2,ENSG00000073756,0.0529
MONDO_0018896,thrombotic thrombocytopenic purpura,COL4A3,ENSG00000169031,0.0529
MONDO_0018896,thrombotic thrombocytopenic purpura,LIF,ENSG00000128342,0.0527
MONDO_0018896,thrombotic thrombocytopenic purpura,AGTR1,ENSG00000144891,0.0525
MONDO_0018896,thrombotic thrombocytopenic purpura,FOXP3,ENSG00000049768,0.0524
MONDO_0018896,thrombotic thrombocytopenic purpura,SLC4A1,ENSG00000004939,0.0523
MONDO_0018896,thrombotic thrombocytopenic purpura,RRM2B,ENSG00000048392,0.0521
MONDO_0018896,thrombotic thrombocytopenic purpura,SGPL1,ENSG00000166224,0.0518
MONDO_0018896,thrombotic thrombocytopenic purpura,PACSIN2,ENSG00000100266,0.0517
MONDO_0018896,thrombotic thrombocytopenic purpura,C1GALT1,ENSG00000106392,0.0517
MONDO_0018896,thrombotic thrombocytopenic purpura,NPHS2,ENSG00000116218,0.0516
MONDO_0018896,thrombotic thrombocytopenic purpura,ABCC2,ENSG00000023839,0.051
MONDO_0018896,thrombotic thrombocytopenic purpura,PLG,ENSG00000122194,0.0509
MONDO_0018896,thrombotic thrombocytopenic purpura,MAN2A1,ENSG00000112893,0.0507
MONDO_0018896,thrombotic thrombocytopenic purpura,VAV3,ENSG00000134215,0.0507
MONDO_0018896,thrombotic thrombocytopenic purpura,MYO1E,ENSG00000157483,0.0506
MONDO_0018896,thrombotic thrombocytopenic purpura,LAMA4,ENSG00000112769,0.0504
MONDO_0018896,thrombotic thrombocytopenic purpura,MOCS2,ENSG00000164172,0.0503
MONDO_0018896,thrombotic thrombocytopenic purpura,RASA3,ENSG00000185989,0.0502
MONDO_0018896,thrombotic thrombocytopenic purpura,CTSA,ENSG00000064601,0.0501
MONDO_0010122,congenital TTP,ADAMTS13,ENSG00000160323,0.8593
MONDO_0010122,congenital TTP,SPTA1,ENSG00000163554,0.0633
MONDO_0010122,congenital TTP,ANK1,ENSG00000029534,0.0592
MONDO_0010122,congenital TTP,UMOD,ENSG00000169344,0.0537
MONDO_0010122,congenital TTP,ABCB4,ENSG00000005471,0.0527
MONDO_0010122,congenital TTP,C3,ENSG00000125730,0.0519
MONDO_0010122,congenital TTP,SPTB,ENSG00000070182,0.0513
MONDO_0010122,congenital TTP,COL4A1,ENSG00000187498,0.0513
MONDO_0010122,congenital TTP,ADD2,ENSG00000075340,0.0512
MONDO_0010122,congenital TTP,ABCC2,ENSG00000023839,0.051
MONDO_0010122,congenital TTP,COL4A5,ENSG00000188153,0.0508
MONDO_0010122,congenital TTP,KCTD1,ENSG00000134504,0.0506
MONDO_0019740,acquired TTP,VWF,ENSG00000110799,0.2714
MONDO_0019740,acquired TTP,SPTA1,ENSG00000163554,0.0536
MONDO_0016244,atypical hemolytic-uremic syndrome,CFI,ENSG00000205403,0.8232
MONDO_0016244,atypical hemolytic-uremic syndrome,CD46,ENSG00000117335,0.8192
MONDO_0016244,atypical hemolytic-uremic syndrome,C3,ENSG00000125730,0.816
MONDO_0016244,atypical hemolytic-uremic syndrome,CFB,ENSG00000243649,0.8082
MONDO_0016244,atypical hemolytic-uremic syndrome,DGKE,ENSG00000153933,0.7682
MONDO_0016244,atypical hemolytic-uremic syndrome,CFH,ENSG00000000971,0.7522
MONDO_0016244,atypical hemolytic-uremic syndrome,THBD,ENSG00000178726,0.7505
MONDO_0016244,atypical hemolytic-uremic syndrome,C5,ENSG00000106804,0.5442
MONDO_0016244,atypical hemolytic-uremic syndrome,NNT,ENSG00000112992,0.4158
MONDO_0016244,atypical hemolytic-uremic syndrome,CFHR5,ENSG00000134389,0.4146
MONDO_0016244,atypical hemolytic-uremic syndrome,CFHR1,ENSG00000244414,0.3591
MONDO_0016244,atypical hemolytic-uremic syndrome,COL4A5,ENSG00000188153,0.3546
MONDO_0016244,atypical hemolytic-uremic syndrome,CFHR3,ENSG00000116785,0.3452
MONDO_0016244,atypical hemolytic-uremic syndrome,C1GALT1C1,ENSG00000171155,0.34
MONDO_0016244,atypical hemolytic-uremic syndrome,MMACHC,ENSG00000132763,0.3339
MONDO_0016244,atypical hemolytic-uremic syndrome,MASP2,ENSG00000009724,0.3325
MONDO_0016244,atypical hemolytic-uremic syndrome,ADAMTS13,ENSG00000160323,0.3125
MONDO_0016244,atypical hemolytic-uremic syndrome,SMARCAL1,ENSG00000138375,0.2883
MONDO_0016244,atypical hemolytic-uremic syndrome,HBB,ENSG00000244734,0.2661
MONDO_0016244,atypical hemolytic-uremic syndrome,NPHP3,ENSG00000113971,0.1349
MONDO_0016244,atypical hemolytic-uremic syndrome,TMEM67,ENSG00000164953,0.1183
MONDO_0016244,atypical hemolytic-uremic syndrome,CEP290,ENSG00000198707,0.1183
MONDO_0016244,atypical hemolytic-uremic syndrome,PLG,ENSG00000122194,0.1134
MONDO_0016244,atypical hemolytic-uremic syndrome,COL4A3,ENSG00000169031,0.0888
MONDO_0016244,atypical hemolytic-uremic syndrome,NPHS2,ENSG00000116218,0.0878
MONDO_0016244,atypical hemolytic-uremic syndrome,WT1,ENSG00000184937,0.0868
MONDO_0016244,atypical hemolytic-uremic syndrome,LAMA5,ENSG00000130702,0.0857
MONDO_0016244,atypical hemolytic-uremic syndrome,COL4A4,ENSG00000081052,0.0853
MONDO_0016244,atypical hemolytic-uremic syndrome,CD151,ENSG00000177697,0.0846
MONDO_0016244,atypical hemolytic-uremic syndrome,MAGI2,ENSG00000187391,0.0834
MONDO_0016244,atypical hemolytic-uremic syndrome,COL4A1,ENSG00000187498,0.0832
MONDO_0016244,atypical hemolytic-uremic syndrome,C1GALT1,ENSG00000106392,0.0824
MONDO_0016244,atypical hemolytic-uremic syndrome,UMOD,ENSG00000169344,0.0819
MONDO_0016244,atypical hemolytic-uremic syndrome,CCNI,ENSG00000118816,0.0816
MONDO_0016244,atypical hemolytic-uremic syndrome,MYO1E,ENSG00000157483,0.0814
MONDO_0016244,atypical hemolytic-uremic syndrome,GNE,ENSG00000159921,0.0802
MONDO_0016244,atypical hemolytic-uremic syndrome,PTGS2,ENSG00000073756,0.08
MONDO_0016244,atypical hemolytic-uremic syndrome,CD2AP,ENSG00000198087,0.0796
MONDO_0016244,atypical hemolytic-uremic syndrome,C5AR1,ENSG00000197405,0.079
MONDO_0016244,atypical hemolytic-uremic syndrome,SLC12A1,ENSG00000074803,0.0775
MONDO_0016244,atypical hemolytic-uremic syndrome,TNFAIP2,ENSG00000185215,0.0769
MONDO_0016244,atypical hemolytic-uremic syndrome,CLCN5,ENSG00000171365,0.0767
MONDO_0016244,atypical hemolytic-uremic syndrome,EMCN,ENSG00000164035,0.0767
MONDO_0016244,atypical hemolytic-uremic syndrome,SLC7A9,ENSG00000021488,0.0766
MONDO_0016244,atypical hemolytic-uremic syndrome,MAS1,ENSG00000130368,0.0762
MONDO_0016244,atypical hemolytic-uremic syndrome,GDNF,ENSG00000168621,0.076
MONDO_0016244,atypical hemolytic-uremic syndrome,MYH9,ENSG00000100345,0.0756
MONDO_0016244,atypical hemolytic-uremic syndrome,SLC2A9,ENSG00000109667,0.0754
MONDO_0016244,atypical hemolytic-uremic syndrome,ACE,ENSG00000159640,0.075
MONDO_0016244,atypical hemolytic-uremic syndrome,CLEC2D,ENSG00000069493,0.0749
MONDO_0016244,atypical hemolytic-uremic syndrome,CLDN2,ENSG00000165376,0.0748
MONDO_0016244,atypical hemolytic-uremic syndrome,RRM2B,ENSG00000048392,0.0745
MONDO_0016244,atypical hemolytic-uremic syndrome,GLIS2,ENSG00000126603,0.0744
MONDO_0016244,atypical hemolytic-uremic syndrome,HPX,ENSG00000110169,0.0742
MONDO_0016244,atypical hemolytic-uremic syndrome,CRIM1,ENSG00000150938,0.0741
MONDO_0016244,atypical hemolytic-uremic syndrome,ACTN4,ENSG00000130402,0.0738
MONDO_0016244,atypical hemolytic-uremic syndrome,LIN7C,ENSG00000148943,0.0738
MONDO_0016244,atypical hemolytic-uremic syndrome,SLC3A1,ENSG00000138079,0.0735
MONDO_0016244,atypical hemolytic-uremic syndrome,NPHS1,ENSG00000161270,0.0732
MONDO_0016244,atypical hemolytic-uremic syndrome,CLDN4,ENSG00000189143,0.0732
MONDO_0016244,atypical hemolytic-uremic syndrome,GUCA2B,ENSG00000044012,0.0731
MONDO_0016244,atypical hemolytic-uremic syndrome,AQP11,ENSG00000178301,0.0731
MONDO_0016244,atypical hemolytic-uremic syndrome,WHAMM,ENSG00000156232,0.0731
MONDO_0016244,atypical hemolytic-uremic syndrome,TRPV5,ENSG00000127412,0.0729
MONDO_0016244,atypical hemolytic-uremic syndrome,FAS,ENSG00000026103,0.0728
MONDO_0016244,atypical hemolytic-uremic syndrome,POU3F3,ENSG00000198914,0.0728
MONDO_0016244,atypical hemolytic-uremic syndrome,LAMB2,ENSG00000172037,0.0726
MONDO_0016244,atypical hemolytic-uremic syndrome,HP,ENSG00000257017,0.0725
MONDO_0016244,atypical hemolytic-uremic syndrome,LCAT,ENSG00000213398,0.0724
MONDO_0016244,atypical hemolytic-uremic syndrome,INS,ENSG00000254647,0.0724
MONDO_0016244,atypical hemolytic-uremic syndrome,UOX,ENSG00000240520,0.0723
MONDO_0016244,atypical hemolytic-uremic syndrome,WAS,ENSG00000015285,0.0719
MONDO_0016244,atypical hemolytic-uremic syndrome,REN,ENSG00000143839,0.0718
MONDO_0016244,atypical hemolytic-uremic syndrome,CR1,ENSG00000203710,0.0715
MONDO_0016244,atypical hemolytic-uremic syndrome,CD59,ENSG00000085063,0.0713
MONDO_0016244,atypical hemolytic-uremic syndrome,KCTD1,ENSG00000134504,0.0713
MONDO_0016244,atypical hemolytic-uremic syndrome,WDR83,ENSG00000123154,0.0712
MONDO_0016244,atypical hemolytic-uremic syndrome,CDKN1C,ENSG00000129757,0.0711
MONDO_0016244,atypical hemolytic-uremic syndrome,ABCC2,ENSG00000023839,0.0707
MONDO_0016244,atypical hemolytic-uremic syndrome,ADD2,ENSG00000075340,0.0707
MONDO_0016244,atypical hemolytic-uremic syndrome,ITGA1,ENSG00000213949,0.0706
MONDO_0016244,atypical hemolytic-uremic syndrome,GAS6,ENSG00000183087,0.0705
MONDO_0016244,atypical hemolytic-uremic syndrome,PDGFRB,ENSG00000113721,0.0705
MONDO_0016244,atypical hemolytic-uremic syndrome,SLC6A18,ENSG00000164363,0.0703
MONDO_0016244,atypical hemolytic-uremic syndrome,AKR1B1,ENSG00000085662,0.0703
MONDO_0016244,atypical hemolytic-uremic syndrome,MAFB,ENSG00000204103,0.0703
MONDO_0016244,atypical hemolytic-uremic syndrome,CD1D,ENSG00000158473,0.0702
MONDO_0016244,atypical hemolytic-uremic syndrome,KIRREL1,ENSG00000183853,0.0701
MONDO_0016244,atypical hemolytic-uremic syndrome,CFHR2,ENSG00000080910,0.07
MONDO_0016244,atypical hemolytic-uremic syndrome,CYP4A22,ENSG00000162365,0.0699
MONDO_0016244,atypical hemolytic-uremic syndrome,CYP4A11,ENSG00000187048,0.0699
MONDO_0016244,atypical hemolytic-uremic syndrome,DNASE1,ENSG00000213918,0.0698
MONDO_0016244,atypical hemolytic-uremic syndrome,SLC14A2,ENSG00000132874,0.0698
MONDO_0016244,atypical hemolytic-uremic syndrome,MEP1B,ENSG00000141434,0.0698
MONDO_0016244,atypical hemolytic-uremic syndrome,APRT,ENSG00000198931,0.0697
MONDO_0016244,atypical hemolytic-uremic syndrome,CR1L,ENSG00000197721,0.0696
MONDO_0016244,atypical hemolytic-uremic syndrome,CCR1,ENSG00000163823,0.0694
MONDO_0016244,atypical hemolytic-uremic syndrome,ANK1,ENSG00000029534,0.0694
MONDO_0016244,atypical hemolytic-uremic syndrome,ERMP1,ENSG00000099219,0.0688
MONDO_0016244,atypical hemolytic-uremic syndrome,LEPR,ENSG00000116678,0.0687
MONDO_0016244,atypical hemolytic-uremic syndrome,HPR,ENSG00000261701,0.0687
MONDO_0016244,atypical hemolytic-uremic syndrome,LGMN,ENSG00000100600,0.0686
MONDO_0016244,atypical hemolytic-uremic syndrome,CCR2,ENSG00000121807,0.0685
MONDO_0016244,atypical hemolytic-uremic syndrome,SLC22A12,ENSG00000197891,0.0685
MONDO_0016244,atypical hemolytic-uremic syndrome,AGT,ENSG00000135744,0.0683
MONDO_0016244,atypical hemolytic-uremic syndrome,ADCY6,ENSG00000174233,0.0683
MONDO_0016244,atypical hemolytic-uremic syndrome,UPK3A,ENSG00000100373,0.0683
MONDO_0016244,atypical hemolytic-uremic syndrome,AGXT,ENSG00000172482,0.0682
MONDO_0016244,atypical hemolytic-uremic syndrome,HPRT1,ENSG00000165704,0.0681
MONDO_0016244,atypical hemolytic-uremic syndrome,CYP4F12,ENSG00000186204,0.0681
MONDO_0016244,atypical hemolytic-uremic syndrome,CYP4F11,ENSG00000171903,0.0681
MONDO_0016244,atypical hemolytic-uremic syndrome,CLCNKA,ENSG00000186510,0.068
MONDO_0016244,atypical hemolytic-uremic syndrome,CLCNKB,ENSG00000184908,0.068
MONDO_0016244,atypical hemolytic-uremic syndrome,SPTA1,ENSG00000163554,0.068
MONDO_0016244,atypical hemolytic-uremic syndrome,MAN2A1,ENSG00000112893,0.0679
MONDO_0016244,atypical hemolytic-uremic syndrome,B4GALT1,ENSG00000086062,0.0675
MONDO_0016244,atypical hemolytic-uremic syndrome,SMAD3,ENSG00000166949,0.0674
MONDO_0016244,atypical hemolytic-uremic syndrome,COLEC11,ENSG00000118004,0.0674
MONDO_0016244,atypical hemolytic-uremic syndrome,BCL2,ENSG00000171791,0.0673
MONDO_0016244,atypical hemolytic-uremic syndrome,RC3H1,ENSG00000135870,0.067
MONDO_0016244,atypical hemolytic-uremic syndrome,NR3C2,ENSG00000151623,0.0668
MONDO_0016244,atypical hemolytic-uremic syndrome,SGK1,ENSG00000118515,0.0668
MONDO_0016244,atypical hemolytic-uremic syndrome,ABCG2,ENSG00000118777,0.0668
MONDO_0016244,atypical hemolytic-uremic syndrome,LYN,ENSG00000254087,0.0668
MONDO_0016244,atypical hemolytic-uremic syndrome,NPHP3-ACAD11,ENSG00000274810,0.0667
MONDO_0016244,atypical hemolytic-uremic syndrome,CORO1C,ENSG00000110880,0.0666
MONDO_0016244,atypical hemolytic-uremic syndrome,IL1R1,ENSG00000115594,0.0664
MONDO_0016244,atypical hemolytic-uremic syndrome,BSG,ENSG00000172270,0.0663
MONDO_0016244,atypical hemolytic-uremic syndrome,PIK3C2A,ENSG00000011405,0.0662
MONDO_0016244,atypical hemolytic-uremic syndrome,DDR1,ENSG00000204580,0.0661
MONDO_0016244,atypical hemolytic-uremic syndrome,TGFB1,ENSG00000105329,0.0659
MONDO_0016244,atypical hemolytic-uremic syndrome,LIF,ENSG00000128342,0.0658
MONDO_0016244,atypical hemolytic-uremic syndrome,NPR3,ENSG00000113389,0.0658
MONDO_0016244,atypical hemolytic-uremic syndrome,ADORA1,ENSG00000163485,0.0656
MONDO_0016244,atypical hemolytic-uremic syndrome,HTR3A,ENSG00000166736,0.0655
MONDO_0016244,atypical hemolytic-uremic syndrome,RTN3,ENSG00000133318,0.0655
MONDO_0016244,atypical hemolytic-uremic syndrome,BDKRB2,ENSG00000168398,0.0652
MONDO_0016244,atypical hemolytic-uremic syndrome,AQP7,ENSG00000165269,0.0652
MONDO_0016244,atypical hemolytic-uremic syndrome,AQP7B,ENSG00000259916,0.0652
MONDO_0016244,atypical hemolytic-uremic syndrome,AQP7P3,ENSG00000279688,0.0652
MONDO_0016244,atypical hemolytic-uremic syndrome,SUCNR1,ENSG00000198829,0.0651
MONDO_0016244,atypical hemolytic-uremic syndrome,CYBB,ENSG00000165168,0.0648
MONDO_0016244,atypical hemolytic-uremic syndrome,CXCR3,ENSG00000186810,0.0648
MONDO_0016244,atypical hemolytic-uremic syndrome,MOCOS,ENSG00000075643,0.0648
MONDO_0016244,atypical hemolytic-uremic syndrome,PHEX,ENSG00000102174,0.0646
MONDO_0016244,atypical hemolytic-uremic syndrome,SCTR,ENSG00000080293,0.0646
MONDO_0016244,atypical hemolytic-uremic syndrome,NSUN5,ENSG00000130305,0.0645
MONDO_0016244,atypical hemolytic-uremic syndrome,NSUN5P2,ENSG00000106133,0.0645
MONDO_0016244,atypical hemolytic-uremic syndrome,LMX1B,ENSG00000136944,0.0644
MONDO_0016244,atypical hemolytic-uremic syndrome,BSND,ENSG00000162399,0.0643
MONDO_0016244,atypical hemolytic-uremic syndrome,AGTR1,ENSG00000144891,0.0643
MONDO_0016244,atypical hemolytic-uremic syndrome,TPI1,ENSG00000111669,0.0642
MONDO_0016244,atypical hemolytic-uremic syndrome,PACSIN2,ENSG00000100266,0.0642
MONDO_0016244,atypical hemolytic-uremic syndrome,MYO9A,ENSG00000066933,0.064
MONDO_0016244,atypical hemolytic-uremic syndrome,SLC14A1,ENSG00000141469,0.0639
MONDO_0016244,atypical hemolytic-uremic syndrome,WNK4,ENSG00000126562,0.0639
MONDO_0016244,atypical hemolytic-uremic syndrome,FAH,ENSG00000103876,0.0636
MONDO_0016244,atypical hemolytic-uremic syndrome,TNS1,ENSG00000079308,0.0636
MONDO_0016244,atypical hemolytic-uremic syndrome,UPK2,ENSG00000110375,0.0636
MONDO_0016244,atypical hemolytic-uremic syndrome,FECH,ENSG00000066926,0.0635
MONDO_0016244,atypical hemolytic-uremic syndrome,AQP2,ENSG00000167580,0.0634
MONDO_0016244,atypical hemolytic-uremic syndrome,SLC28A1,ENSG00000156222,0.0633
MONDO_0016244,atypical hemolytic-uremic syndrome,STAT4,ENSG00000138378,0.0632
MONDO_0016244,atypical hemolytic-uremic syndrome,GRHPR,ENSG00000137106,0.0631
MONDO_0016244,atypical hemolytic-uremic syndrome,SLC12A3,ENSG00000070915,0.0631
MONDO_0016244,atypical hemolytic-uremic syndrome,ARHGDIA,ENSG00000141522,0.063
MONDO_0016244,atypical hemolytic-uremic syndrome,ADORA3,ENSG00000282608,0.0629
MONDO_0016244,atypical hemolytic-uremic syndrome,AQP4,ENSG00000171885,0.0629
MONDO_0016244,atypical hemolytic-uremic syndrome,ATP6V1B1,ENSG00000116039,0.0628
MONDO_0016244,atypical hemolytic-uremic syndrome,ABCB4,ENSG00000005471,0.0628
MONDO_0016244,atypical hemolytic-uremic syndrome,NPPA,ENSG00000175206,0.0626
MONDO_0016244,atypical hemolytic-uremic syndrome,HNF1A,ENSG00000135100,0.0625
MONDO_0016244,atypical hemolytic-uremic syndrome,PLA2G6,ENSG00000184381,0.0625
MONDO_0016244,atypical hemolytic-uremic syndrome,SLC4A5,ENSG00000188687,0.0624
MONDO_0016244,atypical hemolytic-uremic syndrome,AGPAT1,ENSG00000204310,0.0624
MONDO_0016244,atypical hemolytic-uremic syndrome,MMUT,ENSG00000146085,0.0624
MONDO_0016244,atypical hemolytic-uremic syndrome,NFE2L2,ENSG00000116044,0.0624
MONDO_0016244,atypical hemolytic-uremic syndrome,AGTR2,ENSG00000180772,0.0623
MONDO_0016244,atypical hemolytic-uremic syndrome,SLC4A1,ENSG00000004939,0.0619
MONDO_0016244,atypical hemolytic-uremic syndrome,MIR204,ENSG00000207935,0.0618
MONDO_0016244,atypical hemolytic-uremic syndrome,PTPRO,ENSG00000151490,0.0618
MONDO_0016244,atypical hemolytic-uremic syndrome,SPTB,ENSG00000070182,0.0618
MONDO_0016244,atypical hemolytic-uremic syndrome,TNS2,ENSG00000111077,0.0617
MONDO_0016244,atypical hemolytic-uremic syndrome,GNB1L,ENSG00000185838,0.0615
MONDO_0016244,atypical hemolytic-uremic syndrome,SLC5A2,ENSG00000140675,0.0614
MONDO_0016244,atypical hemolytic-uremic syndrome,CAV1,ENSG00000105974,0.0613
MONDO_0016244,atypical hemolytic-uremic syndrome,XDH,ENSG00000158125,0.0613
MONDO_0016244,atypical hemolytic-uremic syndrome,CLDN16,ENSG00000113946,0.0613
MONDO_0016244,atypical hemolytic-uremic syndrome,SLC5A10,ENSG00000154025,0.061
MONDO_0016244,atypical hemolytic-uremic syndrome,TAL1,ENSG00000162367,0.061
MONDO_0016244,atypical hemolytic-uremic syndrome,SCARF1,ENSG00000074660,0.061
MONDO_0016244,atypical hemolytic-uremic syndrome,DTNBP1,ENSG00000047579,0.061
MONDO_0016244,atypical hemolytic-uremic syndrome,PRKAB1,ENSG00000111725,0.0608
MONDO_0016244,atypical hemolytic-uremic syndrome,CYP2C23P,ENSG00000283232,0.0607
MONDO_0016244,atypical hemolytic-uremic syndrome,HPS1,ENSG00000107521,0.0606
MONDO_0016244,atypical hemolytic-uremic syndrome,SUSD6,ENSG00000100647,0.0605
MONDO_0016244,atypical hemolytic-uremic syndrome,GATA5,ENSG00000130700,0.0605
MONDO_0016244,atypical hemolytic-uremic syndrome,SYK,ENSG00000165025,0.0604
MONDO_0016244,atypical hemolytic-uremic syndrome,RXFP4,ENSG00000173080,0.0602
MONDO_0016244,atypical hemolytic-uremic syndrome,ATP11C,ENSG00000101974,0.0601
MONDO_0016244,atypical hemolytic-uremic syndrome,SLC15A2,ENSG00000163406,0.0601
MONDO_0016244,atypical hemolytic-uremic syndrome,STEAP3,ENSG00000115107,0.06
MONDO_0016244,atypical hemolytic-uremic syndrome,CLTRN,ENSG00000147003,0.06
MONDO_0016244,atypical hemolytic-uremic syndrome,UNC93B1,ENSG00000110057,0.0599
MONDO_0016244,atypical hemolytic-uremic syndrome,PKD1,ENSG00000008710,0.0599
MONDO_0016244,atypical hemolytic-uremic syndrome,FERRY3,ENSG00000047621,0.0598
MONDO_0016244,atypical hemolytic-uremic syndrome,RHBDL2,ENSG00000158315,0.0597
MONDO_0016244,atypical hemolytic-uremic syndrome,MTSS1,ENSG00000170873,0.0597
MONDO_0016244,atypical hemolytic-uremic syndrome,PKLR,ENSG00000143627,0.0597
MONDO_0016244,atypical hemolytic-uremic syndrome,PILRA,ENSG00000085514,0.0596
MONDO_0016244,atypical hemolytic-uremic syndrome,PILRB,ENSG00000121716,0.0596
MONDO_0016244,atypical hemolytic-uremic syndrome,TNIP1,ENSG00000145901,0.0594
MONDO_0016244,atypical hemolytic-uremic syndrome,STK39,ENSG00000198648,0.0594
MONDO_0016244,atypical hemolytic-uremic syndrome,PARP1,ENSG00000143799,0.0594
MONDO_0016244,atypical hemolytic-uremic syndrome,HK1,ENSG00000156515,0.0593
MONDO_0016244,atypical hemolytic-uremic syndrome,FBXO42,ENSG00000037637,0.0592
MONDO_0016244,atypical hemolytic-uremic syndrome,MAP3K15,ENSG00000180815,0.0591
MONDO_0016244,atypical hemolytic-uremic syndrome,PKHD1,ENSG00000170927,0.0591
MONDO_0016244,atypical hemolytic-uremic syndrome,KCNJ1,ENSG00000151704,0.059
MONDO_0016244,atypical hemolytic-uremic syndrome,SERPINE1,ENSG00000106366,0.0589
MONDO_0016244,atypical hemolytic-uremic syndrome,THUMPD3-AS1,ENSG00000206573,0.0588
MONDO_0016244,atypical hemolytic-uremic syndrome,SLC26A1,ENSG00000145217,0.0588
MONDO_0016244,atypical hemolytic-uremic syndrome,KIT,ENSG00000157404,0.0586
MONDO_0016244,atypical hemolytic-uremic syndrome,PAX2,ENSG00000075891,0.0586
MONDO_0016244,atypical hemolytic-uremic syndrome,EPB41,ENSG00000159023,0.0584
MONDO_0016244,atypical hemolytic-uremic syndrome,KLHL2,ENSG00000109466,0.0584
MONDO_0016244,atypical hemolytic-uremic syndrome,LRRC55,ENSG00000183908,0.0584
MONDO_0016244,atypical hemolytic-uremic syndrome,KCNMA1,ENSG00000156113,0.0584
MONDO_0016244,atypical hemolytic-uremic syndrome,AMPD2,ENSG00000116337,0.0583
MONDO_0016244,atypical hemolytic-uremic syndrome,TBC1D22A,ENSG00000054611,0.0583
MONDO_0016244,atypical hemolytic-uremic syndrome,BCL2L11,ENSG00000153094,0.0582
MONDO_0016244,atypical hemolytic-uremic syndrome,NT5E,ENSG00000135318,0.0581
MONDO_0016244,atypical hemolytic-uremic syndrome,PDE1A,ENSG00000115252,0.0581
MONDO_0016244,atypical hemolytic-uremic syndrome,GPR4,ENSG00000177464,0.0581
MONDO_0016244,atypical hemolytic-uremic syndrome,SLC29A3,ENSG00000198246,0.0581
MONDO_0016244,atypical hemolytic-uremic syndrome,ZNF574,ENSG00000105732,0.058
MONDO_0016244,atypical hemolytic-uremic syndrome,C9orf72,ENSG00000147894,0.058
MONDO_0016244,atypical hemolytic-uremic syndrome,WWTR1,ENSG00000018408,0.058
MONDO_0016244,atypical hemolytic-uremic syndrome,RRAGC,ENSG00000116954,0.058
MONDO_0016244,atypical hemolytic-uremic syndrome,MOCS2,ENSG00000164172,0.0579
MONDO_0016244,atypical hemolytic-uremic syndrome,UROS,ENSG00000188690,0.0579
MONDO_0016244,atypical hemolytic-uremic syndrome,RASA3,ENSG00000185989,0.0579
MONDO_0016244,atypical hemolytic-uremic syndrome,KCNK1,ENSG00000135750,0.0577
MONDO_0016244,atypical hemolytic-uremic syndrome,SLC13A1,ENSG00000081800,0.0576
MONDO_0016244,atypical hemolytic-uremic syndrome,KCNK5,ENSG00000164626,0.0575
MONDO_0016244,atypical hemolytic-uremic syndrome,PRKAG1,ENSG00000181929,0.0575
MONDO_0016244,atypical hemolytic-uremic syndrome,ZNF880,ENSG00000221923,0.0575
MONDO_0016244,atypical hemolytic-uremic syndrome,CLDN17,ENSG00000156282,0.0575
MONDO_0016244,atypical hemolytic-uremic syndrome,DRD5,ENSG00000169676,0.0574
MONDO_0016244,atypical hemolytic-uremic syndrome,NFAT5,ENSG00000102908,0.0573
MONDO_0016244,atypical hemolytic-uremic syndrome,FASLG,ENSG00000117560,0.0571
MONDO_0016244,atypical hemolytic-uremic syndrome,HLA-DQB2,ENSG00000232629,0.0571
MONDO_0016244,atypical hemolytic-uremic syndrome,HLA-DQB1,ENSG00000179344,0.0571
MONDO_0016244,atypical hemolytic-uremic syndrome,CLU,ENSG00000120885,0.057
MONDO_0016244,atypical hemolytic-uremic syndrome,GRM1,ENSG00000152822,0.057
MONDO_0016244,atypical hemolytic-uremic syndrome,BICC1,ENSG00000122870,0.0569
MONDO_0016244,atypical hemolytic-uremic syndrome,IFNG,ENSG00000111537,0.0569
MONDO_0016244,atypical hemolytic-uremic syndrome,KLF1,ENSG00000105610,0.0569
MONDO_0016244,atypical hemolytic-uremic syndrome,CXCR2,ENSG00000180871,0.0568
MONDO_0016244,atypical hemolytic-uremic syndrome,PIP4K2C,ENSG00000166908,0.0568
MONDO_0016244,atypical hemolytic-uremic syndrome,MPV17,ENSG00000115204,0.0568
MONDO_0016244,atypical hemolytic-uremic syndrome,STUB1,ENSG00000103266,0.0568
MONDO_0016244,atypical hemolytic-uremic syndrome,VAV2,ENSG00000160293,0.0567
MONDO_0016244,atypical hemolytic-uremic syndrome,PKD2,ENSG00000118762,0.0567
MONDO_0016244,atypical hemolytic-uremic syndrome,LDHA,ENSG00000134333,0.0567
MONDO_0016244,atypical hemolytic-uremic syndrome,AVPR2,ENSG00000126895,0.0567
MONDO_0016244,atypical hemolytic-uremic syndrome,SLC6A19,ENSG00000174358,0.0566
MONDO_0016244,atypical hemolytic-uremic syndrome,NEDD4L,ENSG00000049759,0.0566
MONDO_0016244,atypical hemolytic-uremic syndrome,AQP3,ENSG00000165272,0.0565
MONDO_0016244,atypical hemolytic-uremic syndrome,ZNF34,ENSG00000196378,0.0565
MONDO_0016244,atypical hemolytic-uremic syndrome,PDSS2,ENSG00000164494,0.0564
MONDO_0016244,atypical hemolytic-uremic syndrome,PTGER3,ENSG00000050628,0.0564
MONDO_0016244,atypical hemolytic-uremic syndrome,EXOC6,ENSG00000138190,0.0563
MONDO_0016244,atypical hemolytic-uremic syndrome,HSPA4L,ENSG00000164070,0.0563
MONDO_0016244,atypical hemolytic-uremic syndrome,SMC5,ENSG00000198887,0.0562
MONDO_0016244,atypical hemolytic-uremic syndrome,TFAP2B,ENSG00000008196,0.0561
MONDO_0016244,atypical hemolytic-uremic syndrome,GRN,ENSG00000030582,0.0561
MONDO_0016244,atypical hemolytic-uremic syndrome,CYS1,ENSG00000205795,0.056
MONDO_0016244,atypical hemolytic-uremic syndrome,FOXC2,ENSG00000176692,0.056
MONDO_0016244,atypical hemolytic-uremic syndrome,FGL2,ENSG00000127951,0.056
MONDO_0016244,atypical hemolytic-uremic syndrome,CES2,ENSG00000172831,0.0559
MONDO_0016244,atypical hemolytic-uremic syndrome,SLC16A10,ENSG00000112394,0.0559
MONDO_0016244,atypical hemolytic-uremic syndrome,GALNT11,ENSG00000178234,0.0559
MONDO_0016244,atypical hemolytic-uremic syndrome,BCR,ENSG00000186716,0.0559
MONDO_0016244,atypical hemolytic-uremic syndrome,SNCA,ENSG00000145335,0.0558
MONDO_0016244,atypical hemolytic-uremic syndrome,LCN2,ENSG00000148346,0.0557
MONDO_0016244,atypical hemolytic-uremic syndrome,MFSD2B,ENSG00000205639,0.0557
MONDO_0016244,atypical hemolytic-uremic syndrome,ZFP36L2,ENSG00000152518,0.0555
MONDO_0016244,atypical hemolytic-uremic syndrome,LEP,ENSG00000174697,0.0555
MONDO_0016244,atypical hemolytic-uremic syndrome,BPGM,ENSG00000172331,0.0555
MONDO_0016244,atypical hemolytic-uremic syndrome,INSR,ENSG00000171105,0.0554
MONDO_0016244,atypical hemolytic-uremic syndrome,PIEZO1,ENSG00000103335,0.0554
MONDO_0016244,atypical hemolytic-uremic syndrome,LACTB,ENSG00000103642,0.0554
MONDO_0016244,atypical hemolytic-uremic syndrome,NPHP1,ENSG00000144061,0.0553
MONDO_0016244,atypical hemolytic-uremic syndrome,STK24,ENSG00000102572,0.0553
MONDO_0016244,atypical hemolytic-uremic syndrome,ETV6,ENSG00000139083,0.0553
MONDO_0016244,atypical hemolytic-uremic syndrome,APCS,ENSG00000132703,0.0552
MONDO_0016244,atypical hemolytic-uremic syndrome,SUGCT,ENSG00000175600,0.0552
MONDO_0016244,atypical hemolytic-uremic syndrome,CD55,ENSG00000196352,0.0551
MONDO_0016244,atypical hemolytic-uremic syndrome,FAN1,ENSG00000198690,0.0551
MONDO_0016244,atypical hemolytic-uremic syndrome,SERPINA3,ENSG00000196136,0.0551
MONDO_0016244,atypical hemolytic-uremic syndrome,ALMS1,ENSG00000116127,0.055
MONDO_0016244,atypical hemolytic-uremic syndrome,TLR7,ENSG00000196664,0.055
MONDO_0016244,atypical hemolytic-uremic syndrome,TSPAN32,ENSG00000064201,0.055
MONDO_0016244,atypical hemolytic-uremic syndrome,KCNE2,ENSG00000159197,0.0549
MONDO_0016244,atypical hemolytic-uremic syndrome,RHPN1,ENSG00000158106,0.0549
MONDO_0016244,atypical hemolytic-uremic syndrome,PRKDC,ENSG00000253729,0.0549
MONDO_0016244,atypical hemolytic-uremic syndrome,MPL,ENSG00000117400,0.0548
MONDO_0016244,atypical hemolytic-uremic syndrome,FOXP3,ENSG00000049768,0.0548
MONDO_0016244,atypical hemolytic-uremic syndrome,URAHP,ENSG00000222019,0.0547
MONDO_0016244,atypical hemolytic-uremic syndrome,DLL1,ENSG00000198719,0.0547
MONDO_0016244,atypical hemolytic-uremic syndrome,GSTZ1,ENSG00000100577,0.0546
MONDO_0016244,atypical hemolytic-uremic syndrome,PRF1,ENSG00000180644,0.0546
MONDO_0016244,atypical hemolytic-uremic syndrome,NMNAT3,ENSG00000163864,0.0546
MONDO_0016244,atypical hemolytic-uremic syndrome,WDR1,ENSG00000071127,0.0545
MONDO_0016244,atypical hemolytic-uremic syndrome,VAV3,ENSG00000134215,0.0545
MONDO_0016244,atypical hemolytic-uremic syndrome,VSIG4,ENSG00000155659,0.0545
MONDO_0016244,atypical hemolytic-uremic syndrome,VWF,ENSG00000110799,0.0544
MONDO_0016244,atypical hemolytic-uremic syndrome,SGPL1,ENSG00000166224,0.0544
MONDO_0016244,atypical hemolytic-uremic syndrome,CEBPD,ENSG00000221869,0.0543
MONDO_0016244,atypical hemolytic-uremic syndrome,IRF8,ENSG00000140968,0.0542
MONDO_0016244,atypical hemolytic-uremic syndrome,EPHX1,ENSG00000143819,0.0542
MONDO_0016244,atypical hemolytic-uremic syndrome,ASL,ENSG00000126522,0.0542
MONDO_0016244,atypical hemolytic-uremic syndrome,HMOX1,ENSG00000100292,0.054
MONDO_0016244,atypical hemolytic-uremic syndrome,KCNJ10,ENSG00000177807,0.054
MONDO_0016244,atypical hemolytic-uremic syndrome,RET,ENSG00000165731,0.0539
MONDO_0016244,atypical hemolytic-uremic syndrome,SLC22A5,ENSG00000197375,0.0539
MONDO_0016244,atypical hemolytic-uremic syndrome,TP73,ENSG00000078900,0.0538
MONDO_0016244,atypical hemolytic-uremic syndrome,GRAMD1C,ENSG00000178075,0.0538
MONDO_0016244,atypical hemolytic-uremic syndrome,MYL12A,ENSG00000101608,0.0537
MONDO_0016244,atypical hemolytic-uremic syndrome,MYL12B,ENSG00000118680,0.0537
MONDO_0016244,atypical hemolytic-uremic syndrome,ATG4B,ENSG00000168397,0.0537
MONDO_0016244,atypical hemolytic-uremic syndrome,IL2,ENSG00000109471,0.0536
MONDO_0016244,atypical hemolytic-uremic syndrome,GPI,ENSG00000105220,0.0535
MONDO_0016244,atypical hemolytic-uremic syndrome,COG6,ENSG00000133103,0.0534
MONDO_0016244,atypical hemolytic-uremic syndrome,METTL5,ENSG00000138382,0.0534
MONDO_0016244,atypical hemolytic-uremic syndrome,PPP1R15A,ENSG00000087074,0.0534
MONDO_0016244,atypical hemolytic-uremic syndrome,SLC26A4,ENSG00000091137,0.0534
MONDO_0016244,atypical hemolytic-uremic syndrome,SLC6A6,ENSG00000131389,0.0533
MONDO_0016244,atypical hemolytic-uremic syndrome,USP18,ENSG00000184979,0.0533
MONDO_0016244,atypical hemolytic-uremic syndrome,USP41P,ENSG00000161133,0.0533
MONDO_0016244,atypical hemolytic-uremic syndrome,CD44,ENSG00000026508,0.0532
MONDO_0016244,atypical hemolytic-uremic syndrome,MTUS1,ENSG00000129422,0.0531
MONDO_0016244,atypical hemolytic-uremic syndrome,CLDN7,ENSG00000181885,0.0531
MONDO_0016244,atypical hemolytic-uremic syndrome,ABCG8,ENSG00000143921,0.0531
MONDO_0016244,atypical hemolytic-uremic syndrome,ADM,ENSG00000148926,0.0531
MONDO_0016244,atypical hemolytic-uremic syndrome,RUNX1,ENSG00000159216,0.0531
MONDO_0016244,atypical hemolytic-uremic syndrome,PRKAG2,ENSG00000106617,0.0531
MONDO_0016244,atypical hemolytic-uremic syndrome,HIPK3,ENSG00000110422,0.053
MONDO_0016244,atypical hemolytic-uremic syndrome,CLEC10A,ENSG00000132514,0.0529
MONDO_0016244,atypical hemolytic-uremic syndrome,CLK1,ENSG00000013441,0.0529
MONDO_0016244,atypical hemolytic-uremic syndrome,CIMIP2B,ENSG00000215187,0.0529
MONDO_0016244,atypical hemolytic-uremic syndrome,PDGFC,ENSG00000145431,0.0527
MONDO_0016244,atypical hemolytic-uremic syndrome,ABCG5,ENSG00000138075,0.0527
MONDO_0016244,atypical hemolytic-uremic syndrome,ERMN,ENSG00000136541,0.0526
MONDO_0016244,atypical hemolytic-uremic syndrome,ADIPOR1,ENSG00000159346,0.0525
MONDO_0016244,atypical hemolytic-uremic syndrome,KLHL3,ENSG00000146021,0.0525
MONDO_0016244,atypical hemolytic-uremic syndrome,MYBBP1A,ENSG00000132382,0.0524
MONDO_0016244,atypical hemolytic-uremic syndrome,HPSE2,ENSG00000172987,0.0524
MONDO_0016244,atypical hemolytic-uremic syndrome,PGM3,ENSG00000013375,0.0522
MONDO_0016244,atypical hemolytic-uremic syndrome,FBXO10,ENSG00000147912,0.0522
MONDO_0016244,atypical hemolytic-uremic syndrome,TMEM174,ENSG00000164325,0.052
MONDO_0016244,atypical hemolytic-uremic syndrome,ZFPM1,ENSG00000179588,0.052
MONDO_0016244,atypical hemolytic-uremic syndrome,TULP3,ENSG00000078246,0.052
MONDO_0016244,atypical hemolytic-uremic syndrome,WDR53,ENSG00000185798,0.0518
MONDO_0016244,atypical hemolytic-uremic syndrome,WNT4,ENSG00000162552,0.0518
MONDO_0016244,atypical hemolytic-uremic syndrome,TSPAN33,ENSG00000158457,0.0518
MONDO_0016244,atypical hemolytic-uremic syndrome,ATP13A3,ENSG00000133657,0.0518
MONDO_0016244,atypical hemolytic-uremic syndrome,GOLT1A,ENSG00000174567,0.0517
MONDO_0016244,atypical hemolytic-uremic syndrome,USP33,ENSG00000077254,0.0516
MONDO_0016244,atypical hemolytic-uremic syndrome,C4A,ENSG00000244731,0.0516
MONDO_0016244,atypical hemolytic-uremic syndrome,SCARB2,ENSG00000138760,0.0516
MONDO_0016244,atypical hemolytic-uremic syndrome,TXNIP,ENSG00000265972,0.0515
MONDO_0016244,atypical hemolytic-uremic syndrome,ARPC1B,ENSG00000130429,0.0515
MONDO_0016244,atypical hemolytic-uremic syndrome,SLC4A4,ENSG00000080493,0.0515
MONDO_0016244,atypical hemolytic-uremic syndrome,TET2,ENSG00000168769,0.0515
MONDO_0016244,atypical hemolytic-uremic syndrome,EFTUD2,ENSG00000108883,0.0515
MONDO_0016244,atypical hemolytic-uremic syndrome,TMEM127,ENSG00000135956,0.0514
MONDO_0016244,atypical hemolytic-uremic syndrome,NFYA,ENSG00000001167,0.0513
MONDO_0016244,atypical hemolytic-uremic syndrome,C4B,ENSG00000224389,0.0512
MONDO_0016244,atypical hemolytic-uremic syndrome,GIMAP1-GIMAP5,ENSG00000281887,0.0512
MONDO_0016244,atypical hemolytic-uremic syndrome,GIMAP5,ENSG00000196329,0.0512
MONDO_0016244,atypical hemolytic-uremic syndrome,SLC46A1,ENSG00000076351,0.0511
MONDO_0016244,atypical hemolytic-uremic syndrome,NCKAP1L,ENSG00000123338,0.051
MONDO_0016244,atypical hemolytic-uremic syndrome,GALNT3,ENSG00000115339,0.051
MONDO_0016244,atypical hemolytic-uremic syndrome,GEN1,ENSG00000178295,0.051
MONDO_0016244,atypical hemolytic-uremic syndrome,IKZF3,ENSG00000161405,0.051
MONDO_0016244,atypical hemolytic-uremic syndrome,BCL2L15,ENSG00000188761,0.0509
MONDO_0016244,atypical hemolytic-uremic syndrome,HYAL2,ENSG00000068001,0.0509
MONDO_0016244,atypical hemolytic-uremic syndrome,PDC,ENSG00000116703,0.0509
MONDO_0016244,atypical hemolytic-uremic syndrome,TLK1,ENSG00000198586,0.0509
MONDO_0016244,atypical hemolytic-uremic syndrome,TMEM218,ENSG00000150433,0.0509
MONDO_0016244,atypical hemolytic-uremic syndrome,SLFN14,ENSG00000236320,0.0508
MONDO_0016244,atypical hemolytic-uremic syndrome,CTSA,ENSG00000064601,0.0508
MONDO_0016244,atypical hemolytic-uremic syndrome,BIVM-ERCC5,ENSG00000270181,0.0508
MONDO_0016244,atypical hemolytic-uremic syndrome,BIVM,ENSG00000134897,0.0508
MONDO_0016244,atypical hemolytic-uremic syndrome,ERCC5,ENSG00000134899,0.0508
MONDO_0016244,atypical hemolytic-uremic syndrome,TREML1,ENSG00000161911,0.0508
MONDO_0016244,atypical hemolytic-uremic syndrome,USP6,ENSG00000129204,0.0508
MONDO_0016244,atypical hemolytic-uremic syndrome,USP32,ENSG00000170832,0.0508
MONDO_0016244,atypical hemolytic-uremic syndrome,OIT3,ENSG00000138315,0.0506
MONDO_0016244,atypical hemolytic-uremic syndrome,CX3CR1,ENSG00000168329,0.0505
MONDO_0016244,atypical hemolytic-uremic syndrome,LAT,ENSG00000213658,0.0504
MONDO_0016244,atypical hemolytic-uremic syndrome,HDDC2,ENSG00000111906,0.0504
MONDO_0016244,atypical hemolytic-uremic syndrome,PLD4,ENSG00000166428,0.0503
MONDO_0016244,atypical hemolytic-uremic syndrome,NEK8,ENSG00000160602,0.0503
MONDO_0016244,atypical hemolytic-uremic syndrome,GPR68,ENSG00000119714,0.0503
MONDO_0016244,atypical hemolytic-uremic syndrome,SLCO1B1,ENSG00000134538,0.0502
MONDO_0016244,atypical hemolytic-uremic syndrome,SLCO1B3-SLCO1B7,ENSG00000257046,0.0502
MONDO_0016244,atypical hemolytic-uremic syndrome,SLCO1B3,ENSG00000111700,0.0502
MONDO_0016244,atypical hemolytic-uremic syndrome,SLCO1B7,ENSG00000205754,0.0502
MONDO_0016244,atypical hemolytic-uremic syndrome,PLCG2,ENSG00000197943,0.0502
MONDO_0016244,atypical hemolytic-uremic syndrome,FSBP,ENSG00000265817,0.0501
MONDO_0016244,atypical hemolytic-uremic syndrome,ITCH,ENSG00000078747,0.0501
MONDO_0016244,atypical hemolytic-uremic syndrome,GIPC3,ENSG00000179855,0.0501
MONDO_0016244,atypical hemolytic-uremic syndrome,GPR146,ENSG00000164849,0.0501
MONDO_0016244,atypical hemolytic-uremic syndrome,AGXT2,ENSG00000113492,0.05
MONDO_0001549,hemolytic-uremic syndrome,CFI,ENSG00000205403,0.8232
MONDO_0001549,hemolytic-uremic syndrome,CD46,ENSG00000117335,0.8194
MONDO_0001549,hemolytic-uremic syndrome,C3,ENSG00000125730,0.817
MONDO_0001549,hemolytic-uremic syndrome,CFB,ENSG00000243649,0.8105
MONDO_0001549,hemolytic-uremic syndrome,DGKE,ENSG00000153933,0.7723
MONDO_0001549,hemolytic-uremic syndrome,CFH,ENSG00000000971,0.7529
MONDO_0001549,hemolytic-uremic syndrome,THBD,ENSG00000178726,0.7507
MONDO_0001549,hemolytic-uremic syndrome,C1GALT1C1,ENSG00000171155,0.6532
MONDO_0001549,hemolytic-uremic syndrome,C5,ENSG00000106804,0.5646
MONDO_0001549,hemolytic-uremic syndrome,NNT,ENSG00000112992,0.4158
MONDO_0001549,hemolytic-uremic syndrome,CFHR5,ENSG00000134389,0.4153
MONDO_0001549,hemolytic-uremic syndrome,CFHR1,ENSG00000244414,0.3596
MONDO_0001549,hemolytic-uremic syndrome,COL4A5,ENSG00000188153,0.3546
MONDO_0001549,hemolytic-uremic syndrome,CFHR3,ENSG00000116785,0.3463
MONDO_0001549,hemolytic-uremic syndrome,TSEN2,ENSG00000154743,0.335
MONDO_0001549,hemolytic-uremic syndrome,MMACHC,ENSG00000132763,0.335
MONDO_0001549,hemolytic-uremic syndrome,MASP2,ENSG00000009724,0.335
MONDO_0001549,hemolytic-uremic syndrome,ADAMTS13,ENSG00000160323,0.3223
MONDO_0001549,hemolytic-uremic syndrome,SMARCAL1,ENSG00000138375,0.2883
MONDO_0001549,hemolytic-uremic syndrome,HBB,ENSG00000244734,0.2661
MONDO_0001549,hemolytic-uremic syndrome,EBF1,ENSG00000164330,0.144
MONDO_0001549,hemolytic-uremic syndrome,NPHP3,ENSG00000113971,0.1349
MONDO_0001549,hemolytic-uremic syndrome,TMEM67,ENSG00000164953,0.1183
MONDO_0001549,hemolytic-uremic syndrome,CEP290,ENSG00000198707,0.1183
MONDO_0001549,hemolytic-uremic syndrome,PLG,ENSG00000122194,0.117
MONDO_0001549,hemolytic-uremic syndrome,STX2,ENSG00000111450,0.1102
MONDO_0001549,hemolytic-uremic syndrome,CD59,ENSG00000085063,0.0945
MONDO_0001549,hemolytic-uremic syndrome,IL10,ENSG00000136634,0.0933
MONDO_0001549,hemolytic-uremic syndrome,HMOX1,ENSG00000100292,0.0932
MONDO_0001549,hemolytic-uremic syndrome,CD55,ENSG00000196352,0.0905
MONDO_0001549,hemolytic-uremic syndrome,FH,ENSG00000091483,0.0902
MONDO_0001549,hemolytic-uremic syndrome,NLRP3,ENSG00000162711,0.0891
MONDO_0001549,hemolytic-uremic syndrome,COL4A3,ENSG00000169031,0.0888
MONDO_0001549,hemolytic-uremic syndrome,WT1,ENSG00000184937,0.0887
MONDO_0001549,hemolytic-uremic syndrome,NPHS2,ENSG00000116218,0.0878
MONDO_0001549,hemolytic-uremic syndrome,LAMA5,ENSG00000130702,0.0857
MONDO_0001549,hemolytic-uremic syndrome,COL4A4,ENSG00000081052,0.0854
MONDO_0001549,hemolytic-uremic syndrome,CD40LG,ENSG00000102245,0.0853
MONDO_0001549,hemolytic-uremic syndrome,CD151,ENSG00000177697,0.0846
MONDO_0001549,hemolytic-uremic syndrome,COL4A1,ENSG00000187498,0.0835
MONDO_0001549,hemolytic-uremic syndrome,EPO,ENSG00000130427,0.0834
MONDO_0001549,hemolytic-uremic syndrome,MAGI2,ENSG00000187391,0.0834
MONDO_0001549,hemolytic-uremic syndrome,C1GALT1,ENSG00000106392,0.0828
MONDO_0001549,hemolytic-uremic syndrome,UMOD,ENSG00000169344,0.0819
MONDO_0001549,hemolytic-uremic syndrome,CCNI,ENSG00000118816,0.0816
MONDO_0001549,hemolytic-uremic syndrome,MYO1E,ENSG00000157483,0.0814
MONDO_0001549,hemolytic-uremic syndrome,GNE,ENSG00000159921,0.0802
MONDO_0001549,hemolytic-uremic syndrome,PTGS2,ENSG00000073756,0.08
MONDO_0001549,hemolytic-uremic syndrome,CD2AP,ENSG00000198087,0.0796
MONDO_0001549,hemolytic-uremic syndrome,C5AR1,ENSG00000197405,0.079
MONDO_0001549,hemolytic-uremic syndrome,HPX,ENSG00000110169,0.0788
MONDO_0001549,hemolytic-uremic syndrome,ACE,ENSG00000159640,0.078
MONDO_0001549,hemolytic-uremic syndrome,SLC12A1,ENSG00000074803,0.0776
MONDO_0001549,hemolytic-uremic syndrome,NPHS1,ENSG00000161270,0.0772
MONDO_0001549,hemolytic-uremic syndrome,TNFAIP2,ENSG00000185215,0.0769
MONDO_0001549,hemolytic-uremic syndrome,CLCN5,ENSG00000171365,0.0768
MONDO_0001549,hemolytic-uremic syndrome,FAS,ENSG00000026103,0.0768
MONDO_0001549,hemolytic-uremic syndrome,EMCN,ENSG00000164035,0.0767
MONDO_0001549,hemolytic-uremic syndrome,VWF,ENSG00000110799,0.0766
MONDO_0001549,hemolytic-uremic syndrome,SLC7A9,ENSG00000021488,0.0766
MONDO_0001549,hemolytic-uremic syndrome,MAS1,ENSG00000130368,0.0762
MONDO_0001549,hemolytic-uremic syndrome,CDH5,ENSG00000179776,0.0761
MONDO_0001549,hemolytic-uremic syndrome,GDNF,ENSG00000168621,0.076
MONDO_0001549,hemolytic-uremic syndrome,MYH9,ENSG00000100345,0.0757
MONDO_0001549,hemolytic-uremic syndrome,SLC2A9,ENSG00000109667,0.0756
MONDO_0001549,hemolytic-uremic syndrome,RRM2B,ENSG00000048392,0.075
MONDO_0001549,hemolytic-uremic syndrome,CLEC2D,ENSG00000069493,0.0749
MONDO_0001549,hemolytic-uremic syndrome,CLDN2,ENSG00000165376,0.0748
MONDO_0001549,hemolytic-uremic syndrome,HP,ENSG00000257017,0.0745
MONDO_0001549,hemolytic-uremic syndrome,GLIS2,ENSG00000126603,0.0744
MONDO_0001549,hemolytic-uremic syndrome,IGFBP2,ENSG00000115457,0.0743
MONDO_0001549,hemolytic-uremic syndrome,LIN7C,ENSG00000148943,0.0742
MONDO_0001549,hemolytic-uremic syndrome,CRIM1,ENSG00000150938,0.0741
MONDO_0001549,hemolytic-uremic syndrome,MS4A1,ENSG00000156738,0.0739
MONDO_0001549,hemolytic-uremic syndrome,SPHK2,ENSG00000063176,0.0739
MONDO_0001549,hemolytic-uremic syndrome,ACTN4,ENSG00000130402,0.0738
MONDO_0001549,hemolytic-uremic syndrome,GUCA2B,ENSG00000044012,0.0736
MONDO_0001549,hemolytic-uremic syndrome,SLC3A1,ENSG00000138079,0.0735
MONDO_0001549,hemolytic-uremic syndrome,REN,ENSG00000143839,0.0735
MONDO_0001549,hemolytic-uremic syndrome,CLDN4,ENSG00000189143,0.0732
MONDO_0001549,hemolytic-uremic syndrome,INS,ENSG00000254647,0.0731
MONDO_0001549,hemolytic-uremic syndrome,AQP11,ENSG00000178301,0.0731
MONDO_0001549,hemolytic-uremic syndrome,WHAMM,ENSG00000156232,0.0731
MONDO_0001549,hemolytic-uremic syndrome,TRPV5,ENSG00000127412,0.073
MONDO_0001549,hemolytic-uremic syndrome,POU3F3,ENSG00000198914,0.0728
MONDO_0001549,hemolytic-uremic syndrome,LAMB2,ENSG00000172037,0.0728
MONDO_0001549,hemolytic-uremic syndrome,CCR1,ENSG00000163823,0.0727
MONDO_0001549,hemolytic-uremic syndrome,AGT,ENSG00000135744,0.0726
MONDO_0001549,hemolytic-uremic syndrome,AGXT,ENSG00000172482,0.0726
MONDO_0001549,hemolytic-uremic syndrome,LCAT,ENSG00000213398,0.0724
MONDO_0001549,hemolytic-uremic syndrome,UOX,ENSG00000240520,0.0724
MONDO_0001549,hemolytic-uremic syndrome,CR1,ENSG00000203710,0.0719
MONDO_0001549,hemolytic-uremic syndrome,WAS,ENSG00000015285,0.0719
MONDO_0001549,hemolytic-uremic syndrome,KCTD1,ENSG00000134504,0.0716
MONDO_0001549,hemolytic-uremic syndrome,CCR2,ENSG00000121807,0.0716
MONDO_0001549,hemolytic-uremic syndrome,WDR83,ENSG00000123154,0.0712
MONDO_0001549,hemolytic-uremic syndrome,CDKN1C,ENSG00000129757,0.0712
MONDO_0001549,hemolytic-uremic syndrome,TGFB1,ENSG00000105329,0.071
MONDO_0001549,hemolytic-uremic syndrome,ADD2,ENSG00000075340,0.0708
MONDO_0001549,hemolytic-uremic syndrome,ABCC2,ENSG00000023839,0.0707
MONDO_0001549,hemolytic-uremic syndrome,PDGFRB,ENSG00000113721,0.0706
MONDO_0001549,hemolytic-uremic syndrome,ITGA1,ENSG00000213949,0.0706
MONDO_0001549,hemolytic-uremic syndrome,DNASE1,ENSG00000213918,0.0706
MONDO_0001549,hemolytic-uremic syndrome,GAS6,ENSG00000183087,0.0705
MONDO_0001549,hemolytic-uremic syndrome,CFHR2,ENSG00000080910,0.0705
MONDO_0001549,hemolytic-uremic syndrome,SLC6A18,ENSG00000164363,0.0703
MONDO_0001549,hemolytic-uremic syndrome,AKR1B1,ENSG00000085662,0.0703
MONDO_0001549,hemolytic-uremic syndrome,MAFB,ENSG00000204103,0.0703
MONDO_0001549,hemolytic-uremic syndrome,CD1D,ENSG00000158473,0.0702
MONDO_0001549,hemolytic-uremic syndrome,KIRREL1,ENSG00000183853,0.0701
MONDO_0001549,hemolytic-uremic syndrome,CYP4A22,ENSG00000162365,0.0699
MONDO_0001549,hemolytic-uremic syndrome,CYP4A11,ENSG00000187048,0.0699
MONDO_0001549,hemolytic-uremic syndrome,APRT,ENSG00000198931,0.0698
MONDO_0001549,hemolytic-uremic syndrome,SLC14A2,ENSG00000132874,0.0698
MONDO_0001549,hemolytic-uremic syndrome,MEP1B,ENSG00000141434,0.0698
MONDO_0001549,hemolytic-uremic syndrome,CR1L,ENSG00000197721,0.0696
MONDO_0001549,hemolytic-uremic syndrome,ANK1,ENSG00000029534,0.0695
MONDO_0001549,hemolytic-uremic syndrome,LEPR,ENSG00000116678,0.0691
MONDO_0001549,hemolytic-uremic syndrome,LGMN,ENSG00000100600,0.069
MONDO_0001549,hemolytic-uremic syndrome,ERMP1,ENSG00000099219,0.0688
MONDO_0001549,hemolytic-uremic syndrome,HPR,ENSG00000261701,0.0687
MONDO_0001549,hemolytic-uremic syndrome,BCL2,ENSG00000171791,0.0685
MONDO_0001549,hemolytic-uremic syndrome,SLC22A12,ENSG00000197891,0.0685
MONDO_0001549,hemolytic-uremic syndrome,ADCY6,ENSG00000174233,0.0683
MONDO_0001549,hemolytic-uremic syndrome,MAN2A1,ENSG00000112893,0.0683
MONDO_0001549,hemolytic-uremic syndrome,UPK3A,ENSG00000100373,0.0683
MONDO_0001549,hemolytic-uremic syndrome,CLCNKA,ENSG00000186510,0.0682
MONDO_0001549,hemolytic-uremic syndrome,CLCNKB,ENSG00000184908,0.0682
MONDO_0001549,hemolytic-uremic syndrome,HPRT1,ENSG00000165704,0.0681
MONDO_0001549,hemolytic-uremic syndrome,CYP4F12,ENSG00000186204,0.0681
MONDO_0001549,hemolytic-uremic syndrome,CYP4F11,ENSG00000171903,0.0681
MONDO_0001549,hemolytic-uremic syndrome,SPTA1,ENSG00000163554,0.068
MONDO_0001549,hemolytic-uremic syndrome,SPHK1,ENSG00000176170,0.068
MONDO_0001549,hemolytic-uremic syndrome,COLEC11,ENSG00000118004,0.0677
MONDO_0001549,hemolytic-uremic syndrome,B4GALT1,ENSG00000086062,0.0675
MONDO_0001549,hemolytic-uremic syndrome,SMAD3,ENSG00000166949,0.0675
MONDO_0001549,hemolytic-uremic syndrome,RC3H1,ENSG00000135870,0.0675
MONDO_0001549,hemolytic-uremic syndrome,PIK3C2A,ENSG00000011405,0.067
MONDO_0001549,hemolytic-uremic syndrome,ABCG2,ENSG00000118777,0.0669
MONDO_0001549,hemolytic-uremic syndrome,LYN,ENSG00000254087,0.0669
MONDO_0001549,hemolytic-uremic syndrome,LIF,ENSG00000128342,0.0669
MONDO_0001549,hemolytic-uremic syndrome,NR3C2,ENSG00000151623,0.0668
MONDO_0001549,hemolytic-uremic syndrome,SGK1,ENSG00000118515,0.0668
MONDO_0001549,hemolytic-uremic syndrome,NPHP3-ACAD11,ENSG00000274810,0.0667
MONDO_0001549,hemolytic-uremic syndrome,CORO1C,ENSG00000110880,0.0666
MONDO_0001549,hemolytic-uremic syndrome,IL1R1,ENSG00000115594,0.0664
MONDO_0001549,hemolytic-uremic syndrome,BSG,ENSG00000172270,0.0663
MONDO_0001549,hemolytic-uremic syndrome,SERPINE1,ENSG00000106366,0.0661
MONDO_0001549,hemolytic-uremic syndrome,DDR1,ENSG00000204580,0.0661
MONDO_0001549,hemolytic-uremic syndrome,HTR3A,ENSG00000166736,0.0659
MONDO_0001549,hemolytic-uremic syndrome,NPR3,ENSG00000113389,0.0658
MONDO_0001549,hemolytic-uremic syndrome,AGTR1,ENSG00000144891,0.0656
MONDO_0001549,hemolytic-uremic syndrome,ADORA1,ENSG00000163485,0.0656
MONDO_0001549,hemolytic-uremic syndrome,MOCOS,ENSG00000075643,0.0656
MONDO_0001549,hemolytic-uremic syndrome,RTN3,ENSG00000133318,0.0655
MONDO_0001549,hemolytic-uremic syndrome,CYBB,ENSG00000165168,0.0652
MONDO_0001549,hemolytic-uremic syndrome,BDKRB2,ENSG00000168398,0.0652
MONDO_0001549,hemolytic-uremic syndrome,AQP7,ENSG00000165269,0.0652
MONDO_0001549,hemolytic-uremic syndrome,AQP7B,ENSG00000259916,0.0652
MONDO_0001549,hemolytic-uremic syndrome,AQP7P3,ENSG00000279688,0.0652
MONDO_0001549,hemolytic-uremic syndrome,SUCNR1,ENSG00000198829,0.0651
MONDO_0001549,hemolytic-uremic syndrome,PHEX,ENSG00000102174,0.0649
MONDO_0001549,hemolytic-uremic syndrome,CXCR3,ENSG00000186810,0.0648
MONDO_0001549,hemolytic-uremic syndrome,NSUN5,ENSG00000130305,0.0646
MONDO_0001549,hemolytic-uremic syndrome,NSUN5P2,ENSG00000106133,0.0646
MONDO_0001549,hemolytic-uremic syndrome,PACSIN2,ENSG00000100266,0.0646
MONDO_0001549,hemolytic-uremic syndrome,SCTR,ENSG00000080293,0.0646
MONDO_0001549,hemolytic-uremic syndrome,LMX1B,ENSG00000136944,0.0644
MONDO_0001549,hemolytic-uremic syndrome,TPI1,ENSG00000111669,0.0643
MONDO_0001549,hemolytic-uremic syndrome,BSND,ENSG00000162399,0.0643
MONDO_0001549,hemolytic-uremic syndrome,NFE2L2,ENSG00000116044,0.0641
MONDO_0001549,hemolytic-uremic syndrome,FOXC2,ENSG00000176692,0.0641
MONDO_0001549,hemolytic-uremic syndrome,MYO9A,ENSG00000066933,0.064
MONDO_0001549,hemolytic-uremic syndrome,SLC14A1,ENSG00000141469,0.0639
MONDO_0001549,hemolytic-uremic syndrome,WNK4,ENSG00000126562,0.0639
MONDO_0001549,hemolytic-uremic syndrome,FECH,ENSG00000066926,0.0638
MONDO_0001549,hemolytic-uremic syndrome,PLAT,ENSG00000104368,0.0637
MONDO_0001549,hemolytic-uremic syndrome,FAH,ENSG00000103876,0.0636
MONDO_0001549,hemolytic-uremic syndrome,TNS1,ENSG00000079308,0.0636
MONDO_0001549,hemolytic-uremic syndrome,UPK2,ENSG00000110375,0.0636
MONDO_0001549,hemolytic-uremic syndrome,AQP2,ENSG00000167580,0.0634
MONDO_0001549,hemolytic-uremic syndrome,SLC28A1,ENSG00000156222,0.0633
MONDO_0001549,hemolytic-uremic syndrome,STAT4,ENSG00000138378,0.0632
MONDO_0001549,hemolytic-uremic syndrome,NPPA,ENSG00000175206,0.0632
MONDO_0001549,hemolytic-uremic syndrome,GRHPR,ENSG00000137106,0.0631
MONDO_0001549,hemolytic-uremic syndrome,SLC12A3,ENSG00000070915,0.0631
MONDO_0001549,hemolytic-uremic syndrome,ARHGDIA,ENSG00000141522,0.063
MONDO_0001549,hemolytic-uremic syndrome,ADORA3,ENSG00000282608,0.0629
MONDO_0001549,hemolytic-uremic syndrome,HNF1A,ENSG00000135100,0.0629
MONDO_0001549,hemolytic-uremic syndrome,AQP4,ENSG00000171885,0.0629
MONDO_0001549,hemolytic-uremic syndrome,ABCB4,ENSG00000005471,0.0629
MONDO_0001549,hemolytic-uremic syndrome,ATP6V1B1,ENSG00000116039,0.0628
MONDO_0001549,hemolytic-uremic syndrome,PLA2G6,ENSG00000184381,0.0625
MONDO_0001549,hemolytic-uremic syndrome,SLC4A5,ENSG00000188687,0.0624
MONDO_0001549,hemolytic-uremic syndrome,DLL1,ENSG00000198719,0.0624
MONDO_0001549,hemolytic-uremic syndrome,SPTB,ENSG00000070182,0.0624
MONDO_0001549,hemolytic-uremic syndrome,AGPAT1,ENSG00000204310,0.0624
MONDO_0001549,hemolytic-uremic syndrome,TNS2,ENSG00000111077,0.0624
MONDO_0001549,hemolytic-uremic syndrome,MMUT,ENSG00000146085,0.0624
MONDO_0001549,hemolytic-uremic syndrome,AGTR2,ENSG00000180772,0.0623
MONDO_0001549,hemolytic-uremic syndrome,SLC4A1,ENSG00000004939,0.0622
MONDO_0001549,hemolytic-uremic syndrome,CAV1,ENSG00000105974,0.0621
MONDO_0001549,hemolytic-uremic syndrome,XDH,ENSG00000158125,0.0618
MONDO_0001549,hemolytic-uremic syndrome,MIR204,ENSG00000207935,0.0618
MONDO_0001549,hemolytic-uremic syndrome,PTPRO,ENSG00000151490,0.0618
MONDO_0001549,hemolytic-uremic syndrome,KCNMA1,ENSG00000156113,0.0618
MONDO_0001549,hemolytic-uremic syndrome,SLC5A2,ENSG00000140675,0.0616
MONDO_0001549,hemolytic-uremic syndrome,TAL1,ENSG00000162367,0.0615
MONDO_0001549,hemolytic-uremic syndrome,GNB1L,ENSG00000185838,0.0615
MONDO_0001549,hemolytic-uremic syndrome,DTNBP1,ENSG00000047579,0.0614
MONDO_0001549,hemolytic-uremic syndrome,SCARF1,ENSG00000074660,0.0614
MONDO_0001549,hemolytic-uremic syndrome,PRKAB1,ENSG00000111725,0.0613
MONDO_0001549,hemolytic-uremic syndrome,FASLG,ENSG00000117560,0.0613
MONDO_0001549,hemolytic-uremic syndrome,CLDN16,ENSG00000113946,0.0613
MONDO_0001549,hemolytic-uremic syndrome,IL2,ENSG00000109471,0.0612
MONDO_0001549,hemolytic-uremic syndrome,SLC5A10,ENSG00000154025,0.061
MONDO_0001549,hemolytic-uremic syndrome,HPS1,ENSG00000107521,0.061
MONDO_0001549,hemolytic-uremic syndrome,SUSD6,ENSG00000100647,0.061
MONDO_0001549,hemolytic-uremic syndrome,SYK,ENSG00000165025,0.0608
MONDO_0001549,hemolytic-uremic syndrome,CYP2C23P,ENSG00000283232,0.0607
MONDO_0001549,hemolytic-uremic syndrome,UNC93B1,ENSG00000110057,0.0607
MONDO_0001549,hemolytic-uremic syndrome,GATA5,ENSG00000130700,0.0605
MONDO_0001549,hemolytic-uremic syndrome,LCN2,ENSG00000148346,0.0604
MONDO_0001549,hemolytic-uremic syndrome,FERRY3,ENSG00000047621,0.0603
MONDO_0001549,hemolytic-uremic syndrome,IFNG,ENSG00000111537,0.0602
MONDO_0001549,hemolytic-uremic syndrome,RXFP4,ENSG00000173080,0.0602
MONDO_0001549,hemolytic-uremic syndrome,ATP11C,ENSG00000101974,0.0601
MONDO_0001549,hemolytic-uremic syndrome,SLC15A2,ENSG00000163406,0.0601
MONDO_0001549,hemolytic-uremic syndrome,STEAP3,ENSG00000115107,0.06
MONDO_0001549,hemolytic-uremic syndrome,PKD1,ENSG00000008710,0.06
MONDO_0001549,hemolytic-uremic syndrome,CLTRN,ENSG00000147003,0.06
MONDO_0001549,hemolytic-uremic syndrome,TNIP1,ENSG00000145901,0.0598
MONDO_0001549,hemolytic-uremic syndrome,RHBDL2,ENSG00000158315,0.0597
MONDO_0001549,hemolytic-uremic syndrome,HK1,ENSG00000156515,0.0597
MONDO_0001549,hemolytic-uremic syndrome,MTSS1,ENSG00000170873,0.0597
MONDO_0001549,hemolytic-uremic syndrome,PKLR,ENSG00000143627,0.0597
MONDO_0001549,hemolytic-uremic syndrome,PILRA,ENSG00000085514,0.0596
MONDO_0001549,hemolytic-uremic syndrome,PILRB,ENSG00000121716,0.0596
MONDO_0001549,hemolytic-uremic syndrome,STK39,ENSG00000198648,0.0594
MONDO_0001549,hemolytic-uremic syndrome,PARP1,ENSG00000143799,0.0594
MONDO_0001549,hemolytic-uremic syndrome,SLC26A1,ENSG00000145217,0.0593
MONDO_0001549,hemolytic-uremic syndrome,FBXO42,ENSG00000037637,0.0592
MONDO_0001549,hemolytic-uremic syndrome,NT5E,ENSG00000135318,0.0591
MONDO_0001549,hemolytic-uremic syndrome,MAP3K15,ENSG00000180815,0.0591
MONDO_0001549,hemolytic-uremic syndrome,PKHD1,ENSG00000170927,0.0591
MONDO_0001549,hemolytic-uremic syndrome,KCNJ1,ENSG00000151704,0.059
MONDO_0001549,hemolytic-uremic syndrome,BCL2L11,ENSG00000153094,0.0589
MONDO_0001549,hemolytic-uremic syndrome,ZNF880,ENSG00000221923,0.0589
MONDO_0001549,hemolytic-uremic syndrome,EPB41,ENSG00000159023,0.0588
MONDO_0001549,hemolytic-uremic syndrome,THUMPD3-AS1,ENSG00000206573,0.0588
MONDO_0001549,hemolytic-uremic syndrome,MOCS2,ENSG00000164172,0.0587
MONDO_0001549,hemolytic-uremic syndrome,WWTR1,ENSG00000018408,0.0587
MONDO_0001549,hemolytic-uremic syndrome,SLC29A3,ENSG00000198246,0.0586
MONDO_0001549,hemolytic-uremic syndrome,KIT,ENSG00000157404,0.0586
MONDO_0001549,hemolytic-uremic syndrome,LDHA,ENSG00000134333,0.0586
MONDO_0001549,hemolytic-uremic syndrome,PAX2,ENSG00000075891,0.0586
MONDO_0001549,hemolytic-uremic syndrome,ZNF574,ENSG00000105732,0.0585
MONDO_0001549,hemolytic-uremic syndrome,RRAGC,ENSG00000116954,0.0585
MONDO_0001549,hemolytic-uremic syndrome,KLHL2,ENSG00000109466,0.0584
MONDO_0001549,hemolytic-uremic syndrome,C9orf72,ENSG00000147894,0.0584
MONDO_0001549,hemolytic-uremic syndrome,LRRC55,ENSG00000183908,0.0584
MONDO_0001549,hemolytic-uremic syndrome,SLC4A4,ENSG00000080493,0.0584
MONDO_0001549,hemolytic-uremic syndrome,AMPD2,ENSG00000116337,0.0583
MONDO_0001549,hemolytic-uremic syndrome,TBC1D22A,ENSG00000054611,0.0583
MONDO_0001549,hemolytic-uremic syndrome,PDE1A,ENSG00000115252,0.0581
MONDO_0001549,hemolytic-uremic syndrome,CLU,ENSG00000120885,0.0581
MONDO_0001549,hemolytic-uremic syndrome,GPR4,ENSG00000177464,0.0581
MONDO_0001549,hemolytic-uremic syndrome,UROS,ENSG00000188690,0.0581
MONDO_0001549,hemolytic-uremic syndrome,RASA3,ENSG00000185989,0.058
MONDO_0001549,hemolytic-uremic syndrome,PRKAG1,ENSG00000181929,0.0579
MONDO_0001549,hemolytic-uremic syndrome,FOXP3,ENSG00000049768,0.0579
MONDO_0001549,hemolytic-uremic syndrome,PIP4K2C,ENSG00000166908,0.0578
MONDO_0001549,hemolytic-uremic syndrome,CXCR2,ENSG00000180871,0.0578
MONDO_0001549,hemolytic-uremic syndrome,KCNK1,ENSG00000135750,0.0577
MONDO_0001549,hemolytic-uremic syndrome,LAT,ENSG00000213658,0.0577
MONDO_0001549,hemolytic-uremic syndrome,SLC13A1,ENSG00000081800,0.0576
MONDO_0001549,hemolytic-uremic syndrome,KCNK5,ENSG00000164626,0.0575
MONDO_0001549,hemolytic-uremic syndrome,MPV17,ENSG00000115204,0.0575
MONDO_0001549,hemolytic-uremic syndrome,CLDN17,ENSG00000156282,0.0575
MONDO_0001549,hemolytic-uremic syndrome,DRD5,ENSG00000169676,0.0574
MONDO_0001549,hemolytic-uremic syndrome,VAV2,ENSG00000160293,0.0573
MONDO_0001549,hemolytic-uremic syndrome,KLF1,ENSG00000105610,0.0573
MONDO_0001549,hemolytic-uremic syndrome,NFAT5,ENSG00000102908,0.0573
MONDO_0001549,hemolytic-uremic syndrome,NEDD4L,ENSG00000049759,0.0573
MONDO_0001549,hemolytic-uremic syndrome,TIPARP,ENSG00000163659,0.0572
MONDO_0001549,hemolytic-uremic syndrome,PRKDC,ENSG00000253729,0.0571
MONDO_0001549,hemolytic-uremic syndrome,HLA-DQB2,ENSG00000232629,0.0571
MONDO_0001549,hemolytic-uremic syndrome,HLA-DQB1,ENSG00000179344,0.0571
MONDO_0001549,hemolytic-uremic syndrome,GRM1,ENSG00000152822,0.057
MONDO_0001549,hemolytic-uremic syndrome,BICC1,ENSG00000122870,0.0569
MONDO_0001549,hemolytic-uremic syndrome,STUB1,ENSG00000103266,0.0568
MONDO_0001549,hemolytic-uremic syndrome,PKD2,ENSG00000118762,0.0567
MONDO_0001549,hemolytic-uremic syndrome,AVPR2,ENSG00000126895,0.0567
MONDO_0001549,hemolytic-uremic syndrome,SLC6A19,ENSG00000174358,0.0566
MONDO_0001549,hemolytic-uremic syndrome,AQP3,ENSG00000165272,0.0565
MONDO_0001549,hemolytic-uremic syndrome,PRF1,ENSG00000180644,0.0565
MONDO_0001549,hemolytic-uremic syndrome,SGPL1,ENSG00000166224,0.0565
MONDO_0001549,hemolytic-uremic syndrome,GRN,ENSG00000030582,0.0565
MONDO_0001549,hemolytic-uremic syndrome,ZNF34,ENSG00000196378,0.0565
MONDO_0001549,hemolytic-uremic syndrome,FGL2,ENSG00000127951,0.0565
MONDO_0001549,hemolytic-uremic syndrome,PDSS2,ENSG00000164494,0.0564
MONDO_0001549,hemolytic-uremic syndrome,PTGER3,ENSG00000050628,0.0564
MONDO_0001549,hemolytic-uremic syndrome,EXOC6,ENSG00000138190,0.0563
MONDO_0001549,hemolytic-uremic syndrome,ZFP36L2,ENSG00000152518,0.0563
MONDO_0001549,hemolytic-uremic syndrome,AHSG,ENSG00000145192,0.0563
MONDO_0001549,hemolytic-uremic syndrome,HSPA4L,ENSG00000164070,0.0563
MONDO_0001549,hemolytic-uremic syndrome,SMC5,ENSG00000198887,0.0562
MONDO_0001549,hemolytic-uremic syndrome,TFAP2B,ENSG00000008196,0.0561
MONDO_0001549,hemolytic-uremic syndrome,CYS1,ENSG00000205795,0.056
MONDO_0001549,hemolytic-uremic syndrome,CES2,ENSG00000172831,0.0559
MONDO_0001549,hemolytic-uremic syndrome,APCS,ENSG00000132703,0.0559
MONDO_0001549,hemolytic-uremic syndrome,SLC16A10,ENSG00000112394,0.0559
MONDO_0001549,hemolytic-uremic syndrome,GALNT11,ENSG00000178234,0.0559
MONDO_0001549,hemolytic-uremic syndrome,SUGCT,ENSG00000175600,0.0559
MONDO_0001549,hemolytic-uremic syndrome,BCR,ENSG00000186716,0.0559
MONDO_0001549,hemolytic-uremic syndrome,NPHP1,ENSG00000144061,0.0558
MONDO_0001549,hemolytic-uremic syndrome,PIEZO1,ENSG00000103335,0.0558
MONDO_0001549,hemolytic-uremic syndrome,ETV6,ENSG00000139083,0.0558
MONDO_0001549,hemolytic-uremic syndrome,MPL,ENSG00000117400,0.0558
MONDO_0001549,hemolytic-uremic syndrome,SNCA,ENSG00000145335,0.0558
MONDO_0001549,hemolytic-uremic syndrome,LEP,ENSG00000174697,0.0557
MONDO_0001549,hemolytic-uremic syndrome,MFSD2B,ENSG00000205639,0.0557
MONDO_0001549,hemolytic-uremic syndrome,TLR7,ENSG00000196664,0.0556
MONDO_0001549,hemolytic-uremic syndrome,STX1A,ENSG00000106089,0.0555
MONDO_0001549,hemolytic-uremic syndrome,BPGM,ENSG00000172331,0.0555
MONDO_0001549,hemolytic-uremic syndrome,INSR,ENSG00000171105,0.0554
MONDO_0001549,hemolytic-uremic syndrome,KCNE2,ENSG00000159197,0.0554
MONDO_0001549,hemolytic-uremic syndrome,LACTB,ENSG00000103642,0.0554
MONDO_0001549,hemolytic-uremic syndrome,STK24,ENSG00000102572,0.0553
MONDO_0001549,hemolytic-uremic syndrome,VAV3,ENSG00000134215,0.0551
MONDO_0001549,hemolytic-uremic syndrome,FAN1,ENSG00000198690,0.0551
MONDO_0001549,hemolytic-uremic syndrome,SERPINA3,ENSG00000196136,0.0551
MONDO_0001549,hemolytic-uremic syndrome,ASL,ENSG00000126522,0.0551
MONDO_0001549,hemolytic-uremic syndrome,ZSCAN10,ENSG00000130182,0.0551
MONDO_0001549,hemolytic-uremic syndrome,ALMS1,ENSG00000116127,0.055
MONDO_0001549,hemolytic-uremic syndrome,TSPAN32,ENSG00000064201,0.055
MONDO_0001549,hemolytic-uremic syndrome,NMNAT3,ENSG00000163864,0.055
MONDO_0001549,hemolytic-uremic syndrome,WDR1,ENSG00000071127,0.055
MONDO_0001549,hemolytic-uremic syndrome,CD44,ENSG00000026508,0.0549
MONDO_0001549,hemolytic-uremic syndrome,COG6,ENSG00000133103,0.0549
MONDO_0001549,hemolytic-uremic syndrome,RHPN1,ENSG00000158106,0.0549
MONDO_0001549,hemolytic-uremic syndrome,URAHP,ENSG00000222019,0.0547
MONDO_0001549,hemolytic-uremic syndrome,ABCG8,ENSG00000143921,0.0547
MONDO_0001549,hemolytic-uremic syndrome,GSTZ1,ENSG00000100577,0.0546
MONDO_0001549,hemolytic-uremic syndrome,VSIG4,ENSG00000155659,0.0545
MONDO_0001549,hemolytic-uremic syndrome,GIMAP1-GIMAP5,ENSG00000281887,0.0543
MONDO_0001549,hemolytic-uremic syndrome,GIMAP5,ENSG00000196329,0.0543
MONDO_0001549,hemolytic-uremic syndrome,FCGR2A,ENSG00000143226,0.0543
MONDO_0001549,hemolytic-uremic syndrome,FCGR2C,ENSG00000244682,0.0543
MONDO_0001549,hemolytic-uremic syndrome,FCGR2B,ENSG00000072694,0.0543
MONDO_0001549,hemolytic-uremic syndrome,CEBPD,ENSG00000221869,0.0543
MONDO_0001549,hemolytic-uremic syndrome,IRF8,ENSG00000140968,0.0542
MONDO_0001549,hemolytic-uremic syndrome,PLCG2,ENSG00000197943,0.0542
MONDO_0001549,hemolytic-uremic syndrome,EPHX1,ENSG00000143819,0.0542
MONDO_0001549,hemolytic-uremic syndrome,MTUS1,ENSG00000129422,0.054
MONDO_0001549,hemolytic-uremic syndrome,KCNJ10,ENSG00000177807,0.054
MONDO_0001549,hemolytic-uremic syndrome,ATG4B,ENSG00000168397,0.0539
MONDO_0001549,hemolytic-uremic syndrome,RET,ENSG00000165731,0.0539
MONDO_0001549,hemolytic-uremic syndrome,SLC22A5,ENSG00000197375,0.0539
MONDO_0001549,hemolytic-uremic syndrome,TP73,ENSG00000078900,0.0538
MONDO_0001549,hemolytic-uremic syndrome,CLDN7,ENSG00000181885,0.0538
MONDO_0001549,hemolytic-uremic syndrome,CLK1,ENSG00000013441,0.0538
MONDO_0001549,hemolytic-uremic syndrome,GRAMD1C,ENSG00000178075,0.0538
MONDO_0001549,hemolytic-uremic syndrome,TTC7A,ENSG00000068724,0.0537
MONDO_0001549,hemolytic-uremic syndrome,MYL12A,ENSG00000101608,0.0537
MONDO_0001549,hemolytic-uremic syndrome,MYL12B,ENSG00000118680,0.0537
MONDO_0001549,hemolytic-uremic syndrome,GPI,ENSG00000105220,0.0537
MONDO_0001549,hemolytic-uremic syndrome,PGM3,ENSG00000013375,0.0536
MONDO_0001549,hemolytic-uremic syndrome,ITCH,ENSG00000078747,0.0536
MONDO_0001549,hemolytic-uremic syndrome,ABCG5,ENSG00000138075,0.0535
MONDO_0001549,hemolytic-uremic syndrome,RUNX1,ENSG00000159216,0.0535
MONDO_0001549,hemolytic-uremic syndrome,METTL5,ENSG00000138382,0.0534
MONDO_0001549,hemolytic-uremic syndrome,PPP1R15A,ENSG00000087074,0.0534
MONDO_0001549,hemolytic-uremic syndrome,SLC26A4,ENSG00000091137,0.0534
MONDO_0001549,hemolytic-uremic syndrome,NOS3,ENSG00000164867,0.0533
MONDO_0001549,hemolytic-uremic syndrome,SLC6A6,ENSG00000131389,0.0533
MONDO_0001549,hemolytic-uremic syndrome,USP18,ENSG00000184979,0.0533
MONDO_0001549,hemolytic-uremic syndrome,USP41P,ENSG00000161133,0.0533
MONDO_0001549,hemolytic-uremic syndrome,CX3CR1,ENSG00000168329,0.0533
MONDO_0001549,hemolytic-uremic syndrome,VEGFA,ENSG00000112715,0.0532
MONDO_0001549,hemolytic-uremic syndrome,ADIPOR1,ENSG00000159346,0.0532
MONDO_0001549,hemolytic-uremic syndrome,ADM,ENSG00000148926,0.0531
MONDO_0001549,hemolytic-uremic syndrome,PRKAG2,ENSG00000106617,0.0531
MONDO_0001549,hemolytic-uremic syndrome,HIPK3,ENSG00000110422,0.053
MONDO_0001549,hemolytic-uremic syndrome,NCKAP1L,ENSG00000123338,0.053
MONDO_0001549,hemolytic-uremic syndrome,TREX1,ENSG00000213689,0.053
MONDO_0001549,hemolytic-uremic syndrome,CLEC10A,ENSG00000132514,0.0529
MONDO_0001549,hemolytic-uremic syndrome,CIMIP2B,ENSG00000215187,0.0529
MONDO_0001549,hemolytic-uremic syndrome,SCARB2,ENSG00000138760,0.0528
MONDO_0001549,hemolytic-uremic syndrome,ATP13A3,ENSG00000133657,0.0528
MONDO_0001549,hemolytic-uremic syndrome,PDGFC,ENSG00000145431,0.0527
MONDO_0001549,hemolytic-uremic syndrome,ERMN,ENSG00000136541,0.0526
MONDO_0001549,hemolytic-uremic syndrome,SLC26A7,ENSG00000147606,0.0526
MONDO_0001549,hemolytic-uremic syndrome,TLR4,ENSG00000136869,0.0525
MONDO_0001549,hemolytic-uremic syndrome,KLHL3,ENSG00000146021,0.0525
MONDO_0001549,hemolytic-uremic syndrome,ARPC1B,ENSG00000130429,0.0525
MONDO_0001549,hemolytic-uremic syndrome,MYBBP1A,ENSG00000132382,0.0524
MONDO_0001549,hemolytic-uremic syndrome,HPSE2,ENSG00000172987,0.0524
MONDO_0001549,hemolytic-uremic syndrome,CTSA,ENSG00000064601,0.0523
MONDO_0001549,hemolytic-uremic syndrome,C4A,ENSG00000244731,0.0523
MONDO_0001549,hemolytic-uremic syndrome,FBXO10,ENSG00000147912,0.0522
MONDO_0001549,hemolytic-uremic syndrome,ATP8B1,ENSG00000081923,0.052
MONDO_0001549,hemolytic-uremic syndrome,TMEM174,ENSG00000164325,0.052
MONDO_0001549,hemolytic-uremic syndrome,ZFPM1,ENSG00000179588,0.052
MONDO_0001549,hemolytic-uremic syndrome,TULP3,ENSG00000078246,0.052
MONDO_0001549,hemolytic-uremic syndrome,HYAL2,ENSG00000068001,0.052
MONDO_0001549,hemolytic-uremic syndrome,TMEM127,ENSG00000135956,0.0518
MONDO_0001549,hemolytic-uremic syndrome,WDR53,ENSG00000185798,0.0518
MONDO_0001549,hemolytic-uremic syndrome,WNT4,ENSG00000162552,0.0518
MONDO_0001549,hemolytic-uremic syndrome,TSPAN33,ENSG00000158457,0.0518
MONDO_0001549,hemolytic-uremic syndrome,GOLT1A,ENSG00000174567,0.0517
MONDO_0001549,hemolytic-uremic syndrome,USP33,ENSG00000077254,0.0516
MONDO_0001549,hemolytic-uremic syndrome,TXNIP,ENSG00000265972,0.0515
MONDO_0001549,hemolytic-uremic syndrome,C4B,ENSG00000224389,0.0515
MONDO_0001549,hemolytic-uremic syndrome,TET2,ENSG00000168769,0.0515
MONDO_0001549,hemolytic-uremic syndrome,EFTUD2,ENSG00000108883,0.0515
MONDO_0001549,hemolytic-uremic syndrome,NFYA,ENSG00000001167,0.0513
MONDO_0001549,hemolytic-uremic syndrome,MYD88,ENSG00000172936,0.0512
MONDO_0001549,hemolytic-uremic syndrome,SLCO1B1,ENSG00000134538,0.0511
MONDO_0001549,hemolytic-uremic syndrome,SLC46A1,ENSG00000076351,0.0511
MONDO_0001549,hemolytic-uremic syndrome,ATP4A,ENSG00000105675,0.0511
MONDO_0001549,hemolytic-uremic syndrome,GALNT3,ENSG00000115339,0.051
MONDO_0001549,hemolytic-uremic syndrome,GEN1,ENSG00000178295,0.051
MONDO_0001549,hemolytic-uremic syndrome,IKZF3,ENSG00000161405,0.051
MONDO_0001549,hemolytic-uremic syndrome,BCL2L15,ENSG00000188761,0.0509
MONDO_0001549,hemolytic-uremic syndrome,ARG1,ENSG00000118520,0.0509
MONDO_0001549,hemolytic-uremic syndrome,PDC,ENSG00000116703,0.0509
MONDO_0001549,hemolytic-uremic syndrome,TLK1,ENSG00000198586,0.0509
MONDO_0001549,hemolytic-uremic syndrome,TMEM218,ENSG00000150433,0.0509
MONDO_0001549,hemolytic-uremic syndrome,JAK1,ENSG00000162434,0.0509
MONDO_0001549,hemolytic-uremic syndrome,SLFN14,ENSG00000236320,0.0508
MONDO_0001549,hemolytic-uremic syndrome,BIVM-ERCC5,ENSG00000270181,0.0508
MONDO_0001549,hemolytic-uremic syndrome,BIVM,ENSG00000134897,0.0508
MONDO_0001549,hemolytic-uremic syndrome,ERCC5,ENSG00000134899,0.0508
MONDO_0001549,hemolytic-uremic syndrome,TREML1,ENSG00000161911,0.0508
MONDO_0001549,hemolytic-uremic syndrome,USP6,ENSG00000129204,0.0508
MONDO_0001549,hemolytic-uremic syndrome,USP32,ENSG00000170832,0.0508
MONDO_0001549,hemolytic-uremic syndrome,ATP5MK,ENSG00000173915,0.0508
MONDO_0001549,hemolytic-uremic syndrome,GIPC3,ENSG00000179855,0.0506
MONDO_0001549,hemolytic-uremic syndrome,OIT3,ENSG00000138315,0.0506
MONDO_0001549,hemolytic-uremic syndrome,HDDC2,ENSG00000111906,0.0504
MONDO_0001549,hemolytic-uremic syndrome,PTGS1,ENSG00000095303,0.0504
MONDO_0001549,hemolytic-uremic syndrome,CLPP,ENSG00000125656,0.0503
MONDO_0001549,hemolytic-uremic syndrome,PTPRC,ENSG00000081237,0.0503
MONDO_0001549,hemolytic-uremic syndrome,PLD4,ENSG00000166428,0.0503
MONDO_0001549,hemolytic-uremic syndrome,NEK8,ENSG00000160602,0.0503
MONDO_0001549,hemolytic-uremic syndrome,GPR68,ENSG00000119714,0.0503
MONDO_0001549,hemolytic-uremic syndrome,SLCO1B3-SLCO1B7,ENSG00000257046,0.0502
MONDO_0001549,hemolytic-uremic syndrome,SLCO1B3,ENSG00000111700,0.0502
MONDO_0001549,hemolytic-uremic syndrome,SLCO1B7,ENSG00000205754,0.0502
MONDO_0001549,hemolytic-uremic syndrome,IRGM,ENSG00000237693,0.0502
MONDO_0001549,hemolytic-uremic syndrome,DPH6,ENSG00000134146,0.0502
MONDO_0001549,hemolytic-uremic syndrome,FSBP,ENSG00000265817,0.0501
MONDO_0001549,hemolytic-uremic syndrome,OSMR,ENSG00000145623,0.0501
MONDO_0001549,hemolytic-uremic syndrome,GPR146,ENSG00000164849,0.0501
MONDO_0001549,hemolytic-uremic syndrome,LCA5L,ENSG00000157578,0.0501
MONDO_0001549,hemolytic-uremic syndrome,AGXT2,ENSG00000113492,0.05
MONDO_0013043,aHUS with C3 anomaly,C3,ENSG00000125730,0.7978
MONDO_0013043,aHUS with C3 anomaly,DGKE,ENSG00000153933,0.3696
MONDO_0013043,aHUS with C3 anomaly,UMOD,ENSG00000169344,0.0735
MONDO_0013043,aHUS with C3 anomaly,SLC12A1,ENSG00000074803,0.0656
MONDO_0013043,aHUS with C3 anomaly,LAMA5,ENSG00000130702,0.065
MONDO_0013043,aHUS with C3 anomaly,SPTA1,ENSG00000163554,0.063
MONDO_0013043,aHUS with C3 anomaly,COL4A3,ENSG00000169031,0.0628
MONDO_0013043,aHUS with C3 anomaly,COL4A5,ENSG00000188153,0.0618
MONDO_0013043,aHUS with C3 anomaly,ANK1,ENSG00000029534,0.0617
MONDO_0013043,aHUS with C3 anomaly,CLCN5,ENSG00000171365,0.0612
MONDO_0013043,aHUS with C3 anomaly,PTGS2,ENSG00000073756,0.0608
MONDO_0013043,aHUS with C3 anomaly,ABCC2,ENSG00000023839,0.0606
MONDO_0013043,aHUS with C3 anomaly,SLC3A1,ENSG00000138079,0.0588
MONDO_0013043,aHUS with C3 anomaly,CLDN2,ENSG00000165376,0.0567
MONDO_0013043,aHUS with C3 anomaly,COL4A4,ENSG00000081052,0.0567
MONDO_0013043,aHUS with C3 anomaly,AQP11,ENSG00000178301,0.0562
MONDO_0013043,aHUS with C3 anomaly,MYH9,ENSG00000100345,0.0561
MONDO_0013043,aHUS with C3 anomaly,REN,ENSG00000143839,0.056
MONDO_0013043,aHUS with C3 anomaly,ACE,ENSG00000159640,0.0559
MONDO_0013043,aHUS with C3 anomaly,CD2AP,ENSG00000198087,0.0557
MONDO_0013043,aHUS with C3 anomaly,KCTD1,ENSG00000134504,0.0556
MONDO_0013043,aHUS with C3 anomaly,CD59,ENSG00000085063,0.0555
MONDO_0013043,aHUS with C3 anomaly,NPHP3-ACAD11,ENSG00000274810,0.0554
MONDO_0013043,aHUS with C3 anomaly,NPHP3,ENSG00000113971,0.0554
MONDO_0013043,aHUS with C3 anomaly,WNK4,ENSG00000126562,0.0553
MONDO_0013043,aHUS with C3 anomaly,NPHS2,ENSG00000116218,0.055
MONDO_0013043,aHUS with C3 anomaly,SLC14A2,ENSG00000132874,0.0548
MONDO_0013043,aHUS with C3 anomaly,UOX,ENSG00000240520,0.0547
MONDO_0013043,aHUS with C3 anomaly,CYP4A11,ENSG00000187048,0.0546
MONDO_0013043,aHUS with C3 anomaly,CYP4A22,ENSG00000162365,0.0546
MONDO_0013043,aHUS with C3 anomaly,ABCG2,ENSG00000118777,0.0544
MONDO_0013043,aHUS with C3 anomaly,ADD2,ENSG00000075340,0.0543
MONDO_0013043,aHUS with C3 anomaly,FAS,ENSG00000026103,0.0541
MONDO_0013043,aHUS with C3 anomaly,POU3F3,ENSG00000198914,0.054
MONDO_0013043,aHUS with C3 anomaly,COL4A1,ENSG00000187498,0.054
MONDO_0013043,aHUS with C3 anomaly,MAGI2,ENSG00000187391,0.0535
MONDO_0013043,aHUS with C3 anomaly,SLC2A9,ENSG00000109667,0.0533
MONDO_0013043,aHUS with C3 anomaly,DNASE1,ENSG00000213918,0.0523
MONDO_0013043,aHUS with C3 anomaly,LYN,ENSG00000254087,0.0522
MONDO_0013043,aHUS with C3 anomaly,PDGFRB,ENSG00000113721,0.0518
MONDO_0013043,aHUS with C3 anomaly,BSND,ENSG00000162399,0.0516
MONDO_0013043,aHUS with C3 anomaly,APRT,ENSG00000198931,0.0514
MONDO_0013043,aHUS with C3 anomaly,AGT,ENSG00000135744,0.0511
MONDO_0013043,aHUS with C3 anomaly,TRPV5,ENSG00000127412,0.0509
MONDO_0013043,aHUS with C3 anomaly,ABCB4,ENSG00000005471,0.0509
MONDO_0013043,aHUS with C3 anomaly,ADCY6,ENSG00000174233,0.0505
MONDO_0013043,aHUS with C3 anomaly,SMAD3,ENSG00000166949,0.0504
MONDO_0013043,aHUS with C3 anomaly,SLC7A9,ENSG00000021488,0.0502
MONDO_0013043,aHUS with C3 anomaly,STK39,ENSG00000198648,0.0502
MONDO_0013043,aHUS with C3 anomaly,AGTR1,ENSG00000144891,0.0501
MONDO_0013043,aHUS with C3 anomaly,FECH,ENSG00000066926,0.05
MONDO_0035290,aHUS with complement gene abnormality,CFI,ENSG00000205403,0.8102
MONDO_0035290,aHUS with complement gene abnormality,C3,ENSG00000125730,0.808
MONDO_0035290,aHUS with complement gene abnormality,CD46,ENSG00000117335,0.7962
MONDO_0035290,aHUS with complement gene abnormality,CFB,ENSG00000243649,0.7759
MONDO_0035290,aHUS with complement gene abnormality,THBD,ENSG00000178726,0.732
MONDO_0035290,aHUS with complement gene abnormality,CFH,ENSG00000000971,0.4814
MONDO_0035290,aHUS with complement gene abnormality,DGKE,ENSG00000153933,0.3696
MONDO_0035290,aHUS with complement gene abnormality,CFHR1,ENSG00000244414,0.356
MONDO_0035290,aHUS with complement gene abnormality,CFHR3,ENSG00000116785,0.34
MONDO_0035290,aHUS with complement gene abnormality,UMOD,ENSG00000169344,0.0787
MONDO_0035290,aHUS with complement gene abnormality,LAMA5,ENSG00000130702,0.0729
MONDO_0035290,aHUS with complement gene abnormality,SLC12A1,ENSG00000074803,0.072
MONDO_0035290,aHUS with complement gene abnormality,GUCA2B,ENSG00000044012,0.0708
MONDO_0035290,aHUS with complement gene abnormality,COL4A4,ENSG00000081052,0.0703
MONDO_0035290,aHUS with complement gene abnormality,C1GALT1,ENSG00000106392,0.0702
MONDO_0035290,aHUS with complement gene abnormality,KCTD1,ENSG00000134504,0.07
MONDO_0035290,aHUS with complement gene abnormality,ABCC2,ENSG00000023839,0.07
MONDO_0035290,aHUS with complement gene abnormality,CLDN2,ENSG00000165376,0.0699
MONDO_0035290,aHUS with complement gene abnormality,COL4A3,ENSG00000169031,0.0699
MONDO_0035290,aHUS with complement gene abnormality,CLCN5,ENSG00000171365,0.0698
MONDO_0035290,aHUS with complement gene abnormality,ADD2,ENSG00000075340,0.0695
MONDO_0035290,aHUS with complement gene abnormality,CYP4A22,ENSG00000162365,0.0694
MONDO_0035290,aHUS with complement gene abnormality,CYP4A11,ENSG00000187048,0.0694
MONDO_0035290,aHUS with complement gene abnormality,SLC6A18,ENSG00000164363,0.0691
MONDO_0035290,aHUS with complement gene abnormality,SLC2A9,ENSG00000109667,0.0688
MONDO_0035290,aHUS with complement gene abnormality,COL4A5,ENSG00000188153,0.0688
MONDO_0035290,aHUS with complement gene abnormality,CCNI,ENSG00000118816,0.0685
MONDO_0035290,aHUS with complement gene abnormality,POU3F3,ENSG00000198914,0.0683
MONDO_0035290,aHUS with complement gene abnormality,CD59,ENSG00000085063,0.0681
MONDO_0035290,aHUS with complement gene abnormality,LIN7C,ENSG00000148943,0.0676
MONDO_0035290,aHUS with complement gene abnormality,SPTA1,ENSG00000163554,0.0676
MONDO_0035290,aHUS with complement gene abnormality,CD2AP,ENSG00000198087,0.067
MONDO_0035290,aHUS with complement gene abnormality,ANK1,ENSG00000029534,0.0668
MONDO_0035290,aHUS with complement gene abnormality,COL4A1,ENSG00000187498,0.0666
MONDO_0035290,aHUS with complement gene abnormality,CYP4F12,ENSG00000186204,0.0665
MONDO_0035290,aHUS with complement gene abnormality,CYP4F11,ENSG00000171903,0.0665
MONDO_0035290,aHUS with complement gene abnormality,UPK3A,ENSG00000100373,0.0659
MONDO_0035290,aHUS with complement gene abnormality,NPHP3-ACAD11,ENSG00000274810,0.0658
MONDO_0035290,aHUS with complement gene abnormality,NPHP3,ENSG00000113971,0.0658
MONDO_0035290,aHUS with complement gene abnormality,WDR83,ENSG00000123154,0.0657
MONDO_0035290,aHUS with complement gene abnormality,APRT,ENSG00000198931,0.0656
MONDO_0035290,aHUS with complement gene abnormality,SLC14A2,ENSG00000132874,0.0655
MONDO_0035290,aHUS with complement gene abnormality,ACE,ENSG00000159640,0.0655
MONDO_0035290,aHUS with complement gene abnormality,PTGS2,ENSG00000073756,0.0655
MONDO_0035290,aHUS with complement gene abnormality,SLC3A1,ENSG00000138079,0.0651
MONDO_0035290,aHUS with complement gene abnormality,DNASE1,ENSG00000213918,0.065
MONDO_0035290,aHUS with complement gene abnormality,NPR3,ENSG00000113389,0.0649
MONDO_0035290,aHUS with complement gene abnormality,CCR2,ENSG00000121807,0.0648
MONDO_0035290,aHUS with complement gene abnormality,CORO1C,ENSG00000110880,0.0648
MONDO_0035290,aHUS with complement gene abnormality,ABCG2,ENSG00000118777,0.0647
MONDO_0035290,aHUS with complement gene abnormality,MYO1E,ENSG00000157483,0.0646
MONDO_0035290,aHUS with complement gene abnormality,IL1R1,ENSG00000115594,0.064
MONDO_0035290,aHUS with complement gene abnormality,CFHR2,ENSG00000080910,0.0639
MONDO_0035290,aHUS with complement gene abnormality,UOX,ENSG00000240520,0.0638
MONDO_0035290,aHUS with complement gene abnormality,NPHS2,ENSG00000116218,0.0638
MONDO_0035290,aHUS with complement gene abnormality,BSND,ENSG00000162399,0.0637
MONDO_0035290,aHUS with complement gene abnormality,WNK4,ENSG00000126562,0.0637
MONDO_0035290,aHUS with complement gene abnormality,NSUN5,ENSG00000130305,0.0637
MONDO_0035290,aHUS with complement gene abnormality,NSUN5P2,ENSG00000106133,0.0637
MONDO_0035290,aHUS with complement gene abnormality,AGT,ENSG00000135744,0.0636
MONDO_0035290,aHUS with complement gene abnormality,SLC7A9,ENSG00000021488,0.0636
MONDO_0035290,aHUS with complement gene abnormality,REN,ENSG00000143839,0.0633
MONDO_0035290,aHUS with complement gene abnormality,MAGI2,ENSG00000187391,0.0633
MONDO_0035290,aHUS with complement gene abnormality,AGTR1,ENSG00000144891,0.0632
MONDO_0035290,aHUS with complement gene abnormality,MYH9,ENSG00000100345,0.0632
MONDO_0035290,aHUS with complement gene abnormality,AQP11,ENSG00000178301,0.0632
MONDO_0035290,aHUS with complement gene abnormality,TPI1,ENSG00000111669,0.063
MONDO_0035290,aHUS with complement gene abnormality,MEP1B,ENSG00000141434,0.0628
MONDO_0035290,aHUS with complement gene abnormality,CLDN4,ENSG00000189143,0.0628
MONDO_0035290,aHUS with complement gene abnormality,SLC14A1,ENSG00000141469,0.0627
MONDO_0035290,aHUS with complement gene abnormality,AKR1B1,ENSG00000085662,0.0626
MONDO_0035290,aHUS with complement gene abnormality,GLIS2,ENSG00000126603,0.0625
MONDO_0035290,aHUS with complement gene abnormality,ADCY6,ENSG00000174233,0.0624
MONDO_0035290,aHUS with complement gene abnormality,CLCNKA,ENSG00000186510,0.0624
MONDO_0035290,aHUS with complement gene abnormality,CLCNKB,ENSG00000184908,0.0624
MONDO_0035290,aHUS with complement gene abnormality,WHAMM,ENSG00000156232,0.0623
MONDO_0035290,aHUS with complement gene abnormality,FECH,ENSG00000066926,0.0622
MONDO_0035290,aHUS with complement gene abnormality,CYBB,ENSG00000165168,0.0622
MONDO_0035290,aHUS with complement gene abnormality,ABCB4,ENSG00000005471,0.0622
MONDO_0035290,aHUS with complement gene abnormality,MAS1,ENSG00000130368,0.0621
MONDO_0035290,aHUS with complement gene abnormality,SMAD3,ENSG00000166949,0.062
MONDO_0035290,aHUS with complement gene abnormality,PACSIN2,ENSG00000100266,0.0618
MONDO_0035290,aHUS with complement gene abnormality,FAS,ENSG00000026103,0.0617
MONDO_0035290,aHUS with complement gene abnormality,SLC28A1,ENSG00000156222,0.0616
MONDO_0035290,aHUS with complement gene abnormality,HPR,ENSG00000261701,0.0615
MONDO_0035290,aHUS with complement gene abnormality,HP,ENSG00000257017,0.0615
MONDO_0035290,aHUS with complement gene abnormality,NPPA,ENSG00000175206,0.0615
MONDO_0035290,aHUS with complement gene abnormality,MAFB,ENSG00000204103,0.0615
MONDO_0035290,aHUS with complement gene abnormality,RRM2B,ENSG00000048392,0.0614
MONDO_0035290,aHUS with complement gene abnormality,UPK2,ENSG00000110375,0.0614
MONDO_0035290,aHUS with complement gene abnormality,AGPAT1,ENSG00000204310,0.0613
MONDO_0035290,aHUS with complement gene abnormality,HNF1A,ENSG00000135100,0.0612
MONDO_0035290,aHUS with complement gene abnormality,LGMN,ENSG00000100600,0.0611
MONDO_0035290,aHUS with complement gene abnormality,ADORA3,ENSG00000282608,0.0611
MONDO_0035290,aHUS with complement gene abnormality,ADORA1,ENSG00000163485,0.0609
MONDO_0035290,aHUS with complement gene abnormality,AGXT,ENSG00000172482,0.0609
MONDO_0035290,aHUS with complement gene abnormality,PIK3C2A,ENSG00000011405,0.0609
MONDO_0035290,aHUS with complement gene abnormality,LYN,ENSG00000254087,0.0608
MONDO_0035290,aHUS with complement gene abnormality,MAN2A1,ENSG00000112893,0.0608
MONDO_0035290,aHUS with complement gene abnormality,CR1,ENSG00000203710,0.0608
MONDO_0035290,aHUS with complement gene abnormality,CR1L,ENSG00000197721,0.0608
MONDO_0035290,aHUS with complement gene abnormality,SLC4A5,ENSG00000188687,0.0607
MONDO_0035290,aHUS with complement gene abnormality,CCR1,ENSG00000163823,0.0606
MONDO_0035290,aHUS with complement gene abnormality,SLC4A1,ENSG00000004939,0.0602
MONDO_0035290,aHUS with complement gene abnormality,ATP11C,ENSG00000101974,0.06
MONDO_0035290,aHUS with complement gene abnormality,CYP2C23P,ENSG00000283232,0.06
MONDO_0035290,aHUS with complement gene abnormality,CD1D,ENSG00000158473,0.06
MONDO_0035290,aHUS with complement gene abnormality,CXCR3,ENSG00000186810,0.0599
MONDO_0035290,aHUS with complement gene abnormality,NR3C2,ENSG00000151623,0.0599
MONDO_0035290,aHUS with complement gene abnormality,MMUT,ENSG00000146085,0.0598
MONDO_0035290,aHUS with complement gene abnormality,PDGFRB,ENSG00000113721,0.0598
MONDO_0035290,aHUS with complement gene abnormality,TRPV5,ENSG00000127412,0.0597
MONDO_0035290,aHUS with complement gene abnormality,HPX,ENSG00000110169,0.0596
MONDO_0035290,aHUS with complement gene abnormality,COLEC11,ENSG00000118004,0.0596
MONDO_0035290,aHUS with complement gene abnormality,SGK1,ENSG00000118515,0.0596
MONDO_0035290,aHUS with complement gene abnormality,LCAT,ENSG00000213398,0.0593
MONDO_0035290,aHUS with complement gene abnormality,STEAP3,ENSG00000115107,0.0592
MONDO_0035290,aHUS with complement gene abnormality,STK39,ENSG00000198648,0.0591
MONDO_0035290,aHUS with complement gene abnormality,LAMB2,ENSG00000172037,0.059
MONDO_0035290,aHUS with complement gene abnormality,TGFB1,ENSG00000105329,0.0588
MONDO_0035290,aHUS with complement gene abnormality,GATA5,ENSG00000130700,0.0588
MONDO_0035290,aHUS with complement gene abnormality,SUSD6,ENSG00000100647,0.0587
MONDO_0035290,aHUS with complement gene abnormality,PILRA,ENSG00000085514,0.0587
MONDO_0035290,aHUS with complement gene abnormality,PILRB,ENSG00000121716,0.0587
MONDO_0035290,aHUS with complement gene abnormality,SCARF1,ENSG00000074660,0.0583
MONDO_0035290,aHUS with complement gene abnormality,FBXO42,ENSG00000037637,0.0583
MONDO_0035290,aHUS with complement gene abnormality,MAP3K15,ENSG00000180815,0.0582
MONDO_0035290,aHUS with complement gene abnormality,FERRY3,ENSG00000047621,0.0581
MONDO_0035290,aHUS with complement gene abnormality,SLC5A2,ENSG00000140675,0.0581
MONDO_0035290,aHUS with complement gene abnormality,SLC22A12,ENSG00000197891,0.0579
MONDO_0035290,aHUS with complement gene abnormality,PRKAB1,ENSG00000111725,0.0576
MONDO_0035290,aHUS with complement gene abnormality,PHEX,ENSG00000102174,0.0575
MONDO_0035290,aHUS with complement gene abnormality,HTR3A,ENSG00000166736,0.0575
MONDO_0035290,aHUS with complement gene abnormality,RC3H1,ENSG00000135870,0.0574
MONDO_0035290,aHUS with complement gene abnormality,LEPR,ENSG00000116678,0.0574
MONDO_0035290,aHUS with complement gene abnormality,GNE,ENSG00000159921,0.0573
MONDO_0035290,aHUS with complement gene abnormality,KCNJ1,ENSG00000151704,0.0573
MONDO_0035290,aHUS with complement gene abnormality,AQP7,ENSG00000165269,0.0572
MONDO_0035290,aHUS with complement gene abnormality,AQP7B,ENSG00000259916,0.0572
MONDO_0035290,aHUS with complement gene abnormality,AQP7P3,ENSG00000279688,0.0572
MONDO_0035290,aHUS with complement gene abnormality,TNIP1,ENSG00000145901,0.0572
MONDO_0035290,aHUS with complement gene abnormality,DRD5,ENSG00000169676,0.0571
MONDO_0035290,aHUS with complement gene abnormality,HK1,ENSG00000156515,0.0569
MONDO_0035290,aHUS with complement gene abnormality,PKLR,ENSG00000143627,0.0568
MONDO_0035290,aHUS with complement gene abnormality,TBC1D22A,ENSG00000054611,0.0567
MONDO_0035290,aHUS with complement gene abnormality,NFE2L2,ENSG00000116044,0.0566
MONDO_0035290,aHUS with complement gene abnormality,ACTN4,ENSG00000130402,0.0565
MONDO_0035290,aHUS with complement gene abnormality,RHBDL2,ENSG00000158315,0.0565
MONDO_0035290,aHUS with complement gene abnormality,FAH,ENSG00000103876,0.0565
MONDO_0035290,aHUS with complement gene abnormality,MOCOS,ENSG00000075643,0.0565
MONDO_0035290,aHUS with complement gene abnormality,SLC29A3,ENSG00000198246,0.0564
MONDO_0035290,aHUS with complement gene abnormality,CLEC2D,ENSG00000069493,0.0561
MONDO_0035290,aHUS with complement gene abnormality,KIT,ENSG00000157404,0.0561
MONDO_0035290,aHUS with complement gene abnormality,LIF,ENSG00000128342,0.0561
MONDO_0035290,aHUS with complement gene abnormality,CYS1,ENSG00000205795,0.056
MONDO_0035290,aHUS with complement gene abnormality,CDKN1C,ENSG00000129757,0.056
MONDO_0035290,aHUS with complement gene abnormality,LDHA,ENSG00000134333,0.056
MONDO_0035290,aHUS with complement gene abnormality,SCTR,ENSG00000080293,0.056
MONDO_0035290,aHUS with complement gene abnormality,CD151,ENSG00000177697,0.0558
MONDO_0035290,aHUS with complement gene abnormality,SNCA,ENSG00000145335,0.0558
MONDO_0035290,aHUS with complement gene abnormality,NEDD4L,ENSG00000049759,0.0557
MONDO_0035290,aHUS with complement gene abnormality,MOCS2,ENSG00000164172,0.0556
MONDO_0035290,aHUS with complement gene abnormality,UNC93B1,ENSG00000110057,0.0556
MONDO_0035290,aHUS with complement gene abnormality,GPR4,ENSG00000177464,0.0556
MONDO_0035290,aHUS with complement gene abnormality,PLA2G6,ENSG00000184381,0.0554
MONDO_0035290,aHUS with complement gene abnormality,ATP6V1B1,ENSG00000116039,0.0554
MONDO_0035290,aHUS with complement gene abnormality,STK24,ENSG00000102572,0.0553
MONDO_0035290,aHUS with complement gene abnormality,PRKAG1,ENSG00000181929,0.0553
MONDO_0035290,aHUS with complement gene abnormality,SUCNR1,ENSG00000198829,0.0553
MONDO_0035290,aHUS with complement gene abnormality,GRHPR,ENSG00000137106,0.0551
MONDO_0035290,aHUS with complement gene abnormality,TNFAIP2,ENSG00000185215,0.0551
MONDO_0035290,aHUS with complement gene abnormality,AQP2,ENSG00000167580,0.0551
MONDO_0035290,aHUS with complement gene abnormality,CES2,ENSG00000172831,0.055
MONDO_0035290,aHUS with complement gene abnormality,STAT4,ENSG00000138378,0.0549
MONDO_0035290,aHUS with complement gene abnormality,UROS,ENSG00000188690,0.0549
MONDO_0035290,aHUS with complement gene abnormality,ZNF34,ENSG00000196378,0.0549
MONDO_0035290,aHUS with complement gene abnormality,HPS1,ENSG00000107521,0.0546
MONDO_0035290,aHUS with complement gene abnormality,SMC5,ENSG00000198887,0.0546
MONDO_0035290,aHUS with complement gene abnormality,CLTRN,ENSG00000147003,0.0546
MONDO_0035290,aHUS with complement gene abnormality,SPTB,ENSG00000070182,0.0545
MONDO_0035290,aHUS with complement gene abnormality,XDH,ENSG00000158125,0.0545
MONDO_0035290,aHUS with complement gene abnormality,AGTR2,ENSG00000180772,0.0544
MONDO_0035290,aHUS with complement gene abnormality,CLDN17,ENSG00000156282,0.0543
MONDO_0035290,aHUS with complement gene abnormality,PDE1A,ENSG00000115252,0.0543
MONDO_0035290,aHUS with complement gene abnormality,DTNBP1,ENSG00000047579,0.0543
MONDO_0035290,aHUS with complement gene abnormality,RRAGC,ENSG00000116954,0.0543
MONDO_0035290,aHUS with complement gene abnormality,IRF8,ENSG00000140968,0.0542
MONDO_0035290,aHUS with complement gene abnormality,GAS6,ENSG00000183087,0.0542
MONDO_0035290,aHUS with complement gene abnormality,CLDN16,ENSG00000113946,0.0542
MONDO_0035290,aHUS with complement gene abnormality,C9orf72,ENSG00000147894,0.0542
MONDO_0035290,aHUS with complement gene abnormality,EXOC6,ENSG00000138190,0.0542
MONDO_0035290,aHUS with complement gene abnormality,INSR,ENSG00000171105,0.0542
MONDO_0035290,aHUS with complement gene abnormality,EPB41,ENSG00000159023,0.0542
MONDO_0035290,aHUS with complement gene abnormality,TSPAN32,ENSG00000064201,0.0541
MONDO_0035290,aHUS with complement gene abnormality,RASA3,ENSG00000185989,0.0541
MONDO_0035290,aHUS with complement gene abnormality,KCNE2,ENSG00000159197,0.054
MONDO_0035290,aHUS with complement gene abnormality,RXFP4,ENSG00000173080,0.054
MONDO_0035290,aHUS with complement gene abnormality,SYK,ENSG00000165025,0.0539
MONDO_0035290,aHUS with complement gene abnormality,SLC16A10,ENSG00000112394,0.0538
MONDO_0035290,aHUS with complement gene abnormality,VAV2,ENSG00000160293,0.0537
MONDO_0035290,aHUS with complement gene abnormality,CAV1,ENSG00000105974,0.0537
MONDO_0035290,aHUS with complement gene abnormality,ETV6,ENSG00000139083,0.0537
MONDO_0035290,aHUS with complement gene abnormality,RTN3,ENSG00000133318,0.0536
MONDO_0035290,aHUS with complement gene abnormality,PKD1,ENSG00000008710,0.0536
MONDO_0035290,aHUS with complement gene abnormality,MPV17,ENSG00000115204,0.0535
MONDO_0035290,aHUS with complement gene abnormality,VSIG4,ENSG00000155659,0.0535
MONDO_0035290,aHUS with complement gene abnormality,METTL5,ENSG00000138382,0.0534
MONDO_0035290,aHUS with complement gene abnormality,ZFP36L2,ENSG00000152518,0.0533
MONDO_0035290,aHUS with complement gene abnormality,ATG4B,ENSG00000168397,0.0533
MONDO_0035290,aHUS with complement gene abnormality,BDKRB2,ENSG00000168398,0.0532
MONDO_0035290,aHUS with complement gene abnormality,TNS2,ENSG00000111077,0.0532
MONDO_0035290,aHUS with complement gene abnormality,CRIM1,ENSG00000150938,0.0532
MONDO_0035290,aHUS with complement gene abnormality,ITGA1,ENSG00000213949,0.0531
MONDO_0035290,aHUS with complement gene abnormality,PKD2,ENSG00000118762,0.053
MONDO_0035290,aHUS with complement gene abnormality,MIR204,ENSG00000207935,0.053
MONDO_0035290,aHUS with complement gene abnormality,SLC5A10,ENSG00000154025,0.053
MONDO_0035290,aHUS with complement gene abnormality,ZNF880,ENSG00000221923,0.0529
MONDO_0035290,aHUS with complement gene abnormality,CXCR2,ENSG00000180871,0.0529
MONDO_0035290,aHUS with complement gene abnormality,KCNK5,ENSG00000164626,0.0529
MONDO_0035290,aHUS with complement gene abnormality,SLC12A3,ENSG00000070915,0.0529
MONDO_0035290,aHUS with complement gene abnormality,TP73,ENSG00000078900,0.0529
MONDO_0035290,aHUS with complement gene abnormality,CIMIP2B,ENSG00000215187,0.0529
MONDO_0035290,aHUS with complement gene abnormality,MYL12A,ENSG00000101608,0.0529
MONDO_0035290,aHUS with complement gene abnormality,MYL12B,ENSG00000118680,0.0529
MONDO_0035290,aHUS with complement gene abnormality,GPI,ENSG00000105220,0.0528
MONDO_0035290,aHUS with complement gene abnormality,INS,ENSG00000254647,0.0528
MONDO_0035290,aHUS with complement gene abnormality,GRAMD1C,ENSG00000178075,0.0528
MONDO_0035290,aHUS with complement gene abnormality,PIEZO1,ENSG00000103335,0.0528
MONDO_0035290,aHUS with complement gene abnormality,TAL1,ENSG00000162367,0.0528
MONDO_0035290,aHUS with complement gene abnormality,PDGFC,ENSG00000145431,0.0527
MONDO_0035290,aHUS with complement gene abnormality,SLC26A1,ENSG00000145217,0.0527
MONDO_0035290,aHUS with complement gene abnormality,URAHP,ENSG00000222019,0.0527
MONDO_0035290,aHUS with complement gene abnormality,ERMN,ENSG00000136541,0.0526
MONDO_0035290,aHUS with complement gene abnormality,KLHL3,ENSG00000146021,0.0525
MONDO_0035290,aHUS with complement gene abnormality,MPL,ENSG00000117400,0.0525
MONDO_0035290,aHUS with complement gene abnormality,SLC6A6,ENSG00000131389,0.0524
MONDO_0035290,aHUS with complement gene abnormality,GDNF,ENSG00000168621,0.0524
MONDO_0035290,aHUS with complement gene abnormality,BCL2L11,ENSG00000153094,0.0524
MONDO_0035290,aHUS with complement gene abnormality,CLDN7,ENSG00000181885,0.0522
MONDO_0035290,aHUS with complement gene abnormality,ERMP1,ENSG00000099219,0.0522
MONDO_0035290,aHUS with complement gene abnormality,PRKAG2,ENSG00000106617,0.0522
MONDO_0035290,aHUS with complement gene abnormality,FBXO10,ENSG00000147912,0.0522
MONDO_0035290,aHUS with complement gene abnormality,NT5E,ENSG00000135318,0.0521
MONDO_0035290,aHUS with complement gene abnormality,NMNAT3,ENSG00000163864,0.0521
MONDO_0035290,aHUS with complement gene abnormality,PIP4K2C,ENSG00000166908,0.052
MONDO_0035290,aHUS with complement gene abnormality,TFAP2B,ENSG00000008196,0.0519
MONDO_0035290,aHUS with complement gene abnormality,BSG,ENSG00000172270,0.0519
MONDO_0035290,aHUS with complement gene abnormality,WDR53,ENSG00000185798,0.0518
MONDO_0035290,aHUS with complement gene abnormality,DDR1,ENSG00000204580,0.0517
MONDO_0035290,aHUS with complement gene abnormality,PARP1,ENSG00000143799,0.0517
MONDO_0035290,aHUS with complement gene abnormality,GOLT1A,ENSG00000174567,0.0517
MONDO_0035290,aHUS with complement gene abnormality,FGL2,ENSG00000127951,0.0517
MONDO_0035290,aHUS with complement gene abnormality,IFNG,ENSG00000111537,0.0517
MONDO_0035290,aHUS with complement gene abnormality,VAV3,ENSG00000134215,0.0516
MONDO_0035290,aHUS with complement gene abnormality,USP33,ENSG00000077254,0.0516
MONDO_0035290,aHUS with complement gene abnormality,PPP1R15A,ENSG00000087074,0.0516
MONDO_0035290,aHUS with complement gene abnormality,KCNK1,ENSG00000135750,0.0516
MONDO_0035290,aHUS with complement gene abnormality,LEP,ENSG00000174697,0.0516
MONDO_0035290,aHUS with complement gene abnormality,MYBBP1A,ENSG00000132382,0.0515
MONDO_0035290,aHUS with complement gene abnormality,HSPA4L,ENSG00000164070,0.0514
MONDO_0035290,aHUS with complement gene abnormality,NFYA,ENSG00000001167,0.0513
MONDO_0035290,aHUS with complement gene abnormality,GRN,ENSG00000030582,0.0513
MONDO_0035290,aHUS with complement gene abnormality,CLEC10A,ENSG00000132514,0.0513
MONDO_0035290,aHUS with complement gene abnormality,AQP3,ENSG00000165272,0.0512
MONDO_0035290,aHUS with complement gene abnormality,BPGM,ENSG00000172331,0.0511
MONDO_0035290,aHUS with complement gene abnormality,SLC6A19,ENSG00000174358,0.0511
MONDO_0035290,aHUS with complement gene abnormality,SERPINA3,ENSG00000196136,0.0511
MONDO_0035290,aHUS with complement gene abnormality,GALNT3,ENSG00000115339,0.051
MONDO_0035290,aHUS with complement gene abnormality,SLC26A4,ENSG00000091137,0.051
MONDO_0035290,aHUS with complement gene abnormality,STUB1,ENSG00000103266,0.0509
MONDO_0035290,aHUS with complement gene abnormality,TLK1,ENSG00000198586,0.0509
MONDO_0035290,aHUS with complement gene abnormality,EPHX1,ENSG00000143819,0.0509
MONDO_0035290,aHUS with complement gene abnormality,TMEM218,ENSG00000150433,0.0509
MONDO_0035290,aHUS with complement gene abnormality,BIVM-ERCC5,ENSG00000270181,0.0508
MONDO_0035290,aHUS with complement gene abnormality,BIVM,ENSG00000134897,0.0508
MONDO_0035290,aHUS with complement gene abnormality,ERCC5,ENSG00000134899,0.0508
MONDO_0035290,aHUS with complement gene abnormality,GNB1L,ENSG00000185838,0.0508
MONDO_0035290,aHUS with complement gene abnormality,TULP3,ENSG00000078246,0.0507
MONDO_0035290,aHUS with complement gene abnormality,SCARB2,ENSG00000138760,0.0507
MONDO_0035290,aHUS with complement gene abnormality,TXNIP,ENSG00000265972,0.0507
MONDO_0035290,aHUS with complement gene abnormality,IL2,ENSG00000109471,0.0506
MONDO_0035290,aHUS with complement gene abnormality,ARHGDIA,ENSG00000141522,0.0506
MONDO_0035290,aHUS with complement gene abnormality,OIT3,ENSG00000138315,0.0506
MONDO_0035290,aHUS with complement gene abnormality,AQP4,ENSG00000171885,0.0505
MONDO_0035290,aHUS with complement gene abnormality,SLC13A1,ENSG00000081800,0.0505
MONDO_0035290,aHUS with complement gene abnormality,BICC1,ENSG00000122870,0.0504
MONDO_0035290,aHUS with complement gene abnormality,HDDC2,ENSG00000111906,0.0504
MONDO_0035290,aHUS with complement gene abnormality,SLCO1B1,ENSG00000134538,0.0502
MONDO_0035290,aHUS with complement gene abnormality,SLCO1B3-SLCO1B7,ENSG00000257046,0.0502
MONDO_0035290,aHUS with complement gene abnormality,SLCO1B3,ENSG00000111700,0.0502
MONDO_0035290,aHUS with complement gene abnormality,SLCO1B7,ENSG00000205754,0.0502
MONDO_0035290,aHUS with complement gene abnormality,ASL,ENSG00000126522,0.0502
MONDO_0035290,aHUS with complement gene abnormality,SERPINE1,ENSG00000106366,0.0502
MONDO_0035290,aHUS with complement gene abnormality,SLC46A1,ENSG00000076351,0.0501
MONDO_0035290,aHUS with complement gene abnormality,FSBP,ENSG00000265817,0.0501
MONDO_0035290,aHUS with complement gene abnormality,RUNX1,ENSG00000159216,0.0501
MONDO_0035290,aHUS with complement gene abnormality,AGXT2,ENSG00000113492,0.05
MONDO_0035290,aHUS with complement gene abnormality,BCL2L15,ENSG00000188761,0.05
